year,total_population_as_of_1_july_000,population_density_persons_km2,population_percent_annual_change,urban_population_percent_of_total_population,labor_forc_ea_calendar_year_000,employed,agriculture_forestry_and_fishing,mining_and_quarrying,manufacturing,electricity_gas_steam_and_air_conditioning_supply_water_supply_sewerage_waste_management_and_remediation_activities,construction,wholesale_and_retail_trade_repair_of_motor_vehicles_and_motorcycles,transportation_and_storage,accommodation_and_food_service_activities,other_services,underemployed,unemployed,unemployment_rate_percent,labor_force_participation_rate_percent,male,female,gdp_by_industrial_origin_at_current_market_prices,agriculture_forestry_and_fishing_2,mining_and_quarrying_2,manufacturing_2,electricity_gas_steam_and_air_conditioning_supplyc,construction_2,wholesale_and_retail_trade_repair_of_motor_vehicles_and_motorcyclesd,information_and_communication_2,financial_and_insurance_activities_2,real_estate_activities_2,professional_scientific_and_technical_activitiese,public_administration_and_defense_compulsory_social_securityf,other_service_activities,gross_value_added_at_basic_prices,taxes_less_subsidies_on_production_and_imports,statistical_discrepancy,net_factor_income_from_abroadg,gni,agriculture,industry,services,expenditure_on_gdp_at_current_market_pricesb,final_consumption_expenditure,household_final_consumption,npis_hs_final_consumption,government_final_consumptionh,gross_capital_formation,gross_fixed_capital_formation,publici,privatej,changes_in_inventories,acquisitions_less_disposals_of_valuables,exports_of_goods_and_services,exports_of_goods,exports_of_services,less_imports_of_goods_and_services,imports_of_goods,imports_of_services,household_final_consumption_2,government_final_consumption,gross_capital_formation_2,changes_in_inventories_2,exports_of_goods_and_services_2,imports_of_goods_and_services,gdp_by_industrial_origin_at_constant_2015_market_prices,agriculture_forestry_and_fishing_3,mining_and_quarrying_3,manufacturing_3,electricity_gas_steam_and_air_conditioning_supplyc_2,construction_3,wholesale_and_retail_trade_repair_of_motor_vehicles_and_motorcyclesd_2,information_and_communication_3,financial_and_insurance_activities_3,real_estate_activities_3,professional_scientific_and_technical_activitiese_2,public_administration_and_defense_compulsory_social_securityf_2,other_service_activities_2,gross_value_added_at_basic_prices_2,taxes_less_subsidies_on_production_and_imports_2,statistical_discrepancy_2,gdp,agriculture_2,industry_2,services_2,expenditure_on_gdp_at_constant_2015_pricesb,final_consumption_expenditure_2,household_final_consumption_3,npis_hs_final_consumption_2,government_final_consumptionh_2,gross_capital_formation_3,gross_fixed_capital_formation_2,publici_2,privatej_2,changes_in_inventories_3,acquisitions_less_disposals_of_valuables_2,exports_of_goods_and_services_3,exports_of_goods_2,exports_of_services_2,imports_of_goods_and_services_2,imports_of_goods_2,imports_of_services_2,household_final_consumption_4,government_final_consumption_2,gross_capital_formation_4,exports_of_goods_and_services_4,imports_of_goods_and_services_3,gross_capital_formation_5,gross_national_savingk,gross_domestic_savingl,net_factor_income_from_abroadg_2,net_current_transfers_from_abroad,gross_domestic_saving,gross_national_saving,gross_capital_formation_6,per_capita_gdp,per_capita_gni,gdp_by_industrial_origin_at_current_market_prices_2,gni_3,per_capita_gdp_2,agriculture_2014_2016_100,production,consumption,consumer_national_december_2012_august_2018_100,food_and_nonalcoholic_beverages,alcoholic_beverages_tobacco_and_narcotics,clothing_and_footwear,housing_water_electricity_gas_and_other_fuels,furnishings_household_equipment_and_routine_household_maintenance,health,transport,communication,recreation_and_culture,education_3,consumer_dili_december_2001_december_2012_august_2018_100,food_and_nonalcoholic_beverages_2,alcoholic_beverages_tobacco_and_narcotics_2,clothing_and_footwear_2,housing_water_electricity_gas_and_other_fuels_2,furnishings_household_equipment_and_routine_household_maintenance_2,health_2,transport_2,communication_2,recreation_and_culture_2,education_4,implicit_gdp_deflator_2015_100,consumer_price_index_national,food_and_nonalcoholic_beverages_price_index_national,implicit_gdp_deflator,foreign_assets_net,domestic_claims,net_claims_on_central_government,claims_on_state_and_local_government_units,claims_on_private_sector,broad_money_liabilities_m2,currency_outside_depository_corporations,transferable_deposits,other_deposits,liabilities_excluded_from_broad_moneym,money_supply_m2_percent_annual_change,m2_percent_of_gdp_at_current_market_prices,demand_deposits,savings_deposits,time_deposits,savings,time_6_months,time_12_months,revenue,taxes,taxes_on_income_profits_and_capital_gains,payable_by_individuals,payable_by_corporations_and_other_enterprises,taxes_on_goods_and_services,taxes_on_international_trade_and_transaction,other_taxes,grants,other_revenue,expense,compensation_of_employees,use_of_goods_and_services,interest,grants_2,social_benefits,other_expense,net_operating_balance,gross_operating_balance,net_gross_investment_in_nonfinancial_assets,expenditure,net_lending_net_borrowing,primary_balance,net_acquisition_of_financial_assets,domestic,external,net_incurrence_of_liabilities,domestic_2,external_2,revenue_2,taxes_2,taxes_payable_by_individuals,taxes_payable_by_corporations_and_other_enterprises,expenditure_2,net_lending_net_borrowing_2,primary_balance_2,total_expenditure,general_public_services,defense,public_order_and_safety,economic_affairs,environmental_protection,housing_and_community_amenities,health_3,recreation_culture_and_religion,education_5,social_protection,education_6,health_4,social_protection_2,exports_fobo,imports_cif,trade_balance,exports,imports,exports_total,x1_china_peoples_republic_of,x2_japan,x3_singapore,x4_korea_republic_of,x5_indonesia,x6_thailand,x7_malaysia,x8_australia,x9_united_states,x10_canada,imports_total,x1_indonesia,x2_china_peoples_republic_of,x3_singapore_2,x4_taipei_china,x5_india,x6_australia,x7_hong_kong_china,x8_malaysia,x9_viet_nam,x10_united_states,current_account,balance_on_goods,exports_2,imports_2,balance_on_services,credit,debit,balance_on_primary_income,credit_2,debit_2,balance_on_secondary_income,credit_3,debit_3,capital_account,credit_4,financial_account,direct_investment,portfolio_investment,other_investment,reserve_assetsq,net_errors_and_omissions,overall_balance,reserves_and_related_itemsr,international_investment_position,exports_3,imports_3,balance_on_goods_2,balance_on_services_2,current_account_balance,overall_balance_2,total,foreign_exchange,reserve_position_in_the_imf,sd_rs,exchange_rat_es,total_debt_outstanding_and_disbursed,long_term_debt,public_and_publicly_guaranteed,short_term_debt,use_of_imf_credit,external_debt_percent_of_gni,short_term_debt_percent_of_total_debt,debt_service_percent_of_exports_of_goods_and_services,principal_repayments_on_long_term_debt,interest_on_long_term_debt,interest_on_short_term_debt,interest_rate_percent_per_annum,maturity_years,grace_period_years,grant_element_percent
2000,884.36599999999999,59.154563636832997,1.285936473,24.3,NA,NA,NA,NA,NA,NA,NA,NA,NA,NA,NA,NA,NA,NA,NA,NA,NA,366.92427650000002,104.3066333,3.7545047610000002,9.2993542589999993,2.6482000000000001,43.321208779999999,70.419629130000004,3.36137766,2.852433,55.96694918,2.1651924189999998,27.79063395,25.001981829999998,350.88809830000002,5.0737905359999997,10.96238767,148.33907379999999,515.26335029999996,29.7,16.8,53.5,366.92427650000002,810.4665536,311.01694070000002,10.262136419999999,489.18747639999998,123.03405720000001,139.3209243,107.1580125,32.162911800000003,-16.45341359,0.16654649599999999,38.960252539999999,14.991905259999999,23.96834728,605.53658680000001,64.667029709999994,540.86955709999995,84.763249689999995,133.3210986,33.531184789999998,-4.4841441790000003,10.61806346,165.03039609999999,832.68382410000004,238.9129848,7.0917394629999997,17.693377099999999,6.1089822150000002,217.02426389999999,159.26745339999999,1.564183315,6.689997194,72.720292130000004,4.3550642789999996,66.291703999999996,29.889991739999999,827.61003359999995,5.0737905359999997,NA,NA,NA,NA,NA,832.68382410000004,1518.2933820000001,729.35425910000004,20.373247360000001,768.56587560000003,199.2163773,237.3379224,181.02801389999999,56.30990843,-38.483712500000003,0.36216739999999997,52.051596859999997,15.100483669999999,36.951113190000001,936.87753210000005,57.889798640000002,878.98773349999999,NA,NA,NA,NA,NA,123.03405720000001,57.710729499999999,-454.51576469999998,148.33907379999999,363.8874204,-123.8386905,15.728239638567,33.522217959999999,417.73791668564002,586.61978038616996,366.92427650000002,504.30096259999999,417.73791668564002,83.98,NA,NA,NA,NA,NA,NA,NA,NA,NA,NA,NA,NA,NA,109.6,NA,NA,NA,NA,NA,NA,NA,NA,NA,NA,44.075648469999997,NA,NA,NA,NA,NA,NA,NA,NA,NA,NA,NA,NA,NA,NA,NA,19.3,NA,0.7,NA,NA,NA,NA,NA,NA,NA,NA,NA,NA,NA,NA,NA,NA,NA,NA,NA,NA,NA,NA,NA,NA,NA,NA,NA,NA,NA,NA,NA,NA,NA,NA,NA,NA,NA,NA,NA,NA,NA,50.534861100000001,19.231167809999999,2.264683298,4.5443325059999999,10.32189825,2.9314026E-2,1.0256435669999999,5.90931505,0.37446022400000001,6.480834787,0.353211583,1.7662594715233999,1.6104998847084999,9.6262800152990005E-2,NA,NA,NA,NA,NA,NA,NA,NA,NA,NA,NA,NA,NA,NA,NA,NA,NA,NA,NA,NA,NA,NA,NA,NA,NA,NA,NA,NA,NA,NA,NA,NA,NA,NA,NA,NA,NA,NA,NA,NA,NA,NA,NA,NA,NA,NA,NA,NA,NA,NA,NA,NA,NA,NA,NA,NA,NA,NA,NA,NA,NA,1,NA,NA,NA,NA,NA,NA,NA,NA,NA,NA,NA,NA,NA,NA,NA
2001,901.21400000000006,60.281513438333,1.9050935924718999,24.6,NA,NA,NA,NA,NA,NA,NA,NA,NA,NA,NA,NA,NA,NA,56,76.2,35.6,477.35925259999999,102.9149096,3.9557140560000001,11.925945219999999,1.3952518840000001,45.642854489999998,106.2648743,5.6141227200000001,6.0830097399999996,70.294737420000004,2.6961345630000002,38.374611430000002,54.606308540000001,449.7684739,7.6695847510000004,19.921193949999999,155.46503709999999,632.82428970000001,22.9,14,63.1,477.35925259999999,1043.4561619999999,378.42489849999998,14.03555442,650.99570900000003,144.21051790000001,152.31836960000001,117.7459382,34.572431360000003,-8.3084045199999998,0.20055282899999999,42.828887510000001,11.76592857,31.062958940000001,753.13631469999996,47.4318612,705.7044535,79.274654560000002,136.37437750000001,30.210060259999999,-1.7404930300000001,8.9720451170000004,157.77138719999999,968.80840750000004,236.57992719999999,7.0386212520000004,21.214411380000001,3.0323780569999998,208.18366510000001,228.30404010000001,2.6941460359999998,13.35709709,85.241441800000004,5.2061495510000002,84.836021689999995,65.45092339,961.13882279999996,7.6695847510000004,NA,16.347691579999999,-0.97653025599999999,-3.4080923909999998,42.34746466,968.80840750000004,1877.757437,823.19025269999997,26.380875440000001,1028.1863089999999,220.11750079999999,239.06958040000001,179.4300016,59.639578759999999,-19.36038559,0.40830597499999999,64.140636810000004,16.33299118,47.807645630000003,1193.207167,49.89960275,1143.3075650000001,12.86562633,33.779854370000002,10.491669310000001,23.2251087,27.359993859999999,144.21051790000001,104.93964920000001,-586.0166974,155.46503709999999,535.49130950000006,-122.74053259999999,21.983369679843999,30.204729390000001,534.55623521138,708.64902693277998,477.35925259999999,612.90309579999996,534.55623521138,85.48,NA,NA,NA,NA,NA,NA,NA,NA,NA,NA,NA,NA,NA,113.5,NA,NA,NA,NA,NA,NA,NA,NA,NA,NA,49.272823080000002,NA,NA,11.791487568328,NA,NA,NA,NA,NA,NA,NA,NA,NA,NA,NA,NA,36.9,8.1999999999999993,6,NA,NA,NA,NA,NA,NA,NA,NA,NA,NA,NA,NA,NA,NA,NA,NA,NA,NA,NA,NA,NA,NA,NA,NA,NA,NA,NA,NA,NA,NA,NA,NA,NA,NA,NA,NA,NA,NA,NA,50.718343269999998,16.714844190000001,2.7156609610000002,5.2777418000000003,10.348621209999999,3.5543261999999999E-2,0.91836566799999997,5.9460775349999997,0.451401791,7.8923504009999998,0.417736459,1.6533355869847,1.2456189971419001,8.7509869500747003E-2,NA,NA,NA,NA,NA,NA,NA,NA,NA,NA,NA,NA,NA,NA,NA,NA,NA,NA,NA,NA,NA,NA,NA,NA,NA,NA,NA,NA,NA,NA,NA,NA,NA,NA,NA,NA,NA,NA,NA,NA,NA,NA,NA,NA,NA,NA,NA,NA,NA,NA,NA,NA,NA,NA,NA,NA,NA,NA,NA,NA,NA,1,NA,NA,NA,NA,NA,NA,NA,NA,NA,NA,NA,NA,NA,NA,NA
2002,909.63800000000003,60.84498834,0.93473914075900999,25,NA,NA,NA,NA,NA,NA,NA,NA,NA,NA,NA,NA,NA,NA,NA,NA,NA,469.45549080000001,115.8394449,3.2845138629999999,12.081013860000001,2.6964590940000002,37.89823689,103.31849320000001,7.3839606609999997,6.2064375600000004,72.808009889999994,2.4932065190000001,43.610311299999999,38.08456047,445.70464820000001,11.72968884,12.02115375,290.02749089999998,759.48298160000002,26,12.6,61.5,469.45549080000001,1112.071537,403.26287359999998,15.25851639,693.55014700000004,131.02249950000001,128.4266973,95.67148478,32.755212540000002,2.4261816459999999,0.169620561,36.638375480000001,8.1701091009999995,28.468266379999999,810.27692130000003,68.289018859999999,741.98790240000005,85.900129300000003,147.73501659999999,27.909461520000001,0.51680759799999998,7.8044407189999996,172.59930650000001,903.89151400000003,250.69195629999999,5.4561693739999999,20.10396497,5.4632400820000004,154.754593,209.91173040000001,3.615851374,12.62502138,84.118051600000001,4.8792086750000001,94.806125539999996,45.735912489999997,892.16182519999995,11.72968884,NA,-6.7006946889999996,5.9650153990000003,-22.420894329999999,-6.0603041019999999,903.89151400000003,1849.1147169999999,808.71504530000004,26.927495440000001,1013.472177,228.86727740000001,224.26932619999999,170.08157979999999,54.18774638,4.2780384109999998,0.319912788,58.766353379999998,16.294771449999999,42.471581929999999,1232.8568339999999,136.57305830000001,1096.283776,-1.758427942,-1.431076496,3.9750481309999999,-8.3789056290000001,3.3229490859999999,131.02249950000001,71.811788399999998,-654.36274760000003,290.02749089999998,436.14704510000001,-139.3724004,15.296825749684,27.906417860000001,516.14674474901005,834.92881959636998,469.45549080000001,747.4618279,516.14674474901005,92.77,NA,NA,NA,NA,NA,NA,NA,NA,NA,NA,NA,NA,NA,48.733333330000001,44.916666669999998,57.408333329999998,38.783333329999998,49.633333329999999,89.275000000000006,57.441666669999996,46.791666669999998,102.7166667,84.941666670000004,88.858333329999994,51.937149920000003,NA,NA,5.4072948890000001,70.150980829999995,-38.571494039999997,-44.96314228,NA,6.3916482400000003,43.672832839999998,NA,37.623379819999997,6.0494530199999996,-12.093346049999999,NA,9.3028697492869998,48.890909999999998,NA,5.7182399999999998,0.2,0.48,NA,NA,NA,NA,NA,NA,NA,NA,NA,NA,NA,NA,NA,NA,NA,NA,NA,NA,NA,NA,NA,NA,NA,NA,NA,NA,NA,NA,NA,NA,NA,NA,NA,NA,NA,NA,NA,56.09712064,15.531613119999999,3.3859771460000001,6.5408013489999997,11.70284633,4.4861395999999998E-2,0.96649012000000001,6.7726035319999998,0.56677508600000004,10.072387429999999,0.51276512600000002,2.1455468361516998,1.4426508294660001,0.10922550402514,NA,NA,NA,NA,NA,7.8869999999999999E-3,NA,NA,NA,NA,NA,NA,NA,NA,NA,NA,NA,NA,NA,NA,NA,NA,NA,NA,NA,NA,NA,NA,NA,NA,NA,NA,NA,NA,NA,NA,NA,NA,NA,NA,NA,NA,NA,NA,NA,NA,NA,NA,NA,NA,NA,NA,NA,NA,NA,NA,NA,43.468355213187998,43.466995689999997,1.3595231880275001E-3,NA,1,NA,NA,NA,NA,NA,NA,NA,NA,NA,NA,NA,NA,NA,NA,NA
2003,926.72199999999998,61.987724,1.878109754,25.3,NA,NA,NA,NA,NA,NA,NA,NA,NA,NA,NA,NA,NA,NA,NA,NA,NA,490.4391162,121.99023029999999,2.6894823360000002,12.867054850000001,3.3138576099999999,31.032488499999999,107.26224329999999,9.8053204229999995,5.6900222530000004,70.240794320000006,2.4856624639999998,49.902880250000003,45.856231559999998,463.1362681,14.92320842,12.37963963,171.59708269999999,662.03619879999997,26.3,10.8,62.9,490.4391162,913.5740078,396.9471484,15.087439270000001,501.5394202,109.3830353,106.2977875,74.473722550000005,31.824064910000001,2.935622731,0.14962506,33.673885630000001,7.2584756329999998,26.415410000000001,566.19181249999997,44.274999999999999,521.91681249999999,80.937089900000004,102.26333990000001,22.303081389999999,0.59857026800000002,6.8660684920000001,115.445892,884.16618559999995,248.36788419999999,4.3332087030000004,20.14005001,6.3091141359999998,123.0473188,203.60721000000001,4.9387531689999999,10.808171489999999,82.835340160000001,4.775005299,105.16347349999999,54.917447760000002,869.24297720000004,14.92320842,NA,-2.1822672380000001,-0.92706289099999994,-17.197020819999999,2.4914859890000001,884.16618559999995,1528.23767,753.75396149999995,25.14394317,749.33976570000004,180.60554930000001,173.61925729999999,123.5358025,50.083454770000003,6.7356363650000004,0.25065563099999999,54.129310930000003,13.867980530000001,40.261330409999999,878.8063449,112.8689351,765.93740979999995,-6.7961000760000001,-26.062127499999999,-21.087212050000002,-7.8906418089999999,-28.717891590000001,109.3830353,78.456005270000006,-423.1348916,171.59708269999999,329.9938143,-86.276742139999996,15.99709376,22.303081389999999,529.21924390000004,714.38489519999996,490.4391162,649.65655919999995,529.21924390000004,90.32,NA,NA,NA,NA,NA,NA,NA,NA,NA,NA,NA,NA,NA,52.225000000000001,48.258333329999999,66.108333329999994,43.266666669999999,52.583333330000002,91.816666670000004,57.916666669999998,49.033333329999998,99.8,89.358333329999994,90.974999999999994,55.469110239999999,NA,NA,6.8004507719999996,108.0529358,-34.660268930000001,-61.022989119999998,NA,26.362720190000001,61.625814660000003,0.60309365000000004,32.091739859999997,28.930981150000001,11.766852200000001,41.10789398,12.565436284423001,43.80406,18.28049,10.23878,0.75,1.1517500000000001,1.26092,NA,NA,NA,NA,NA,NA,NA,NA,NA,NA,NA,NA,NA,NA,NA,NA,NA,NA,NA,NA,NA,NA,NA,NA,NA,NA,NA,NA,NA,NA,NA,NA,NA,NA,NA,NA,59.464625310000002,13.952881319999999,3.8775421680000002,7.5452158709999999,12.55612586,5.2177553000000002E-2,0.98865557400000004,7.3485425590000002,0.65525577499999998,11.91293877,0.57528986599999998,2.4290352005981002,1.4983597996705,0.11730097518677,NA,NA,NA,NA,NA,29.020443,NA,1.2738400000000001,0.34310299999999999,NA,NA,7.5251999999999999E-2,2.0209990000000002,15.060573,1.1953769999999999,NA,NA,NA,NA,NA,NA,NA,NA,NA,NA,NA,NA,NA,NA,NA,NA,NA,NA,NA,NA,NA,NA,NA,NA,NA,NA,NA,NA,NA,NA,NA,NA,NA,NA,NA,NA,NA,NA,NA,NA,NA,NA,61.303449370212,61.301963399999998,1.4859702122411E-3,NA,1,NA,NA,NA,NA,NA,NA,NA,NA,NA,NA,NA,NA,NA,NA,NA
2004,945.98800000000006,63.276411969999998,2.0789406100000001,25.7,NA,NA,NA,NA,NA,NA,NA,NA,NA,NA,NA,NA,NA,7.2,60.2,NA,NA,440.77196220000002,135.70668810000001,2.1237752790000002,11.00768691,2.6183894510000001,8.4785048090000004,83.030732439999994,24.911420100000001,4.973046461,73.862115880000005,2.5348245920000001,56.099861830000002,19.804731440000001,425.15177729999999,15.62018494,NA,240.4168138,681.18877599999996,31.9,5.7,62.4,440.77196220000002,772.62427590000004,412.24716560000002,17.177150990000001,343.19995929999999,75.341491219999995,73.395807770000005,36.150826790000004,37.24498097,1.817564046,0.12811940899999999,32.945213840000001,7.2592020279999998,25.68601181,440.13901870000001,105.0844324,335.05458629999998,93.528445750000003,77.863382590000001,17.09307707,0.41235927,7.4744350050000001,99.856401140000003,887.70285039999999,261.34189850000001,3.2161638130000001,18.582448629999998,4.8626744080000002,28.405704719999999,245.3409982,12.60669511,9.1568748119999999,88.264114289999995,4.7941820269999997,112.74759229999999,86.672821760000005,875.99216860000001,11.710681790000001,NA,0.4,5.2237084969999996,-64.202625010000006,19.813465010000002,887.70285039999999,1337.719114,767.4023029,27.951850060000002,542.36496139999997,122.26686170000001,117.7988933,59.66029683,58.138596470000003,4.2578291960000003,0.21013921599999999,48.334298609999998,12.010014869999999,36.324283739999998,620.6174244,140.16569079999999,480.45173360000001,1.810715716,-27.620955639999998,-32.301713769999999,-10.705867530000001,-29.379501189999999,75.341491219999995,166.3691752,-331.85231370000002,240.4168138,257.8046751,-75.288889060000002,37.744954190000001,17.09307707,465.9382172,720.0818362,440.77196220000002,681.18877599999996,465.9382172,90.53,NA,NA,57.375,51.95,58.975000000000001,64.400000000000006,58.5,93.55,61.95,55.55,96.2,96.7,94,53.9,50.658333329999998,65.400000000000006,44.008333329999999,54.258333329999999,90.308333329999996,60.066666669999996,49.85,97.966666669999995,89.6,86.408333330000005,49.653097549999998,NA,NA,-10.48513788,183.73973609999999,-98.438379130000001,-186.82076380000001,NA,88.382384619999996,65.88747438,1.1044989999999999,31.18713194,33.595843440000003,19.413882600000001,6.9153807430000001,14.948199983306001,50.906410000000001,26.84,6.78,0.79083000000000003,1.1715,1.2809200000000001,NA,NA,NA,NA,NA,NA,NA,NA,NA,NA,NA,NA,NA,NA,NA,NA,NA,NA,NA,NA,NA,NA,NA,NA,NA,NA,NA,NA,NA,NA,NA,NA,NA,NA,NA,NA,62.417784930000003,14.48980665,4.1174140860000001,8.0208222659999997,13.018312,5.5645627000000003E-2,1.004799826,7.6454350140000003,0.69762021200000002,12.7606152,0.60731404899999997,2.8950605515625001,1.734555659085,0.13778418345140001,NA,NA,NA,NA,NA,110.06630199999999,9.8429999999999993E-3,24.114001999999999,0.986622,6.3340000000000002E-3,2.6294249999999999,0.22575600000000001,1.703468,44.068691999999999,4.3383419999999999,2.7682669999999998,114.10662499999999,60.199865000000003,1.1491370000000001,15.153788,1.1220000000000001E-2,1.143354,20.050794,0.31400800000000001,0.70935899999999996,5.2418909999999999,0.61814800000000003,NA,NA,NA,NA,NA,NA,NA,NA,NA,NA,NA,NA,NA,NA,NA,NA,NA,NA,NA,NA,NA,NA,NA,NA,NA,NA,NA,NA,NA,NA,182.43388200723999,182.43232900000001,1.5530072432258001E-3,NA,1,NA,NA,NA,NA,NA,NA,NA,NA,NA,NA,NA,NA,NA,NA,NA
2005,969.31399999999996,64.836670220000002,2.4657818069999999,26,NA,NA,NA,NA,NA,NA,NA,NA,NA,NA,NA,NA,NA,NA,NA,NA,NA,462.26795399999997,133.65331090000001,1.9442838410000001,11.31592433,2.1565915840000001,9.0486204790000002,97.401437659999999,25.993607879999999,4.2907576880000002,74.391008859999999,2.7331199160000001,59.295662270000001,27.877258990000001,450.10158439999998,12.166369619999999,NA,382.72447840000001,844.99243239999998,29.7,5.4,64.900000000000006,462.26795399999997,668.47432289999995,409.69189119999999,15.44264907,243.33978260000001,72.995758660000007,72.287351709999996,33.628492940000001,38.658858770000002,0.602502019,0.105904927,32.9896107,8.3701781900000007,24.619432509999999,312.19173819999997,91.944096709999997,220.24764149999999,88.626496309999993,52.640417859999999,15.790789309999999,0.13033609900000001,7.1364693170000004,67.534800000000004,914.19714539999995,267.17219699999998,2.5558791059999999,17.17527552,3.747848254,27.410418839999998,256.2316265,13.15253416,7.7578669470000001,90.265048030000003,5.1274674080000002,113.730075,97.856930270000007,902.18316709999999,12.01397837,NA,2.9845905130000001,2.230908431,-7.5863411640000002,4.3850970560000002,914.19714539999995,1172.9795429999999,758.38167650000003,24.69293978,389.90492710000001,112.53399,110.8958019,53.214008380000003,57.681793509999999,1.4672325180000001,0.170955569,43.210553320000002,11.614834480000001,31.59571884,414.52694120000001,105.0973494,309.42959180000003,-1.17547555,-28.110229310000001,-7.9603513120000002,-10.600640609999999,-33.20733113,72.995758660000007,344.54315120000001,-206.2063689,382.72447840000001,168.0250417,-44.607541380000001,74.533211350000002,15.790789309999999,476.90217410000002,871.74272980000001,462.26795399999997,844.99243239999998,476.90217410000002,96.28,NA,NA,58.3,51.95,61.725000000000001,65.125,62.325000000000003,92.474999999999994,68.724999999999994,61.475000000000001,96.3,95.9,91.724999999999994,54.524999999999999,50.033333329999998,67.808333329999996,44.808333330000004,58.575000000000003,88.641666670000006,66.400000000000006,56.691666669999996,97.8,89.516666670000006,85.6,50.56545586,1.612200436,NA,1.8374650429999999,159.06593720000001,-45.399298139999999,-151.30900639999999,NA,105.90970830000001,77.943695410000004,1.7899929999999999,37.703803350000001,38.44989906,35.722943630000003,18.29819878,16.861150494114,60.663469999999997,29.89,8.59,0.75283,1.17683,1.28467,NA,NA,NA,NA,NA,NA,NA,NA,NA,NA,NA,NA,NA,NA,NA,NA,NA,NA,NA,NA,NA,NA,NA,NA,NA,NA,NA,NA,NA,NA,NA,NA,NA,NA,NA,NA,76.994558839999996,20.698226999999999,4.7325855409999997,9.0003954109999995,16.495840080000001,6.1898873E-2,1.357945782,9.4615538529999998,0.78569498500000001,13.67179836,0.72861896599999998,2.9575483746381002,2.0467682804159999,0.15761831632396001,NA,NA,NA,NA,NA,36.511265999999999,4.66E-4,9.5061000000000007E-2,4.4205000000000001E-2,3.7206000000000003E-2,0.42327399999999998,4.37E-4,1.0531E-2,17.126332999999999,1.266858,7.3879999999999996E-3,179.678461,55.862583999999998,0.91125100000000003,1.245709,27.764002999999999,1.279177,1.388191,9.9130059999999993,27.690190999999999,12.702177000000001,8.8054860000000001,NA,NA,NA,NA,NA,NA,NA,NA,NA,NA,NA,NA,NA,NA,NA,NA,NA,NA,NA,NA,NA,NA,NA,NA,NA,NA,NA,NA,NA,NA,153.29984826564001,153.298419,1.4292656433124999E-3,NA,1,NA,NA,NA,NA,NA,NA,NA,NA,NA,NA,NA,NA,NA,NA,NA
2006,994.56399999999996,66.525623359999997,2.6049350370000002,26.4,NA,NA,NA,NA,NA,NA,NA,NA,NA,NA,NA,NA,NA,NA,NA,NA,NA,453.79241459999997,146.14058890000001,2.2480623290000001,11.36589429,0.32727055199999999,8.9267965139999994,96.244301100000001,35.16507395,4.3254111120000003,61.875261190000003,2.5234860449999998,61.029048709999998,25.08553139,455.25672609999998,-1.46431149,NA,847.24272810000002,1301.0351430000001,32.1,5,62.9,453.79241459999997,763.64133600000002,377.0098246,12.633919479999999,373.99759189999997,55.077730950000003,54.293771679999999,36.835087809999997,17.458683870000002,0.71505669999999999,6.8902563999999999E-2,41.881929530000001,9.4121366969999993,32.469792839999997,406.80858189999998,88.34735508,318.46122680000002,83.079798710000006,82.416007820000004,12.13720837,0.15757352399999999,9.2293145909999996,89.64640412,876.56794260000004,282.96274779999999,2.587052645,16.74973198,0.53691798400000001,24.340174749999999,232.9269357,17.239931760000001,7.5096152040000002,74.971967509999999,4.9684761709999998,127.3954178,83.095520539999995,875.28448990000004,1.2834527149999999,NA,-4.116092793,5.9102522720000001,-13.117744589999999,-6.165443432,876.56794260000004,1233.081594,671.54972699999996,19.466973500000002,542.06489390000002,82.458009570000002,80.645792420000006,56.69630918,23.949483239999999,1.7034690690000001,0.10874808,52.205508739999999,13.60830996,38.597198779999999,491.17716999999999,87.806809569999999,403.3703605,-11.449637060000001,39.024889459999997,-26.726129960000002,20.81657079,18.49101258,55.077730950000003,799.02861150000001,-309.84892139999999,847.24272810000002,261.63480470000002,-68.279881160000002,176.07800080000001,12.13720837,456.27271309999998,1308.1462260000001,453.79241459999997,1301.0351430000001,456.27271309999998,99.18,71.957999999999998,26.297000000000001,61.35,54.875,66.974999999999994,66.125,66.400000000000006,92.3,74.125,68.400000000000006,100.425,98.125,91.674999999999997,56.658333329999998,52.258333329999999,70.358333329999994,45.875,61.858333330000001,86.983333329999994,70.724999999999994,60.65,99.791666669999998,90.041666669999998,84.258333329999999,51.769223189999998,5.2315608920000001,5.6304138589999999,2.3806120370000001,113.1792537,28.274576140000001,-83.185345949999999,NA,111.4599221,99.893953640000007,1.8107893900000001,51.76344546,46.319718790000003,41.559876189999997,28.16168532,22.013138700887001,78.743979999999993,37.39,8.9600000000000009,0.65125,1.1819999999999999,1.288,NA,NA,NA,NA,NA,NA,NA,NA,NA,NA,NA,NA,NA,NA,NA,NA,NA,NA,NA,NA,NA,NA,NA,NA,NA,NA,NA,NA,NA,NA,NA,NA,NA,NA,NA,NA,124.57665590000001,34.200799930000002,5.9004549989999999,10.836764499999999,40.621578990000003,8.8742000000000001E-2,1.9787505000000001,11.704924999999999,1.3881865,17.445779999999999,0.41067350000000002,3.8444406382106999,2.5793566889648001,9.0497792198938998E-2,8,58,-50,NA,NA,33.171740999999997,3.1196999999999999E-2,1.9149080000000001,NA,NA,7.0125999999999994E-2,3.3450000000000001E-2,1.6490000000000001E-3,16.208753000000002,NA,3.7390000000000001E-3,314.56194699999998,129.052595,1.4820709999999999,NA,30.278088,3.0130080000000001,13.264488,10.780367999999999,29.518204999999998,30.818784999999998,12.244071999999999,543.57858209999995,-103.8924698,9.2527641260000006,-113.14523389999999,-287.69175259999997,34.090316620000003,-321.78206920000002,676.87934329999996,679.21837459999995,-2.3390312799999999,258.28346110000001,275.26377969999999,-16.98031851,41.59240338,41.59240338,-649.1422675,8.478084462,-636.678,-20.94235201,NA,-5.5733734110000004,-69.544655500000005,69.544655500000005,NA,2.0389860712317001,24.933258084477,-22.894272018974998,-63.397214969666003,119.78573563843,-15.325213305141,83.755117641880005,83.753613240000007,1.5044018799005999E-3,NA,1,NA,NA,NA,NA,NA,NA,NA,NA,NA,NA,NA,NA,NA,NA,NA
2007,1019.362,68.184342569999998,2.4933538720000001,26.7,NA,NA,NA,NA,NA,NA,NA,NA,NA,NA,NA,NA,NA,NA,NA,NA,NA,542.79544650000003,162.82456440000001,1.517810667,11.21314398,0.44108204600000001,15.678605429999999,117.8007913,47.602697300000003,3.4957495629999999,71.424077220000001,2.9450707459999999,70.866474019999998,27.506326659999999,533.31639329999996,9.4790532150000004,NA,1426.5877780000001,1969.383225,30.5,5.4,64.099999999999994,542.79544650000003,1031.871674,443.6926029,17.20144612,570.97762450000005,101.30594739999999,100.4802428,59.350773099999998,41.129469739999998,0.76011952800000004,6.5585065999999997E-2,54.263045329999997,9.0338256500000007,45.22921968,644.64521979999995,127.9666781,516.67854160000002,81.742137990000003,105.1920439,18.663743050000001,0.140037934,9.9969603060000001,118.7639329,966.5509591,278.87918860000002,1.7893599229999999,15.95598897,0.68488791800000004,45.666615620000002,261.46389060000001,23.039868089999999,5.568425671,83.779067729999994,5.6204481570000002,143.7419477,89.508354539999999,955.69804350000004,10.852915619999999,NA,10.26537843,-1.4431437469999999,44.969987369999998,11.788580659999999,966.5509591,1497.6066410000001,706.75143530000003,24.758821999999999,766.09638370000005,142.81038749999999,140.959373,87.813398239999998,53.145974780000003,1.7565516189999999,9.4462824000000001E-2,69.01938285,13.85233165,55.167051200000003,742.88545220000003,119.60225920000001,623.28319299999998,5.2418617640000003,41.329274839999997,73.191650170000003,32.20708793,51.245924590000001,101.30594739999999,1352.9581189999999,-489.07622700000002,1426.5877780000001,415.44656730000003,-90.103229519999999,249.25745549999999,18.663743050000001,532.48546299999998,1931.9763,542.79544650000003,1969.383225,532.48546299999998,96.61,91.789000000000001,38.110999999999997,66.650000000000006,61.9,69.474999999999994,69.400000000000006,69.849999999999994,92,77,69.674999999999997,100.75,94.974999999999994,93.2,62.483333330000001,59.466666670000002,71.691666670000004,50.9,66.258333329999999,86.474999999999994,76.791666669999998,64.95,100.0666667,88.558333329999996,88.216666669999995,56.157975049999997,8.6389568049999994,12.801822319999999,8.4775308509999991,318.13812410000003,-118.1266036,-218.62875030000001,NA,100.50214680000001,143.71435310000001,2.2726965200000002,73.198691870000005,68.242964709999995,56.297167450000003,43.866918730000002,26.476705732645001,101.73693,49.492379999999997,17.7,0.74,1.16292,1.27542,NA,NA,NA,NA,NA,NA,NA,NA,NA,NA,NA,NA,NA,NA,NA,NA,NA,NA,NA,NA,NA,NA,NA,NA,NA,NA,NA,NA,NA,NA,NA,NA,NA,NA,NA,NA,147.76649190000001,40.748842099999997,9.6628785340000007,10.71363654,51.131300379999999,0.10682306599999999,1.7696411510000001,10.78161448,2.3119945550000001,19.82108796,0.71867313499999996,3.6516680616627002,1.9863126246767,0.1324026997752,1,62,-61,-87.5,6.896551724,34.370781000000001,NA,3.0550470000000001,NA,NA,8.9825000000000002E-2,0.15407899999999999,2.5189E-2,17.13599,0.3,5.1529999999999996E-3,371.16537299999999,162.11757299999999,NA,NA,30.278088,3.78498,22.151955000000001,10.780367999999999,30.826198999999999,38.714964000000002,11.544072,1167.3756390000001,-169.0169817,6.6484181649999998,-175.66539990000001,-227.78738469999999,59.221822889999999,-287.00920760000002,1330.868389,1336.2687920000001,-5.4004032720000001,233.31161660000001,242.972025,-9.6604083710000008,32.21709989,32.21709989,-1053.9564869999999,8.6950616879999991,-1012.079,-50.572549070000001,NA,0.88036703299999997,146.51661870000001,-146.51661870000001,NA,1.224847815,32.363093874995997,-31.138246053801002,-41.965603464213999,215.06732352442,26.992971227881998,230.27166043816001,230.27008018999999,1.5802481621714E-3,NA,1,NA,NA,NA,NA,NA,NA,NA,NA,NA,NA,NA,NA,NA,NA,NA
2008,1043.076,69.770553840000005,2.3263570740000001,27,NA,NA,NA,NA,NA,NA,NA,NA,NA,NA,NA,NA,NA,NA,NA,NA,NA,648.52357129999996,195.56563689999999,1.4171655379999999,10.919395120000001,0.57640723000000005,37.039635879999999,136.5147868,58.10353611,3.18874295,76.887892829999998,4.226164839,94.305530950000005,31.647084710000001,650.39197979999994,-1.8684084599999999,NA,2615.0355730000001,3263.5591439999998,30.1,7.7,62.3,648.52357129999996,1201.263706,458.4795464,19.048583699999998,723.73557540000002,203.16550889999999,202.25342670000001,142.85573930000001,59.397687339999997,0.83532155900000005,7.6760673000000001E-2,60.613736060000001,13.38227985,47.231456209999997,816.51937910000004,229.96863300000001,586.55074609999997,70.695895519999993,111.5974203,31.32739007,0.128803577,9.34641989,125.90434879999999,1076.6875889999999,296.67519490000001,1.595026982,14.796202879999999,0.824605382,110.4455541,264.01087530000001,28.305624309999999,4.7176691120000003,86.319851729999996,6.5813210270000004,149.97926810000001,86.484331650000001,1050.7355254730001,25.952063800000001,NA,11.394808429999999,6.3812600750000001,99.169513870000003,2.2321605330000001,1076.6875889999999,1563.813202,664.45602259999998,25.784398939999999,873.57278059999999,267.52250500000002,265.60740779999998,192.7025142,72.90489359,1.8112978070000001,0.103799404,83.759526789999995,32.049581910000001,51.709944880000002,838.40764460000003,180.14647690000001,658.26116769999999,-5.9844820480000003,14.029095979999999,87.327063370000005,21.356528170000001,12.85826666,203.16550889999999,2484.052846,-552.74013420000006,2615.0355730000001,421.7574075,-85.230538809999999,383.03200620000001,31.32739007,621.74143719999995,3128.7836590000002,648.52357129999996,3263.5591439999998,621.74143719999995,104.65,110.514,46.247999999999998,71.599999999999994,67.3,71.7,72.025000000000006,76.3,92.474999999999994,78.775000000000006,83.85,100,95.55,94.125,68.141666670000006,65.366666670000001,73.608333329999994,56.008333329999999,74.666666669999998,87.333333330000002,81,74.766666670000006,100,89.708333330000002,90.783333330000005,60.233216929999998,7.4268567140000004,8.7237479810000007,7.2567464800000003,392.64050509999998,-127.0586795,-229.50773939999999,NA,102.44905989999999,192.6581746,2.45365118,101.8372991,88.367224370000002,72.923651050000004,34.056321060000002,29.707196951038998,135.70241999999999,66.172129999999996,20.5,0.75,1.24,1.33,NA,NA,NA,NA,NA,NA,NA,NA,NA,NA,NA,NA,NA,NA,NA,NA,NA,NA,NA,NA,NA,NA,NA,NA,NA,NA,NA,NA,NA,NA,NA,NA,NA,NA,NA,NA,440.18726500000002,185.6950267,16.364631200000002,31.597130360000001,102.876424,0.77283152399999999,NA,24.672872000000002,4.9276465219999999,43.29331277,29.9873899,6.6756729725669004,3.8044680396953998,4.6239475675322996,13,127,-114,1200,104.8387097,65.388587000000001,2.1884000000000001E-2,19.459047999999999,NA,NA,0.47027600000000003,1.756E-3,9.4719999999999995E-3,24.569129,NA,2.5773000000000001E-2,420.565676,139.10771500000001,3.452731,NA,30.278088,0.64482799999999996,20.328420999999999,10.780367999999999,35.845137000000001,33.220027000000002,5.7440720000000001,2042.1439270000001,-318.81274669999999,14.061182840000001,-332.8739296,-599.27321099999995,44.082679040000002,-643.35589000000004,2491.0841070000001,2499.8933780000002,-8.8092717409999999,469.14577809999997,536.07089789999998,-66.925119800000004,17.231159000000002,17.231159000000002,-2051.5611520000002,39.697970750000003,-2003.124,-88.135123109999995,NA,-27.66497768,-19.851044080000001,19.851044080000001,5532.8623040000002,2.1681837734616001,51.327961593243998,-49.159777810530997,-92.405771743765996,314.89124179501999,-3.0609595330834001,210.42373687957999,210.42219660999999,1.5402695779815E-3,NA,1,NA,NA,NA,NA,NA,NA,NA,NA,NA,NA,NA,NA,NA,NA,NA
2009,1065.54,71.273153579999999,2.153630224,27.4,NA,NA,NA,NA,NA,NA,NA,NA,NA,NA,NA,NA,NA,NA,NA,NA,NA,726.93783580000002,181.46451339999999,1.3584403899999999,10.069101740000001,0.71042288399999998,60.807227490000002,143.9218764,73.233063880000003,2.7048832599999999,84.843548350000006,6.83,147.0938529,31.943847269999999,744.98077799999999,-18.01540554,-2.7536604999999999E-2,1796.6678179999999,2523.605654,24.4,9.8000000000000007,65.900000000000006,726.93783580000002,1384.741933,512.13094479999995,29.918774169999999,842.69221379999999,355.2113554,354.17649519999998,283.6702287,70.506266539999999,0.94384185799999998,9.1018329999999995E-2,66.633470399999993,8.7798528200000003,57.853617579999998,1079.648923,241.63789689999999,838.01102579999997,70.450445619999996,115.9235594,48.864062079999997,0.12983804299999999,9.1663230490000007,148.52011680000001,1185.9385560000001,304.98038839999998,1.495283731,13.74083006,0.982693174,181.0785454,256.32658270000002,43.604122830000001,3.9968930469999999,94.746000850000001,7.14,194.6765949,75.350983959999994,1178.118919,6.8487396040000004,1.9417971409999999,10.147085572099,2.7994229599999998,54.547395539999997,7.8930907819999998,1185.9385560000001,1827.383724,739.97935440000003,40.819683529999999,1046.584687,469.57283969999997,467.58633120000002,381.99968819999998,85.586643030000005,1.8677607199999999,0.118747835,84.766186129999994,15.356093250000001,69.410092890000001,1195.7841940000001,226.93440949999999,968.849785,11.366189670000001,19.805093500000002,75.526481290000007,1.201844589,42.625631120000001,355.2113554,1519.925933,-657.80409689999999,1796.6678179999999,381.06221149999999,-90.489731640000002,209.08609480000001,48.864062079999997,682.22482109999999,2368.3819039999998,726.93783580000002,2523.605654,682.22482109999999,115.49,131.70099999999999,67.983000000000004,71.45,66.875,72.775000000000006,73.2,78.45,91.95,82.7,73.575000000000003,100,95.1,93.95,68.616666670000001,65.466666669999995,74.625,59.708333330000002,77.708333330000002,86.733333329999994,80.358333329999994,66.733333329999994,100,89.4,90.25,61.296416430000001,-0.20949720699999999,-0.63150074300000003,1.7651381669999999,442.72834640000002,-102.6529345,-206.1936413,NA,103.5407068,249.6065657,2.8011042800000001,135.89248989999999,110.9129715,90.468846229999997,29.559291330000001,34.336714008744003,179.1679,92.211910000000003,16.221019999999999,0.75,1.2,1.3,NA,NA,NA,NA,NA,NA,NA,NA,NA,NA,NA,NA,NA,NA,NA,NA,NA,NA,NA,NA,NA,NA,NA,NA,NA,NA,NA,NA,NA,NA,NA,NA,NA,NA,NA,NA,665.1111568,153.92410129999999,43.24656014,40.540461860000001,203.13936659999999,0.67489178500000002,NA,31.65913982,9.0214746510000001,64.696611579999995,118.2085491,8.8998822724368001,4.3551371604091997,16.261163373056998,8,178,-170,-38.46153846,40.157480309999997,43.296768999999998,1.0710000000000001E-2,7.0507540000000004,NA,NA,0.19284200000000001,1.5233999999999999E-2,1.6518999999999999E-2,19.789079999999998,NA,1.4630000000000001E-2,395.02636200000001,167.790437,16.462340999999999,NA,30.278088,0.97767599999999999,23.420812000000002,10.780367999999999,36.408003999999998,40.069688999999997,2.8440720000000002,1195.3703439999999,-323.02454770000003,14.59533368,-337.6198814,-774.32868450000001,51.554597639999997,-825.88328209999997,1841.288871,1858.9292069999999,-17.64033594,451.4347047,535.51956499999994,-84.084860300000003,27.333990530000001,27.333990530000001,-1272.6073329999999,49.930822910000003,-1325.146,2.6078435999999998,NA,89.397522949999995,39.494523520000001,-39.495601600000001,6683.3339480000004,2.0077829163945,46.444120084689999,-44.436337165544003,-106.51924365002,164.43914254160001,5.4329987483091999,249.92853079289,237.81199495000001,1.5676905253488001E-3,12.114968152367,1,NA,NA,NA,NA,NA,NA,NA,NA,NA,NA,NA,NA,NA,NA,NA
2010,1088.4860000000001,72.807993920000001,2.153462094,27.7,150.9,139.23910000000001,36.583300000000001,1.1128,5.9813000000000001,0.4173,12.379899999999999,27.541799999999999,7.9287000000000001,2.2256,45.068399999999997,0.1,11.8,7.8197481780000002,24.013367280000001,33.343828719999998,14.478764480000001,881.90934709999999,225.73711030000001,1,8.9001726570000006,0.78288438900000001,69.899695219999998,196.78178299999999,44.505601800000001,3.3862387649999999,100.3057475,24.570915060000001,172.74231510000001,65.588972870000006,914.20143659999997,-6.1475236420000003,-26.1445659,2442.230673,3324.1400199999998,24.7,8.8000000000000007,66.5,881.90934709999999,1539.403106,605.44704990000002,24.147285530000001,909.80877069999997,376.73237410000002,376.4594644,299.14910170000002,77.310362639999994,0.15515827099999999,0.117751445,75.532265480000007,16.947479779999998,58.584785699999998,1109.7583990000001,252.16158720000001,857.59681130000001,68.651846340000006,103.1635251,42.717811679999997,1.7593449000000001E-2,8.5646292020000008,125.8358812,1296.6043890000001,318.29704129999999,0.1,11.86605947,1.0193328829999999,199.8731933,291.58128840000001,31.799205839999999,3.3862387649999999,108.73603180000001,24.71420114,213.91811100000001,70.457006140000004,1275.7477100000001,15.88949276,4.9671864689999996,9.3309948226723005,4.3663964379999998,7.8871982349999996,10.17264218,1296.6043890000001,1879.159793,778.80252770000004,31.60426597,1068.7529999999999,482.74371459999998,481.93789349999997,389.278705,92.659188470000004,0.66591660399999997,0.139904482,108.5250432,39.312298220000002,69.212744990000004,1173.8241619999999,216.06438589999999,957.75977599999999,5.2465211539999999,2.1181576049999999,2.8048629950000001,28.028696539999999,-1.8364544920000001,376.73237410000002,2163.4273250000001,-657.49375899999995,2442.230673,378.69041110000001,-74.553440339999995,245.31175820000001,42.717811679999997,810.21652740000002,3053.911599,881.90934709999999,3324.1400199999998,810.21652740000002,115.2,136.61000000000001,111.76300000000001,75.150000000000006,71.150000000000006,73.674999999999997,76.349999999999994,83.25,91.125,85.35,76.825000000000003,100,95.575000000000003,94.275000000000006,73.266666670000006,70.966666669999995,76.241666670000001,66.849999999999994,81.2,85.791666669999998,81.941666670000004,68.575000000000003,100,90.6,90.25,68.016841099999994,5.1784464659999996,6.3925233639999997,10.963813310000001,621.78134809999995,-221.35618909999999,-331.01398269999999,NA,109.6577935,295.02500320000001,3.3738210199999998,138.0116993,153.6394828,105.4009506,18.196010739999998,33.452985181541997,151.85397,128.8287,22.246310000000001,0.75222,1.23898,1.32599,NA,NA,NA,NA,NA,NA,NA,NA,NA,NA,NA,NA,NA,NA,NA,NA,NA,NA,NA,NA,NA,NA,NA,NA,NA,NA,NA,NA,NA,NA,NA,NA,NA,NA,NA,NA,758.66612799999996,187.60673,29.070039810000001,41.555240230000003,244.02077130000001,0.51699855900000002,NA,34.959992360000001,8.204565809,68.782036110000007,143.9497538,7.7992184044966999,3.9641253916811001,16.322511409291,16,175,-159,100,-1.6853932579999999,44.464052000000002,0.116634,5.9337369999999998,NA,1.3999999999999999E-4,0.64241899999999996,4.4980000000000003E-3,3.1862000000000001E-2,16.549174000000001,NA,8.0750000000000006E-3,1248.130363,125.311268,30.377262999999999,NA,30.278088,470.57866799999999,40.604649000000002,10.780367999999999,31.552223999999999,407.09993100000003,5.1440720000000004,1588.87627,-280.36765439999999,27.080122759999998,-307.4477771,-950.04382840000005,75.196800170000003,-1025.2406289999999,2334.8658350000001,2343.1281319999998,-8.2622966299999998,484.42191730000002,585.92582809999999,-101.50391070000001,31.255078080000001,31.255078080000001,-1535.7895370000001,2.5159779699999998,-1481.9590000000001,-56.346514970000001,NA,71.933046239999996,156.27485730000001,-156.2754079,7439.2276570000004,3.0706243049865001,34.861607727709,-31.790983429526001,-107.72579194495,180.16321918174,17.720059075672999,406.18838399468001,394.28569417,1.5400347431837999E-3,11.901149789939,1,NA,NA,NA,NA,NA,NA,NA,NA,NA,NA,NA,NA,NA,NA,NA
2011,1112.9760000000001,74.446111250000001,2.2499141009999999,28.1,NA,NA,NA,NA,NA,NA,NA,NA,NA,NA,NA,NA,NA,NA,NA,NA,NA,1042.534598,231.02815240000001,1.2510709200000001,9.4897159379999998,0.87462966600000003,123.76544819999999,223.30499639999999,56.020580119999998,7.5096259559999998,115.422163,30.10454841,201.93265629999999,63.898548329999997,1064.602136,-2.9636619500000001,-19.103876169999999,3538.5374660000002,4581.0720629999996,21.7,12.7,65.599999999999994,1042.534598,1643.241256,638.66168500000003,69.361720289999994,935.21785079999995,733.26604480000003,730.90617069999996,646.10939629999996,84.796774429999999,2.2166374580000001,0.14323660699999999,66.78256777,13.601323839999999,53.181243930000001,1400.755271,315.10658840000002,1085.6486829999999,61.260478689999999,89.706169270000004,70.33493627,0.21262003800000001,6.4057891150000001,134.36055500000001,1373.8632749999999,266.51243599999998,1.3582502279999999,11.51938329,1.061015407,222.41529940000001,315.112459,42.885691909999998,9.4119163659999998,119.0550617,36.182934500000002,243.65090860000001,65.683403620000007,1334.8487600000001,30.409966489999999,8.6045485460000002,5.9586611136818997,-16.269270070000001,11.038015010000001,11.736666919999999,1373.8632749999999,1802.1882949999999,737.8225655,82.570452599999996,981.79527670000004,816.76578089999998,813.50506440000004,719.17200300000002,94.333061310000005,3.101243062,0.15947350099999999,81.473653510000005,26.20685739,55.266796120000002,1326.5644540000001,233.72330170000001,1092.841152,-5.2619195159999999,-8.1363722959999993,69.192421629999998,-24.926403069999999,13.01219528,733.26604480000003,3337.4534939999999,-600.7066585,3538.5374660000002,399.62268619999998,-57.619829590000002,320.1287997,70.33493627,936.70896540000001,4116.0564679999998,1042.534598,4581.0720629999996,936.70896540000001,98.56,140.05600000000001,86.611000000000004,85.05,83.2,81.724999999999994,86.3,85.674999999999997,94.45,92.2,89.025000000000006,100,95.825000000000003,95.6,83.125,81.674999999999997,84.016666670000006,80.333333330000002,87.241666670000001,91.058333329999996,88.216666669999995,81.066666670000004,100,91.8,94.241666670000001,75.883431520000002,13.173652690000001,16.936050600000002,11.565650939999999,688.86054879999995,-279.83592540000001,-412.61873279999998,NA,132.7828074,322.42781109999999,3.86342169,158.8206266,159.74376290000001,86.597060279999994,9.2883001790000002,30.927300803114001,167.16112000000001,130.36587,24.54177,0.75226000000000004,1.26258,1.34172,NA,NA,NA,NA,NA,NA,NA,NA,NA,NA,NA,NA,NA,NA,NA,NA,NA,NA,NA,NA,NA,NA,NA,NA,NA,NA,NA,NA,NA,NA,NA,NA,NA,NA,NA,NA,630.54480190000004,182.10869260000001,32.126813390000002,35.887042749999999,158.25713690000001,0.79504929300000005,NA,36.421899549999999,10.303098220000001,71.063655969999999,103.5814132,6.8164314264800998,3.4935914472163998,9.9355372376811992,13,260,-247,-18.75,48.571428570000002,52.406249000000003,0.81148799999999999,1.9953590000000001,0.69495399999999996,3.3034000000000001E-2,1.4342980000000001,1.3684E-2,2.5895999999999999E-2,16.938437,2.6502000000000001E-2,1.585E-3,706.74737500000003,157.35714300000001,49.902197999999999,95.585493,30.278088,4.0242279999999999,21.16283,10.780367999999999,32.500495999999998,106.02873700000001,8.8902699999999992,2218.7936220000001,-373.26056970000002,28.676960780000002,-401.93753040000001,-1416.4449910000001,78.351959239999999,-1494.796951,3475.5372200000002,3485.158234,-9.6210137699999994,532.96196350000002,636.27861789999997,-103.3166544,26.223000979999998,26.223000979999998,-2274.9094700000001,80.074658299999996,-2400.6559999999999,45.671871609999997,NA,85.31229664,55.419449800000002,-55.419640029999997,9896.3359930000006,2.7506963159797002,38.553879283343001,-35.803182975036002,-135.86551407668,212.82685737783001,5.3158379497733002,461.61088098675998,449.74520906999999,1.535265823601E-3,11.864136650940001,1,NA,NA,NA,NA,NA,NA,NA,NA,NA,NA,NA,NA,NA,NA,NA
2012,1137.6759999999999,76.098275310000005,2.2192751689999999,28.4,NA,NA,NA,NA,NA,NA,NA,NA,NA,NA,NA,NA,NA,NA,NA,NA,NA,1160.55504,299.38253959999997,1.524781159,9.2148032410000003,0.73199870099999997,136.9766491,242.50416670000001,62.27042539,8.9247486600000006,148.33705269999999,36.508422189999997,253.36210560000001,50.339969420000003,1250.0776619999999,-10.8398638,-78.682759059999995,3157.726377,4318.2814170000001,23.9,11.9,64.2,1160.55504,1789.874274,761.12392260000001,51.638348839999999,977.11200229999997,696.67098820000001,668.48906190000002,567.31176259999995,101.1772993,28.007333339999999,0.17459296299999999,82.664338520000001,31.64481601,51.019522510000002,1408.6545610000001,640.71399910000002,767.94056169999999,65.582751060000007,84.193508190000003,60.029120939999999,2.4132705809999999,7.1228279309999998,121.3776609,1440.6415669999999,316.7385347,1.5288465870000001,10.280300990000001,0.79926701899999997,177.5805182,317.88286679999999,51.337100399999997,10.012122189999999,144.70030149999999,39.652339069999996,272.82925399999999,51.437247470000003,1394.778699,35.325283450000001,10.537584320000001,4.8607572824013996,18.845686709999999,-19.532153319999999,6.7151489350000002,1440.6415669999999,1794.077945,777.20835569999997,56.39812611,960.47146269999996,734.97180820000005,703.38368190000006,596.13074800000004,107.2529339,31.406346509999999,0.18177972000000001,115.0032243,62.683206460000001,52.320017819999997,1203.4114099999999,467.09541460000003,736.31599570000003,5.3381113530000004,-2.1719206139999998,-10.014373109999999,41.153881439999999,-9.2836080069999998,696.67098820000001,2805.00407,-629.31923410000002,3157.726377,276.59692699999999,-54.22571207,241.69504889999999,60.029120939999999,1020.11033,3795.704064,1160.55504,4318.2814170000001,1020.11033,101.1,215.654,91.796999999999997,94.35,93.424999999999997,93.325000000000003,95.85,95.15,97.1,95.224999999999994,98.575000000000003,100,97.2,98.85,92.958333330000002,91.941666670000004,95.458333330000002,93.791666669999998,95.183333329999996,95.841666669999995,92.1,93.708333330000002,100,95.808333329999996,97.383333329999999,80.558208680000007,10.934744269999999,12.28966346,6.1604714840000003,1179.2550100000001,-681.16858090000005,-841.22838200000001,NA,160.05980099999999,406.94686089999999,4.76884847,200.99437320000001,201.18363919999999,91.139567909999997,26.213324920000002,35.064848014447001,224.80473000000001,152.83960999999999,36.980240000000002,0.75173999999999996,1.36172,1.40781,NA,NA,NA,NA,NA,NA,NA,NA,NA,NA,NA,NA,NA,NA,NA,NA,NA,NA,NA,NA,NA,NA,NA,NA,NA,NA,NA,NA,NA,NA,NA,NA,NA,NA,NA,NA,818.81983690000004,204.52286359999999,41.136171509999997,43.151506810000001,205.1700697,0.91635976699999999,9.4022952499999999,52.707395200000001,8.9965722610000007,86.107047210000005,166.70955549999999,7.4194712221490002,4.5415679035782999,14.364640172515999,31,548,-517,138.46153849999999,110.7692308,450.06538599999999,0.31862800000000002,13.038015,6.1735530000000001,9.5191999999999999E-2,0.64188500000000004,1.2122000000000001E-2,0.13505700000000001,17.355384000000001,9.7608E-2,4.2589999999999998E-3,758.48284899999999,184.57801799999999,44.316859000000001,82.382678999999996,30.278088,4.0954170000000003,18.454730000000001,10.780367999999999,37.340456000000003,134.64144200000001,1.887508,2647.9197800000002,-638.35326799999996,33.265504280000002,-671.61877230000005,-919.84147299999995,69.424234900000002,-989.26570790000005,3773.9971089999999,3794.0758129999999,-20.078704559999998,432.11741239999998,537.68487210000001,-105.5674597,23.410519839999999,23.410519839999999,-2243.2490859999998,25.86481294,-2274.3389999999999,5.2251007429999996,NA,-6.1468852370000002,421.93432819999998,-421.93432819999998,12833.75963,2.8663443898361001,57.870479998949001,-55.004135607389998,-79.258754759273998,228.15977603268001,36.356253142462002,883.55141078244003,871.63604435000002,1.5369198895877E-3,11.913829512551001,1,76.035316899999998,0.01,0.01,64.147999999999996,11.8773169,1.7607770558008,84.366,8.2578384193954992E-3,NA,NA,0.32600000000000001,0.88590000000000002,22.099,8.4931000000000001,42.132599999999996
2013,1161.5550000000001,77.695523309999999,2.09892799,28.8,213,188.92140000000001,48.460799999999999,1.1357999999999999,8.5184999999999995,0.75719999999999998,14.1975,43.9176,11.5473,2.4609000000000001,57.925800000000002,1.4,23.4,10.98591549,30.633347690000001,39.677601809999999,21.272249779999999,1395.727421,297.56894879999999,1.737673821,10.095732379999999,0.88366960100000003,267.91086330000002,235.3061352,43.435524270000002,11.233919970000001,156.83807630000001,41.606899200000001,307.07796409999997,62.391259990000002,1436.086667,-13.86832386,-26.490922399999999,2756.2336310000001,4151.9610519999997,20.7,19.5,59.7,1395.727421,1768.0538899999999,823.81038560000002,74.191481089999996,870.05202369999995,583.25743090000003,561.7323298,447.19982590000001,114.53250389999999,21.32345909,0.201641923,77.945685220000001,16.833461790000001,61.11222343,1033.5295860000001,519.28737100000001,514.24221480000006,59.023730090000001,62.336815250000001,41.78877782,1.5277667239999999,5.5845922400000001,74.049529329999999,1485.364409,300.24638729999998,1.5862571459999999,10.303041990000001,0.88715722200000002,255.49442759999999,276.18245780000001,41.014637059999998,11.385489339999999,155.08930090000001,42.215216099999999,309.96959029999999,63.141324240000003,1467.5152869999999,35.188406020000002,-17.33928457,3.1041759218124998,-5.2068648409999998,41.054939470000001,1.255478842,1485.364409,1699.2912570000001,815.2786466,75.160722930000006,808.8518871,576.43728720000001,553.76984990000005,437.80553780000002,115.96431200000001,22.460231360000002,0.207206002,87.284666220000005,27.026585839999999,60.258080380000003,877.64880159999996,395.53197060000002,482.11683099999999,4.8983378320000002,-15.7859532,-21.570149929999999,-24.102418199999999,-27.069928529999999,583.25743090000003,2676.6523560000001,-372.32646970000002,2756.2336310000001,292.7451944,-26.676159269999999,191.77472019999999,41.78877782,1201.602525,3574.4851100000001,1395.727421,4151.9610519999997,1201.602525,99.07,321.73,97.462000000000003,97.191666670000004,98.775000000000006,85.091666669999995,92.033333330000005,100.0666667,104.0083333,94.533333330000005,107.9666667,107.33333330000001,91.25,67.400000000000006,97.466666669999995,99.308333329999996,81.208333330000002,92.333333330000002,100.4333333,106.08333330000001,95,108.8916667,109.4833333,90.791666669999998,67.599999999999994,93.965320070000004,9.4506300000000003,12.04768,16.642762560000001,1071.8452890000001,-469.01503439999999,-650.78706629999999,NA,181.7720319,500.15391890000001,6.75859115,272.70775529999997,220.68757249999999,102.67633530000001,22.90398746,35.834641590810001,289.28440000000001,169.54816,48.239350000000002,0.75012999999999996,1.23376,1.3225,878.9,106.6,39.700000000000003,NA,NA,54.1,12.6,0.2,730,42.3,720.3,141.69999999999999,375.6,NA,NA,124.3,78.8,158.6,158.6,344.8,1065.0999999999999,-186.2,-186.2,-186.3,-186.3,NA,NA,NA,NA,63,7.6,NA,NA,76.3,-13.3,-13.3,835.947991,231.48099999999999,33.042999999999999,48.399000000000001,234.27500000000001,1.1559999999999999,NA,58.134,7.7960000000000003,90.80799098,130.85599999999999,6.5061407846339003,4.1651399209702999,9.3754695960794994,16,415,-399,-48.387096769999999,-24.270072989999999,410.47452199999998,0.33287299999999997,9.3301200000000009,1.682671,86.323988999999997,0.28334399999999998,1.2845000000000001E-2,0.23851600000000001,3.3769300000000002,0.10857700000000001,8.5550000000000001E-3,499.46022199999999,198.81079500000001,21.2727,75.030642,5.1825450000000002,2.675621,13.612874,55.382430999999997,19.309294999999999,28.567523000000001,1.641235,2391.6647600000001,-619.72184730000004,17.670430790000001,-637.3922781,-430.95235960000002,70.192320809999998,-501.14468040000003,3328.2490499999999,3342.8144990000001,-14.565449060000001,114.089917,227.67395070000001,-113.5840338,20.12970194,20.12970194,-2564.102414,36.948607330000002,-2553.3878030000001,-47.663218280000002,NA,-44.245212700000003,-196.5531646,196.5531646,15842.04412,1.2660373740698001,45.667389528202001,-44.401352153415999,-30.876541731281002,171.35614906000001,-14.082489291439,686.99820284283999,675.05900971000005,1.5399991684004E-3,11.937653133667,1,89.494692900000004,7.3145793000000001,7.3145793000000001,70.278999999999996,11.9011136,2.1554801467422,78.528599999999997,8.9584842400628004E-3,NA,4.7E-2,0.245,1.5172000000000001,25.8856,6.0952000000000002,36.190199999999997
2014,1184.83,79.252370209999995,2.003779416,29.1,NA,NA,NA,NA,NA,NA,NA,NA,NA,NA,NA,NA,NA,NA,NA,NA,NA,1447.535183,304.71637129999999,1.657655957,11.241867790000001,0.81940356800000003,232.06237580000001,250.36012909999999,21.768620009999999,12.468273999999999,177.38298520000001,48.138818929999999,349.73330700000002,59.14890243,1469.498711,-8.7444500000000005,-13.219078229999999,1890.2001969999999,3337.7353790000002,20.7,16.7,62.5,1447.535183,1888.2340369999999,863.56354650000003,74.129385310000004,950.54110539999999,624.57391140000004,594.58443669999997,479.58637199999998,114.9980647,29.757118089999999,0.23235657200000001,66.178355909999993,14.78020244,51.398153469999997,1131.4511219999999,549.4453403,582.00578140000005,59.657516909999998,65.666183219999994,43.147408009999999,2.0557094870000001,4.5717960230000001,78.163980749999993,1551.7973199999999,296.51243599999998,1.563662273,11.37077571,0.81376534099999998,225.31064760000001,283.99514299999998,21.675469970000002,12.53832169,177.69978,49.787815340000002,363.97921869999999,59.730222990000001,1504.977259,35.613159619999998,11.20690203,4.4729897129316001,-1.243629055,-10.88900615,7.8318255050000003,1551.7973199999999,1844.7099149999999,865.59345180000003,74.638715939999997,904.47774709999999,618.63278460000004,587.77467609999997,471.9979065,115.77676959999999,30.621919729999998,0.236188764,67.633042439999997,15.82512391,51.807918530000002,979.17842169999994,432.30031250000002,546.87810920000004,6.1714857199999997,11.822419099999999,7.3200499509999997,-22.5144056,11.568365379999999,624.57391140000004,1579.698175,-440.69885440000002,1890.2001969999999,130.1968329,-30.44477672,109.1302093,43.147408009999999,1221.7239460000001,2817.0584640000002,1447.535183,3337.7353790000002,1221.7239460000001,100.45,348.245,125.315,98.016666670000006,99.466666669999995,86.441666670000004,94.025000000000006,101.3166667,104.5916667,96.583333330000002,107.125,101.5916667,96.875,68.2,97.983333329999994,99.691666670000004,84.208333330000002,94.075000000000003,101.4,105.79166669999999,96.208333330000002,107.2416667,102.16666669999999,96.508333329999999,67.599999999999994,93.281201350000003,0.84883820600000004,0.70024466399999996,-0.72805447899999998,756.77585079999994,-15.40365261,-207.16525799999999,NA,191.76160530000001,599.82212119999997,9.7800726600000001,333.15823799999998,256.8838106,141.55007689999999,19.927506019999999,41.437481329943999,361.01197999999999,188.15112999999999,36.41489,0.75,1.23912,1.30854,859.23789699999998,126.61699900000001,52.928221000000001,44.935845999999998,7.992375,60.209040999999999,13.363994,0.115743,732,0.62089799999999995,912.77146600000003,168.59896800000001,445.210375,NA,NA,116.678715,182.28340800000001,-53.533569,-53.533569,424.637067,1337.408533,-478.170636,-478.170636,-43.106999899999998,-58.8,15.693000100000001,3,NA,3,59.4,8.6999999999999993,3.1043007816135,0.55213683880455999,92.4,-33,-33,991.49898859999996,430.04399999999998,39.481999999999999,64.403000000000006,132.952,1.0609999999999999,NA,59.405999999999999,12.435,115.0369886,136.679,7.9470944783246997,4.1039417001859002,9.4421884597468004,14,449,-435,-12.5,8.1927710840000003,93.713521,9.9140000000000006E-2,22.273921000000001,2.1679E-2,41.10736,0.253388,7.3810000000000004E-3,0.12839300000000001,2.282257,0.170076,1.4211E-2,578.14191600000004,184.10431,27.274463000000001,106.27278200000001,2.901132,3.672183,20.182794999999999,59.437164000000003,54.982173000000003,32.694685999999997,1.6298010000000001,1093.8398649999999,-602.96216960000004,15.507985469999999,-618.47015510000006,-593.7450503,73.784838250000007,-667.52988849999997,2134.1826230000001,2154.9993749999999,-20.816751379999999,156.36446119999999,331.62159370000001,-175.25713250000001,13.74452896,13.74452896,-1378.097096,36.677221959999997,-1384.7491970000001,-30.02512085,NA,-105.7639573,-376.2766598,376.2766598,17113.13089,1.0713373776421999,42.725742514818997,-41.654405135105002,-41.017659347627998,75.565684195187004,-25.994301500856999,311.47106461391002,300.23919496000002,0.94317207167528005,10.288697582234001,1,104.3054527,21.8410875,21.8410875,71.268000000000001,11.196365200000001,3.1250370633090001,68.3262,1.9617370616749001E-2,NA,0.17599999999999999,0.25800000000000001,NA,NA,NA,NA
2015,1205.8130000000001,80.655906990000005,1.7709713629999999,29.5,NA,NA,NA,NA,NA,NA,NA,NA,NA,NA,NA,NA,NA,NA,NA,NA,NA,1590.282371,283.51172000000003,1.5942709100000001,15.48544835,0.93840642500000004,274.1288576,290.9943968,36.491124409999998,11.90105456,180.48769010000001,50.234198880000001,385.59821749999998,57.769511780000002,1589.1348969999999,9.5995000000000008,-8.4520257470000004,1198.1767870000001,2788.4591580000001,17.8,18.399999999999999,63.8,1590.282371,1861.0601979999999,876.33241139999996,47.359426399999997,937.36836019999998,587.59787859999994,566.59628880000002,450.17149410000002,116.42479470000001,20.761218240000002,0.24037159899999999,48.508505450000001,11.992384599999999,36.51612085,906.88421059999996,484.69950010000002,422.18471049999999,55.105459709999998,58.943517010000001,36.949279519999997,1.305505149,3.0503076889999998,57.026615329999998,1590.282481,283.51172439999999,1.5942709100000001,15.48544835,0.93840642500000004,274.1288576,290.9943968,36.491124409999998,11.90105456,180.48769010000001,50.234204949999999,385.59828160000001,57.769511780000002,1589.1349720000001,9.5995000000000008,-8.4519906809999998,2.4797009923958999,-4.3845417639999997,22.207139420000001,4.5461131699999999,1590.282481,1861.0602610000001,876.33241139999996,47.359426399999997,937.36842300000001,587.59792560000005,566.59633580000002,450.17154110000001,116.42479470000001,20.761218240000002,0.24037159899999999,48.508505450000001,11.992384599999999,36.51612085,906.88421059999996,484.69950010000002,422.18471049999999,1.240647045,3.6364273109999998,-5.016685142,-28.276913619999998,-7.3831499410000001,587.59787859999994,980.98546160000001,-270.7778265,1198.1767870000001,53.586501259999999,-17.027028120152998,61.686243870208997,36.949279531439998,1318.8465964457,2312.5137629135002,1590.282371,2788.4591580000001,1318.8465964457,103.84,350.26299999999998,152.74700000000001,98.65,99.783333330000005,88.341666669999995,98.416666669999998,100.6583333,104.1416667,98.1,100.3583333,101.08333330000001,99.1,80.900000000000006,98.533333330000005,99.941666670000004,86.416666669999998,98.166666669999998,100.4666667,104.65,97.9,100.125,101.6833333,99,79.5,99.999993099999998,0.64614861400000001,0.31836461100000002,7.2027285790000004,1015.495512,-127.0552263,-338.91778040000003,NA,211.86255410000001,642.25769839999998,12.03536628,385.55213090000001,244.67020120000001,246.18258739999999,7.0746935969999996,40.386393643799003,446.71606000000003,203.82348999999999,74.00515,0.75,1.1532500000000001,1.25265,1452.17644,125.143356,53.295997999999997,44.818987,8.4770109999999992,59.148806999999998,12.465123,0.233428,1278.5,48.533084000000002,1028.4553089999999,179.47288,410.16231099999999,0.11899999999999999,NA,173.681015,265.02010300000001,423.72113100000001,423.72113100000001,306.80059399999999,1335.255903,116.920537,117.039537,0.73406199999999999,0.73406199999999999,NA,NA,NA,NA,91.315634662216993,7.8692538056185999,2.8183037061410001,0.53305068046936999,83.963447457469996,7.3521872047464001,7.3596701525655996,1154.4871189999999,376.3968562,34.4,66.306969519999996,313.87632020000001,1.0003894470000001,3.2934659999999998E-2,59.606831999999997,12.191558519999999,103.6071937,187.06806510000001,6.5150186903506002,3.7481917102883999,11.763198065408,11,406,-395,-21.428571430000002,-9.576837416,29.131381000000001,0.76575199999999999,8.9707229999999996,2.7976839999999998,0.244808,0.53464400000000001,4.8419999999999999E-3,2.726E-2,0.82725800000000005,3.1525750000000001,1.2165E-2,635.41051900000002,176.38670999999999,52.860683000000002,164.21802600000001,3.3084229999999999,3.3695949999999999,13.058090999999999,59.437164000000003,27.382667999999999,37.677675000000001,4.1044309999999999,203.61898400000001,-635.39365750000002,18.04814902,-653.44180649999998,-582.60331589999998,73.554381129999996,-656.15769699999998,1296.807317,1314.4810930000001,-17.673776140000001,124.8086405,333.07048600000002,-208.2618454,29.006159109999999,29.006159109999999,32.21417065,30.328730570000001,150.79,-148.90455990000001,NA,-45.064102589999997,219.7752112,-219.7752112,16926.840499999998,1.1349021626047,41.089671772510997,-39.954769611163997,-36.635211867038002,12.803951531698999,13.819886028278001,437.75218098006002,427.00977028,0.90211060624327,9.8403000938138998,1,116.7336811,45.718755199999997,45.718755199999997,60.305999999999997,10.708925900000001,4.1863148329371001,51.661099999999998,5.8456660930357E-2,NA,0.30199999999999999,0.51,0.94479999999999997,23.75,4.25,38.386600000000001
2016,1224.5619999999999,81.910013230000004,1.5548845469999999,29.8,339.5,304,96.063999999999993,18.544,10.336,0.60799999999999998,23.712,67.488,8.5120000000000005,0.30399999999999999,78.432000000000002,NA,35.4,10.427098669999999,46.859903379999999,52.96840959,40.582143860000002,1640.464612,279.91370389999997,1.4187395439999999,18.056169260000001,0.95679311700000003,295.01514200000003,321.100099,41.559290089999998,14.328372379999999,186.96361469999999,48.897951319999997,408.79518419999999,64.975038459999993,1681.980098,4.7630249999999998,-46.278510859999997,579.99357229999998,2220.4581840000001,16.600000000000001,18.8,64.599999999999994,1640.464612,1872.574175,897.70984880000003,62.63359646,912.23073009999996,653.70479950000004,627.53684629999998,505.2262614,122.31058489999999,25.918952900000001,0.24900029800000001,51.78004018,25.21345616,26.566584020000001,937.59440300000006,505.57366569999999,432.02073730000001,54.722902410000003,55.608071240000001,39.84875959,1.5799763499999999,3.1564253070000001,57.154198639999997,1638.1489280000001,279.74145650000003,1.593303621,18.12832912,0.96878763700000003,293.745699,309.84128550000003,41.424862189999999,14.52368869,186.2115987,48.572555700000002,405.00987259999999,64.501397600000004,1664.262837,7.4672967200000002,-33.581205959999998,3.0101617325251002,-1.3298455069999999,7.6294254009999998,5.5856263009999996,1638.1489280000001,1886.272835,896.61160540000003,63.073497799999998,926.58773159999998,679.81805680000002,653.48916989999998,527.19127400000002,126.2978959,26.079895650000001,0.24899128200000001,52.618385250000003,25.37468428,27.243700969999999,980.56034929999998,533.98528490000001,446.57506439999997,2.3140983620000002,-1.1501018240000001,15.694427640000001,8.4724931570000006,8.1240954219999999,653.70479950000004,387.12512240000001,-232.10956329999999,579.99357229999998,39.241113380000002,-14.149013736846999,23.598504933796001,39.848759596405998,1339.6337727284999,1813.2672612737999,1640.464612,2220.4581840000001,1339.6337727284999,95.71,412.55099999999999,195.07300000000001,97.2,97.65,89.924999999999997,99.366666670000001,99.316666670000004,100.7583333,99.366666670000001,96.066666670000004,101.3833333,100.4916667,85.8,96.866666670000001,97.275000000000006,89.174999999999997,99.166666669999998,99.341666669999995,100.675,99.3,95.75,101.35,100.6,84.7,100.1413598,-1.469842879,-2.137965592,0.14136673499999999,1091.7778109999999,-207.81901329999999,-415.77301820000002,NA,207.9540049,733.87876700000004,14.509067780000001,449.63492710000003,269.73477209999999,150.0800304,14.26546834,44.736031587128998,554.33231000000001,221.50259,140.87821,0.75,1.1356599999999999,1.2473799999999999,1454.690186,157.01847380000001,74.702824059999998,17.405872899999999,57.296951159999999,68.105285969999997,14.210363750000001,NA,1244.8,52.871712410000001,1017.5292459999999,178.98251300000001,351.97772459999999,NA,229.7532732,153.17328019999999,103.642455,437.16094020000003,437.16094020000003,609.47273480000001,1627.0019809999999,-172.31179470000001,-172.31179470000001,-153.41255090000001,-6.0834409999999998E-2,-153.35171650000001,31.647852319999998,0.11912066,31.528731659999998,88.675499328601006,9.5715855527397,1.0610331227309999,3.4927270445745999,99.179340358730002,-10.503841011841001,-10.503841011841001,1167.6767500000001,475.44879989999998,29.614363399999998,60.22313011,308.41647940000001,1.084013659,5.2565141000000003E-2,52.582240390000003,8.7907705780000001,101.7132038,129.75118330000001,6.2002680860024997,3.2053261012375001,7.9094167805188,25,456,-431,127.2727273,12.31527094,21.175090000000001,0.36430699999999999,0.865896,4.3895000000000003E-2,0.38653999999999999,1.50627,3.1801999999999997E-2,7.9433000000000004E-2,1.20767,5.259366,1.3218000000000001E-2,564.29014700000005,184.46936099999999,101.849174,55.282207999999997,2.901132,2.7866939999999998,16.650599,59.437164000000003,14.686595000000001,32.610923999999997,3.1181299999999998,-544.48374879999994,-546.4617614,20.045128420000001,-566.50688990000003,-568.52296409999997,76.774650249999993,-645.29761429999996,544.07888109999999,570.64921870000001,-26.57033762,26.422095559999999,259.37425289999999,-232.9521574,47.399791880000002,47.399791880000002,485.48008650000003,-7.1879937629999997,690.05875909999997,-197.39067890000001,NA,-145.19357160000001,-156.79744210000001,156.79744210000001,16625.781989999999,1.2219177587476999,34.533319753196999,-33.311401989571998,-34.656216290266002,-33.190825624466001,-9.5581118271632999,280.95372072314001,270.53300000000002,5.8491874858845003,4.5715332372584001,1,80.907571099999998,70.518575299999995,70.518575299999995,NA,10.3889958,3.6437331312969001,NA,0.12417993834408,NA,0.81,NA,1.7412000000000001,24.683800000000002,5.1478999999999999,32.208199999999998
2017,1243.2349999999999,83.159035880000005,1.52487175,30.2,NA,NA,NA,NA,NA,NA,NA,NA,NA,NA,NA,NA,NA,NA,NA,NA,NA,1584.87844,271.47996749999999,1.4079092419999999,24.759285729999998,1.0195645280000001,222.91541720000001,295.36914259999998,39.456589649999998,23.430103540000001,186.9464686,49.913987939999998,440.66021790000002,58.481009319999998,1615.8396640000001,-4.1593223999999998,-26.801901480000001,672.7651525,2257.6435919999999,16.8,15.5,67.7,1584.87844,1873.0453729999999,964.66110019999996,33.805810389999998,874.57846219999999,564.76278749999994,522.13550269999996,384.26303009999998,137.87247260000001,42.36876496,0.25851986399999999,38.179922920000003,17.828213000000002,20.351709920000001,891.10964330000002,549.69869619999997,341.41094709999999,60.866567170000003,55.18268406,35.634454560000002,2.673313227,2.4090127020000001,56.225740780000002,1586.016228,271.49327049999999,1.626683718,24.837514089999999,1.038780577,203.60570139999999,288.56896380000001,39.961519359999997,23.617718549999999,193.9595253,50.063055589999998,442.18312589999999,59.854678190000001,1600.8105370000001,4.1434322200000002,-18.937741249999998,-3.1822482678631001,-2.9485032750000002,-26.500594060000001,2.628138774,1586.016228,1860.914166,953.88744059999999,34.271851980000001,872.75487290000001,587.28967839999996,544.45011039999997,401.46833379999998,142.98177659999999,42.580584100000003,0.25898386600000001,32.069863589999997,11.044872310000001,21.024991279999998,894.25747950000004,542.17795260000003,352.07952690000002,6.3880318789999997,-5.8097961859999998,-13.610756220000001,-39.051980710000002,-8.8013827800000008,564.76278749999994,372.8754558,-288.16693279999998,672.7651525,-11.722763860000001,-18.182273512409001,23.527069735392001,35.634454557914999,1274.8019803175,1815.9427557944,1584.87844,2257.6435919999999,1274.8019803175,91.52,427.07799999999997,214.24600000000001,97.708333330000002,98.575000000000003,90.05,99.5,98.625,99.641666670000006,100,96.041666669999998,99.791666669999998,100.4333333,85.8,97.433333329999996,98.366666670000001,89.433333329999996,99.375,98.591666669999995,99.333333330000002,100,95.691666670000004,99.55,100.5166667,84.7,99.928261259999999,0.52297667999999997,0.94726062499999997,-0.21279774900000001,1250.573703,-212.77354819999999,-472.38900539999997,NA,259.61545719999998,822.89576280000006,15.12264291,449.74690409999999,358.02621579999999,214.9376173,12.1,51.921695824192,540.79999999999995,259.10000000000002,189.7,0.42203814699999997,0.65592370300000002,0.70953024899999995,1302.501299,139.56631809999999,57.581891409999997,18.946613339999999,38.635278069999998,65.398459819999999,15.324298900000001,1.2616679799999999,1107.981646,54.95333445,890.85683940000001,197.3487356,280.07903190000002,4.7047000000000001E-4,175.28198399999999,149.44524340000001,88.701374169999994,411.64445919999997,411.64445919999997,275.29034630000001,1166.1471859999999,136.35411289999999,136.3545834,157.56221790000001,157.56221790000001,NA,32.095674750000001,1.78571838,30.309956369999998,82.183041053924995,8.8061213136321008,1.1954616115543,2.4377439363740998,73.579598066840006,8.6034429807752009,8.6034726675946001,1028.9049649999999,332.05180080000002,24.886182250000001,59.696910150000001,290.30660879999999,1.3159994230000001,4.2593530580000003,54.82077563,14.27087141,93.511513300000004,153.7849506,5.9002325313983999,3.4589892982580999,9.7032647248328008,17,539,-522,-32,18.201754390000001,29.617646000000001,2.0515180000000002,0.80071599999999998,0.69933000000000001,0.47909000000000002,6.1357520000000001,3.2399999999999998E-3,9.1436000000000003E-2,1.4369259999999999,5.3903350000000003,1.9494000000000001E-2,595.29538500000001,187.49489500000001,88.937280000000001,76.998402999999996,2.901132,4.4270430000000003,14.901529999999999,59.437164000000003,15.839155999999999,38.895026000000001,7.481344,-283.52903809999998,-614.81934060000003,16.551652789999999,-631.37099330000001,-343.28822869999999,93.176265650000005,-436.46449430000001,735.32662159999995,768.90333950000002,-33.576717850000001,-60.74809046,201.77183590000001,-262.51992639999997,34.030057220000003,34.030057220000003,498.4262124,6.7159374669999998,340.3857653,151.3245096,NA,14.55590258,263.48313409999997,-263.48313409999997,17745.098720000002,1.0443484100900999,39.837187342897998,-38.792838938487002,-21.660224534318001,-17.889639416131001,16.624816607385998,544.43436099524001,533.39800000000002,6.1964080486370001,4.8399529466048996,1,124.5223994,110.53869,110.53869,2.9780000000000002,11.005709400000001,5.5155915397806998,2.3915000000000002,0.20393099158674,0.253,1.478,5.3999999999999999E-2,2,24.75,5.25,29.734000000000002
2018,1261.845,84.403844509999999,1.4969012290000001,30.6,NA,NA,NA,NA,NA,NA,NA,NA,NA,NA,NA,NA,NA,NA,NA,NA,NA,1555.9886140000001,276.52034429999998,1.2889144850000001,26.32804922,0.79787836300000003,228.30804660000001,262.72437609999997,41.087763549999998,21.968828999999999,195.69363770000001,40.515385139999999,454.08854029999998,50.280306269999997,1599.602071,-26.26052825,-17.352928309999999,679.78055589999997,2235.76917,17.3,16,66.7,1555.9886140000001,1914.377469,1001.0009219999999,31.44694758,881.92959889999997,558.96169599999996,512.2447085,445.42467879999998,66.820029689999998,46.44339927,0.27358824700000001,45.614258100000001,23.942187759999999,21.672070340000001,962.96480840000004,517.21739920000005,445.74740919999999,64.332149540000003,56.679694869999999,35.923251030000003,2.9848161379999998,2.93152904,61.887651329999997,1578.6174249999999,279.34986620000001,1.535982857,25.52190796,0.80398371700000004,215.46607449999999,260.69256180000002,41.498358150000001,21.616984710000001,196.08658249999999,41.229709499999998,471.28922410000001,50.645211089999997,1605.736447,-3.6174529240000002,-23.50156956,-0.46657671403891998,2.8938454770000002,5.2872394219999999,-1.3795152399999999,1578.6174249999999,1878.836654,977.33390980000001,31.227499550000001,870.27524500000004,582.72042329999999,536.46628780000003,467.5714155,68.894872269999993,45.990017190000003,0.264118305,37.404268879999996,15.598132590000001,21.806136290000001,920.34392179999998,473.24510909999998,447.0988127,2.4579911839999999,-0.28411505500000001,-0.77802407600000001,16.633701219999999,2.917106414,558.96169599999996,290.32048099999997,-358.38885429999999,679.78055589999997,-31.071220629999999,-23.032871261099999,18.658265130467001,35.923251042503999,1233.1059789435001,1771.8255173970999,1555.9886140000001,2235.76917,1233.1059789435001,96.85,450.45499999999998,215.68299999999999,99.95,100.2833333,97.5,100.0666667,99.808333329999996,100.0083333,100,98.933333329999996,100.0916667,99.833333330000002,100,100,100.4333333,97.483333329999994,100,99.775000000000006,99.833333330000002,100,98.841666669999995,100.08333330000001,99.808333329999996,100,98.566542479999995,2.2942430699999998,1.7330289969999999,-1.3626963649999999,1411.993839,-281.40558340000001,-531.26160619999996,8.9400000000000008E-6,249.85601389999999,848.58658249999996,18.169746740000001,507.23111119999999,323.18572460000001,282.00167290000002,3.1,54.536811829138003,583,252.4,176.4,0.42308864000000002,0.65695090599999995,0.66721978199999998,1346.0032289999999,132.85712520000001,54.060110389999998,17.794250689999998,36.2658597,58.278221940000002,20.03694535,0.48184751999999997,1153.618477,59.527626910000002,870.48528190000002,187.33427689999999,375.02354880000001,NA,27.87239619,143.16544279999999,137.08961719999999,475.51794690000003,475.51794690000003,396.64856200000003,1267.133844,78.8693849,78.8693849,70.730209270000003,70.730209270000003,NA,40.595095299999997,0.23152408999999999,40.363571210000003,86.504696556861006,8.5384381353833998,1.1435977442184999,2.3307278326908998,81.435932923864002,5.0687636265698002,5.0687636265698002,991.76900000000001,462.8,24.141999999999999,56.392000000000003,170.22300000000001,1.2829999999999999,3.5070000000000001,52.786000000000001,11.145,74.171000000000006,135.32,4.7668086599507999,3.3924412765657999,8.6967217357800006,23,519,-496,35.294117649999997,-3.7105751389999999,30.043285999999998,2.18716,1.047479,0.18213199999999999,0.271005,3.152428,0.244944,6.3381000000000007E-2,0.82189900000000005,6.3985539999999999,3.8804449999999999,525.36105199999997,159.37847500000001,65.157300000000006,76.244804999999999,1.960224,4.8135969999999997,10.969761999999999,78.642815999999996,12.836968000000001,25.378924000000001,5.9254619999999996,-191.19268919999999,-588.56791720000001,24.603795869999999,-613.17171310000003,-349.3298082,97.268318550000004,-446.59812670000002,842.63205230000005,886.21745520000002,-43.585402850000001,-95.927016089999995,187.5339582,-283.46097429999998,51.553900179999999,51.553900179999999,249.36668090000001,47.925664570000002,195.58976530000001,5.851251059,NA,19.74660433,129.4744962,-129.4744962,16879.456709999999,1.5812323849048,39.407210797238001,-37.825978410405,-22.450666094656,-12.287537805852001,8.3210439353510992,673.90356468115999,663.13074353000002,6.0513341168126003,4.7214870343455999,1,158.05645699999999,144.71841979999999,144.71841979999999,2.59,10.748037200000001,7.0694442431714002,1.6386000000000001,0.31702661116179998,0.67600000000000005,2.4860000000000002,2.4E-2,2.6021999999999998,23.833300000000001,4.3333000000000004,22.558800000000002
2019,1280.4380000000001,85.647516019999998,1.4734773290000001,30.9,NA,NA,NA,NA,NA,NA,NA,NA,NA,NA,NA,NA,NA,NA,NA,NA,NA,1688.1409719999999,287.18221419999998,1.270742799,37.173962109999998,0.747409188,237.11984000000001,287.70529429999999,55.109434890000003,31.836022419999999,189.55199279999999,38.284576880000003,470.48661129999999,49.701007709999999,1686.1691085970001,12.24845882,-10.276595439999999,1181.3427810000001,2869.483753,17.03163773644,16.386965737198,66.581396526361999,1688.1409719999999,2061.1854440000002,1067.7752849999999,33.602286909999997,959.80787210000005,481.73437810000001,426.81089059999999,360.50699759999998,66.303892939999997,54.656085140000002,0.26740237100000003,37.432849269999998,24.706038039999999,12.726811229999999,892.21169929999996,532.22657800000002,359.9851213,63.251547276586003,56.855907653427998,28.536383281384001,3.2376493460287001,2.2174006727442999,52.851729452603998,1620.726566,286.2037535,1.523677591,35.599532549999999,0.74950453299999997,217.0541882,283.17942620000002,55.781436460000002,31.022428120000001,188.62453149999999,36.14783345,442.33912550000002,49.288399720000001,1627.513837324,-16.610084359999998,9.8228127080000007,2.6674696689098001,2.4535137069999999,4.7667988350895003,0.30695929123628002,1620.726566,1955.5228870000001,1024.6993669999999,32.965566670000001,897.85795310000003,497.26680920000001,443.21744319999999,375.85202029999999,67.365422870000003,53.79411838,0.25524764599999999,28.732763769999998,16.03122712,12.70153665,860.79589410000006,503.83851759999999,356.95737650000001,4.8463945260000001,3.1694234969999999,-14.66459912561,-23.183196379999998,-6.4701929720000004,481.73437810000001,1275.69979074,-28.635054459999999,1181.3427810000001,122.9920642,-1.6962478214171,75.568321123599006,28.536383281384001,1318.4089912983,2241.0173339122998,1688.1409719999999,2211.610823,1318.4089912983,93.76,515.24699999999996,227.54499999999999,100.8416667,101.2166667,100.79166669999999,100.2166667,100.2833333,99.391666670000006,100,99.674999999999997,99.841666669999995,99.974999999999994,109,101.375,102.35,98.958333330000002,100.1,100.1333333,99.391666670000006,100,99.558333329999996,99.816666670000004,99.974999999999994,110.1,104.15951755307,0.892112723,0.93069636,5.6743139531373004,1480.222336,-408.54022859999998,-672.17428700000005,NA,263.63405840000001,788.26368979999995,20.38352381,411.22315650000002,356.65700950000002,283.41841729999999,-7.1,46.694186260174,570.79999999999995,270,200.6,0.46860143599999998,0.66317969899999996,0.66140035600000002,1319.1126810000001,127.4568933,50.669551650000002,20.016743229999999,30.65280842,62.34440317,13.96368277,0.47925572999999999,1130.7778860000001,60.877900879999999,982.04138599999999,212.67259379999999,422.86511530000001,1.2531777099999999,77.762652829999993,147.246308,120.2415385,337.07129450000002,337.07129450000002,419.81484569999998,1401.8562320000001,-82.743551139999994,-81.490373430000005,140.53932760000001,140.53932760000001,NA,48.510586259999997,2.01776708,46.492819179999998,78.139960043574007,7.5501332776134999,1.1857269956718,1.8157730265669001,83.041419837063003,-4.9014598017825,-4.8272256157289997,NA,NA,NA,NA,NA,NA,NA,NA,NA,NA,NA,NA,NA,NA,141,536,-395,513.04347829999995,3.2755298650000002,152.72264699999999,19.557690000000001,20.697876999999998,59.582023,0.307537,6.7300259999999996,0.10488,21.806279,1.616995,4.0772510000000004,4.1567129999999999,542.968526,182.313964,69.378630999999999,70.117289,0.33642,7.2712969999999997,10.450156,77.874726999999993,22.780190999999999,28.610683000000002,7.332821,444.61,166.87,696.67,529.79999999999995,-429.52,88.97,518.49,612.91,871.75,258.83999999999997,94.35,189.05,94.7,25.82,25.82,-2.5099999999999998,155.26,-181.6,41.44,-17.61,-472.95,NA,NA,17769.584760000002,41.268472927034999,31.383634944440001,9.8848379825946999,-25.443372746952999,26.337255441010999,NA,656.22103273923005,645.51587881,6.0166741108777,4.6884798183519996,1,203.40066959999999,191.21719350000001,191.21719350000001,1.4970000000000001,10.6864761,7.0884062701452004,0.7359,0.43329553642025997,3.2519999999999998,3.8079999999999998,1.4999999999999999E-2,NA,39.75,10.25,67.762900000000002
2020,1299.9949999999999,86.955668759999995,1.5273679790000001,31.3,NA,NA,NA,NA,NA,NA,NA,NA,NA,NA,NA,NA,NA,NA,NA,NA,NA,1581.4192410000001,286.80989779999999,0.50900860199999998,33.029133649999999,0.34175801,183.22613229999999,246.00763119999999,60.940128829999999,25.51302115,187.55839850000001,17.505887049999998,472.51618259999998,35.117365159999999,1549.0745448519999,2.236437,30.108258880000001,787.19557699999996,2368.614818,18.514919036862999,14.015208840885,67.469872122251999,1581.4192410000001,2053.4540849999998,1059.633613,31.920732269999998,961.89973929999996,280.3904392,227.90324820000001,190.80343020000001,37.099818040000002,52.218355870000003,0.26883509300000002,22.35061649,16.635226100000001,5.7153903870000002,774.77589969999997,492.53919580000002,282.23670390000001,67.005230841249997,60.825093963809003,17.730304016201,3.3019932043434999,1.4133264545249,48.992441701296002,1483.097626,287.80169369999999,0.62026874300000001,31.598062880000001,0.344710187,163.960454,238.87742370000001,61.935726979999998,24.742804199999998,186.55307640000001,16.526582650000002,444.29739009999997,34.739401100000002,1491.99759464,-14.63188963,5.7319214059999997,-8.4918050266599003,0.55832260700000003,-22.909864124018,-7.2452130280000002,1483.097626,1981.782291,1009.001288,31.199377599999998,941.58162540000001,286.79185990000002,235.15308049999999,198.48568829999999,36.667392220000004,51.382362219999997,0.25641721699999998,15.14635367,9.3664837379999994,5.7798699320000004,800.62287779999997,503.83159119999999,296.79128659999998,-1.5319692469999999,4.8697761330000002,-42.326361905916997,-47.285427220000003,-6.9903930409999999,280.3904392,1061.5686261999999,109.165156,787.19557699999996,165.2078932,6.9029864548106996,67.127590121436,17.730304016201,1216.4810180039001,1822.0184062246001,1581.4192410000001,1568.3730989999999,1216.4810180039001,93.9,502.59399999999999,218.28100000000001,101.33333330000001,102.1083333,100.3916667,101.8666667,99.674999999999997,99.15,100,98.424999999999997,99.45,100.1,111.8,102.0333333,103.7666667,98.65,102.6166667,99.6,99.525000000000006,100,97.516666670000006,99.333333330000002,100.1583333,110.1,106.62947693236001,0.48756301099999999,0.88094846000000004,2.3713237516011998,1573.8550909999999,-416.30531569999999,-706.62931700000001,NA,290.32400130000002,868.92728810000006,23.445774109999999,472.51280489999999,372.96870910000001,288.62248690000001,10.199999999999999,54.946042489690001,615.70000000000005,283.39999999999998,208.5,0.46409551900000001,0.66233660500000002,0.635816355,1262.803443,119.7217861,46.427494090000003,16.943546619999999,29.48394747,59.093896000000001,13.351856809999999,0.84853917999999995,1080.665211,62.416445760000002,1111.5660439999999,220.4319902,504.70123480000001,1.77452627,0.96411022999999996,152.4545961,231.23958680000001,151.23739860000001,151.23739860000001,213.1699572,1324.7360020000001,-61.932558669999999,-60.158032400000003,32.918127230000003,32.918127230000003,NA,28.37574794,2.21346,26.162287939999999,79.852540696386001,7.5705279786714996,1.0714139666902001,1.86439792217,83.768805112191998,-3.9162643949392,-3.8040533996513002,NA,NA,NA,NA,NA,NA,NA,NA,NA,NA,NA,NA,NA,NA,249,497,-248,76.595744679999996,-7.276119403,255.67836299999999,1.2744549999999999,71.172388999999995,48.158355999999998,26.691127000000002,1.4528760000000001,27.621863999999999,55.014617000000001,1.0203500000000001,3.7062080000000002,4.4364869999999996,509.38429200000002,186.106561,78.407414000000003,51.838984000000004,13.530948,12.449642000000001,11.232754,38.748685000000002,29.125596999999999,20.625717999999999,12.488327999999999,514.92999999999995,1077.1199999999999,1558.36,481.24,-806.05,39.71,845.76,118.54,364.07,245.53,125.33,211.38,86.05,12.43,12.43,927.38,628.9,242.22,56.4,-0.14000000000000001,400.01,NA,NA,19062.39529,98.541864143159003,30.43089318274,68.110970960420005,-50.970038753941999,32.561258055415003,NA,656.52363170991998,645.37534887000004,6.2666080957489996,4.8816747441723001,1,231.80053459999999,220.23713989999999,220.23713989999999,0.433,11.1303947,9.7863331175673007,0.1867,0.41241023095524998,3.94,4.1136182999999997,5.0000000000000001E-3,0.75,39.25,9.75,56.797699999999999
2021,1320.942,88.356797520000001,1.6113138899999999,31.7,247,234.3,66.442999999999998,33.344999999999999,NA,NA,NA,147.21199999999999,NA,NA,NA,1.3,12.7,5.0999999999999996,30.5,36.9,24.2,1562.5150329999999,314.29618399999998,1.2704505699999999,27.26593974,0.87465643800000004,165.28400110000001,245.96624310000001,48.535647640000001,22.135089780000001,191.4329956,41.790341210000001,497.8401078,56.096374760000003,1612.788031738,-20.959,-29.313998779999999,1901.0952319999999,3463.6102649999998,19.487755229762001,12.071955149504999,68.440289620732997,1562.5150329999999,2118.2686829999998,1057.8215399999999,38.391114330000001,1022.056029,236.8222663,216.44248640000001,167.97680460000001,48.465681840000002,20.105300270000001,0.27447968099999998,45.454018810000001,31.478917500000001,13.975101309999999,838.02993560000004,538.44437670000002,299.58555890000002,67.699927210875998,65.410956529337994,15.156479220894999,1.2867268375267,2.9090292157208002,53.633399865024003,1527.1882820000001,303.60340819999999,1.550216348,25.567226389999998,0.87854677800000003,146.4687289,230.42981119999999,49.326229300000001,20.680527049999998,190.5317579,40.294056480000002,485.07000119999998,55.40949071,1549.8100004559999,-27.065152220000002,4.4434339810000001,2.9728761766624001,5.490486958,-11.224498782235001,6.3581644639999997,1527.1882820000001,1983.66274,978.27481369999998,36.628190529999998,968.7597356,246.26787949999999,220.8658384,169.17759340000001,51.688244910000002,25.144384410000001,0.25765672299999998,27.15439512,14.249453859999999,12.904941259999999,729.89673210000001,442.7121879,287.1845442,-3.0452363569999998,2.886431666,-14.130101326491999,79.280080960000006,-8.8338901740000004,236.8222663,3618.7212466000001,1508.665921,1901.0952319999999,208.96009359999999,96.553689989361999,231.59593157014999,15.156479220894999,1182.8793641205,2622.0759617000999,1562.5150329999999,1552.727639,1182.8793641205,90.68,507.98599999999999,217.18799999999999,105.1583333,108.0166667,107.625,101.8583333,100.1,98.825000000000003,100.175,101.075,99.45,100.1833333,111.8,105.7166667,109.9416667,104.66666669999999,102.6333333,99.458333330000002,100.1833333,100,99.033333330000005,99.4,100.9,110.1,102.31318897718,3.7746710530000001,5.7863380400000004,-4.0479312844377997,1884.6295279999999,-481.30454550000002,-784.93574530000001,NA,303.63119979999999,1118.5754469999999,25.545412540000001,593.46879790000003,499.56123650000001,284.74953529999999,28.7,71.588139849916004,821.2,335.9,290.5,0.47583541000000001,0.688341498,0.64001907800000002,1563.9093109999999,126.6451287,44.827242429999998,17.81798577,27.009256659999998,66.525918829999995,14.65311792,0.63884947999999997,1347.640629,89.623553310000005,1477.236764,255.1621772,554.23424839999996,2.2722250599999998,5.7967627200000003,109.7700236,550.00132740000004,86.672546229999995,86.672546229999995,177.24033309999999,1654.477097,-90.567786859999998,-88.295561800000002,33.586256859999999,33.586256859999999,NA,17.290427139999998,1.0111220400000001,16.279305099999998,100.08923293348001,8.1052102555995003,1.1403401179309001,1.7285757954048,105.88551547074999,-5.7962825923096002,-5.6508615875826003,NA,NA,NA,NA,NA,NA,NA,NA,NA,NA,NA,NA,NA,NA,458,542,-84,83.935742970000007,9.0543259559999996,468.650576,108.91127899999999,119.878776,129.08998600000001,42.507931999999997,2.1899099999999998,30.532955999999999,4.6543000000000001E-2,1.0842540000000001,9.4167299999999994,7.2687369999999998,553.50132199999996,191.96173300000001,72.790049999999994,71.907189000000002,49.604016000000001,24.402374999999999,13.122007999999999,10.220155999999999,23.217949000000001,25.293222,11.181772,1696.91,2247.92,2806.09,558.16999999999996,-521.33000000000004,28.12,549.45000000000005,-232.64,282.83,515.47,202.96,299.18,96.22,12.72,12.72,942.75,358.05,253.67,52.5,278.52999999999997,-766.87,NA,NA,19993.401170000001,179.58803216198999,35.722536309191,143.8654958528,-33.364798993264998,108.60119513487,NA,934.78057864167999,889.60598071000004,6.0896327885648001,39.084965143114999,1,278.6140522,232.40755659999999,232.40755659999999,1.05,45.1564956,8.0440357912089997,0.37680000000000002,0.31534835839957998,6.3559999999999999,3.2424545,1.0999999999999999E-2,1.343,24.697299999999998,5.3356000000000003,36.371099999999998
2022,1340.434,89.660602460000007,1.4756136150000001,32.1,NA,NA,NA,NA,NA,NA,NA,NA,NA,NA,NA,NA,NA,NA,NA,NA,NA,1675.8739820000001,331.59188069999999,1.2012544249999999,41.4091667,0.50934660200000004,177.84007790000001,266.74131540000002,34.39591566,39.364580570000001,201.61795900000001,30.679744299999999,549.6681734,42.95075319,1717.9701678470001,-15.77324149,-26.3229443,1380.9402480000001,3056.81423,19.301375943888001,12.861681172492,67.836942883619997,1675.8739820000001,2431.8674179999998,1330.146806,39.357695489999998,1062.362916,330.96760130000001,289.58256779999999,229.45719779999999,60.125369910000003,41.062838399999997,0.322195128,55.765017200000003,30.181661030000001,25.583356169999998,1142.726054,764.16266819999998,378.5633861,79.370335734468,63.391575226447998,19.748955163384,2.4502342563367998,3.3275185245998999,68.186872418429999,1587.564918,319.99233379999998,1.4307594770000001,36.2896243,0.50443577699999997,149.71552489999999,243.41011470000001,34.94788887,34.374457630000002,194.9479484,28.457493670000002,519.89773500000001,41.473651330000003,1605.441967854,-21.699943229999999,3.8228930929999998,3.9534507114559001,5.3981362309999996,7.7239834852272002,2.4042557609999999,1587.564918,2123.0106169999999,1121.463213,35.730134919999998,965.8172697,326.19506860000001,280.53305779999999,219.09632920000001,61.436728590000001,45.397937460000001,0.264073328,35.369873380000001,11.78072718,23.589146199999998,897.01064169999995,568.44120380000004,328.56943790000003,14.63682773,-0.30373536299999998,32.455385274878999,30.254690709999998,22.895555259999998,330.96760130000001,2357.8290256999999,779.55006860000003,1380.9402480000001,197.33870909999999,46.516031454207997,140.69250140670999,19.748955163384,1250.2472945330001,2280.4660505478,1675.8739820000001,1651.7468819999999,1250.2472945330001,105.41,501.89400000000001,328.08,112.52500000000001,116.16666669999999,133.25,101.675,101.52500000000001,101.7166667,101,113.3416667,99.466666669999995,101.8416667,114.625,112.5666667,118.4916667,125.2333333,102.575,100.0666667,103.47499999999999,100,109.8416667,99.4,101.47499999999999,115.5,105.56254821448999,7.0053094539999998,7.5451319239999997,3.1758947891170002,2275.1317079999999,-570.45399999999995,-978.70299999999997,NA,408.24900000000002,1214.83,27.584,651.34799999999996,535.89800000000002,489.84833329999998,8.6051015389999996,72.489340669290996,1095.4000000000001,357.9,266.2,0.522373482,0.66841492999999996,0.66500923899999997,1861.970376,194.6527001,73.739946590000002,29.087382089999998,44.652564499999997,95.171639600000006,24.251363220000002,1.4897506599999999,1629.5280399999999,37.789636790000003,1670.8824300000001,247.6190096,463.05140219999998,2.24485622,0.83094243999999995,236.21337790000001,720.9228415,191.08794649999999,191.08794649999999,141.73227800000001,1812.6147080000001,49.35566858,51.600524800000002,195.6631625,195.6631625,NA,-59.553255129999997,-75.15477774,15.60152261,111.10443840043,11.61499624618,1.7356544944559,2.6644344968414999,108.15936803535,2.9450703996906999,3.0790217733685998,NA,NA,NA,NA,NA,NA,NA,NA,NA,NA,NA,NA,NA,NA,351,786,-435,-23.362445409999999,45.018450180000002,480.39881100000002,123.178286,97.220046999999994,9.8900120000000005,99.938184000000007,103.38729499999999,5.3123999999999998E-2,0.108899,13.505095000000001,8.0638339999999999,6.127173,958.46802100000002,268.573646,138.28642600000001,89.873130000000003,94.782600000000002,45.822831000000001,47.859717000000003,22.625627999999999,54.502982000000003,32.437157999999997,25.014420000000001,408.06,1012.32,1797.64,785.32,-440.08,60.36,500.44,-313.24,326.33,639.57000000000005,149.06,272.27999999999997,123.22,16.760000000000002,16.760000000000002,445.24,287.27,-30.62,290.33999999999997,-101.75,20.420000000000002,NA,NA,17732.084200000001,107.26582185223,46.860325324866999,60.405496527364001,-26.259731025528001,24.349086171324998,NA,830.81002964547997,787.85896344000003,5.7905012356884003,37.160564969795999,1,289.6947078,246.4183645,246.4183645,0.33800000000000002,42.9383433,9.4770139382367002,0.1166,0.68994783733369003,18.230888,4.5054965999999999,NA,NA,NA,NA,NA
2023,1360.596,91.009223180000006,1.504139704,32.5,NA,NA,NA,NA,NA,NA,NA,NA,NA,NA,NA,NA,NA,NA,NA,NA,NA,1801.716909,350.67694749999998,1.0827100590000001,34.214554679999999,0.38110288399999998,185.32134769999999,297.06533130000003,29.336409249999999,47.799232480000001,206.06665050000001,33.334799719999999,618.25943900000004,37.03422106,1840.572746133,-21.928855859999999,-16.92698086,633.40726800000004,2435.1241770000001,19.052599156254999,12.007116577561,68.940284266183994,1801.716909,2557.4888550000001,1419.5051370000001,37.35483344,1100.6288850000001,379.71399839999998,329.3411054,258.56448929999999,70.776616059999995,50.030443140000003,0.34244982200000001,59.031063809999999,17.087992589999999,41.94307122,1194.517008,781.32423100000005,413.19277679999999,78.786247157321995,61.087781299165002,21.075119876115998,2.7768204255666,3.2763784096783,66.298817646274003,1625.268669,327.22365159999998,1.3527169729999999,27.92504473,0.37493746900000002,154.4993221,250.34157350000001,29.582502829999999,38.496378620000002,197.02609659999999,29.264730279999998,554.36438069999997,35.052663330000001,1645.5039987319999,-24.039421950000001,3.8040920819999999,2.3749423140124999,2.2598409512272002,-2.0157051393119998,3.336558202,1625.268669,2154.5814500000001,1164.572594,32.127965250000003,957.88089070000001,364.66498189999999,312.87993449999999,242.6066932,70.273241299999995,51.517877800000001,0.26716956800000002,46.651896780000001,9.6755225389999993,36.976374239999998,940.6296595,602.77795730000003,337.85170210000001,3.8440298589999999,-0.821726756,11.793530008013001,31.897268279999999,4.8627090590000002,379.71399839999998,633.40726800000004,-156.41781879999999,633.40726800000004,156.41781879999999,-8.6815979812731001,35.155759755375001,21.075119876115998,1324.2115286241999,1789.7481522803,1801.716909,1760.0802080000001,1324.2115286241999,101.55,526.05499999999995,343.54,122,127.9916667,175.77500000000001,103.2333333,102.20833330000001,100.0333333,101,112.41666669999999,100.20833330000001,100.8166667,122.5,119.675,127.66666669999999,168.08333329999999,105.4666667,100.97499999999999,100.325,100,107.91666669999999,100.3,100.9333333,124.1,110.85655826420999,8.4203510329999993,10.179340030000001,5.0150457139139997,2102.1127529999999,-353.19206910000003,-845.74309410000001,NA,492.5510251,1247.740575,30.92393856,647.20305510000003,569.61358110000003,501.1,2.7090683470000001,69.252864796197997,1005.7831640000001,362.77560770000002,378.75574590000002,0.496355885,0.61693158199999998,0.65012795300000004,NA,NA,NA,NA,NA,NA,NA,NA,NA,NA,NA,NA,NA,NA,NA,NA,NA,NA,NA,NA,NA,NA,NA,NA,NA,NA,NA,NA,NA,NA,NA,NA,NA,NA,NA,NA,NA,NA,NA,NA,NA,NA,NA,NA,NA,NA,NA,NA,NA,NA,127,812,-685,-63.81766382,3.307888041,168.17699500000001,76.21275,4.8438590000000001,31.241848000000001,0.48625499999999999,11.764570000000001,9.9335999999999994E-2,3.8882E-2,27.562139999999999,2.6237529999999998,0.33080100000000001,930.71585700000003,300.45535699999999,128.62975299999999,94.237509000000003,81.930108000000004,52.146189,60.467790999999998,20.880604000000002,30.220627,19.987413,21.289928,-177.34,-140.44,632.4,772.83,-326.95999999999998,69.41,396.38,202.33,519.49,317.16000000000003,87.73,272.64999999999998,184.92,4.25,4.25,35.39,-131.46,332.38,-116.38,-49.14,208.48,NA,NA,18495.801240000001,35.099853747334997,42.894085976522,-7.7947872553378996,-18.147135011429999,-9.8428337500828,NA,781.99489667317005,738.71420464000005,5.8376043148093997,37.443087718356999,1,307.38403790000001,254.7564108,254.7564108,9.34,43.287627100000002,12.622930604524999,3.0385,2.0582136261995001,NA,NA,NA,NA,NA,NA,NA
2024,1400.6379999999999,93.687601860000001,2.9429749900000002,32.841999999999999,NA,NA,NA,NA,NA,NA,NA,NA,NA,NA,NA,NA,NA,NA,NA,NA,NA,NA,NA,NA,NA,NA,NA,NA,NA,NA,NA,NA,NA,NA,NA,NA,NA,NA,NA,NA,NA,NA,NA,NA,NA,NA,NA,NA,NA,NA,NA,NA,NA,NA,NA,NA,NA,NA,NA,NA,NA,NA,NA,NA,NA,NA,NA,NA,NA,NA,NA,NA,NA,NA,NA,NA,NA,NA,NA,NA,NA,NA,NA,NA,NA,NA,NA,NA,NA,NA,NA,NA,NA,NA,NA,NA,NA,NA,NA,NA,NA,NA,NA,NA,NA,NA,NA,NA,NA,NA,NA,NA,NA,NA,NA,NA,NA,NA,NA,NA,NA,NA,NA,124.5166667,133.43333329999999,171.5166667,103.6,101.52500000000001,98.4,102.66666669999999,110.5083333,99.8,102.5666667,124.9,120.4083333,129.80000000000001,164.55833329999999,105.91666669999999,99.8,98.908333330000005,102.4,105.5666667,99.7,102.85,127.2,NA,2.0628415573771002,4.2515788256393003,NA,2092.115577,-95.207268839999998,-744.31230660000006,NA,649.10503770000003,1338.863965,33.392313430000002,642.59179779999999,662.87985379999998,658,7.3030718099999996,NA,930.25137719999998,390.97045800000001,532.40728720000004,0.52034106800000002,0.62905763000000003,0.66275792200000005,NA,NA,NA,NA,NA,NA,NA,NA,NA,NA,NA,NA,NA,NA,NA,NA,NA,NA,NA,NA,NA,NA,NA,NA,NA,NA,NA,NA,NA,NA,NA,NA,NA,NA,NA,NA,NA,NA,NA,NA,NA,NA,NA,NA,NA,NA,NA,NA,NA,NA,NA,NA,NA,NA,NA,35.019232000000002,0.87189899999999998,1.217368,1.1634640000000001,0.25264500000000001,9.5925049999999992,9.9335999999999994E-2,3.1585000000000002E-2,9.7512480000000004,4.3083739999999997,0.19031100000000001,930.90247699999998,304.028819,116.83940699999999,66.704289000000003,81.930108000000004,48.102817999999999,49.562212000000002,60.902270999999999,14.013569,11.277652,18.983734999999999,-529.74,-644.17999999999995,195.98,840.16,-275.08,82.07,357.15,231.12,576.07000000000005,344.95,158.4,262.19,103.79,1.34,1.34,445.97,-227.71,635.88,81.900000000000006,-44.11,974.37,NA,NA,20040.622340000002,NA,NA,NA,NA,NA,NA,736.96660708202,694.91865666000001,5.6742897682814002,36.373660653736998,1,NA,NA,NA,NA,NA,NA,NA,NA,NA,NA,NA,NA,NA,NA,NA
