reporterCd,reporterLabel,partnerCd,partnerLabel,productCd,productLabel,200201 (USD Thousand),200202 (USD Thousand),200203 (USD Thousand),200204 (USD Thousand),200301 (USD Thousand),200302 (USD Thousand),200303 (USD Thousand),200304 (USD Thousand),200401 (USD Thousand),200402 (USD Thousand),200403 (USD Thousand),200404 (USD Thousand),200501 (USD Thousand),200502 (USD Thousand),200503 (USD Thousand),200504 (USD Thousand),200601 (USD Thousand),200602 (USD Thousand),200603 (USD Thousand),200604 (USD Thousand),200701 (USD Thousand),200702 (USD Thousand),200703 (USD Thousand),200704 (USD Thousand),200801 (USD Thousand),200802 (USD Thousand),200803 (USD Thousand),200804 (USD Thousand),200901 (USD Thousand),200902 (USD Thousand),200903 (USD Thousand),200904 (USD Thousand),201001 (USD Thousand),201002 (USD Thousand),201003 (USD Thousand),201004 (USD Thousand),201101 (USD Thousand),201102 (USD Thousand),201103 (USD Thousand),201104 (USD Thousand),201201 (USD Thousand),201202 (USD Thousand),201203 (USD Thousand),201204 (USD Thousand),201301 (USD Thousand),201302 (USD Thousand),201303 (USD Thousand),201304 (USD Thousand),201401 (USD Thousand),201402 (USD Thousand),201403 (USD Thousand),201404 (USD Thousand),201501 (USD Thousand),201502 (USD Thousand),201503 (USD Thousand),201504 (USD Thousand),201601 (USD Thousand),201602 (USD Thousand),201603 (USD Thousand),201604 (USD Thousand),201701 (USD Thousand),201702 (USD Thousand),201703 (USD Thousand),201704 (USD Thousand),201801 (USD Thousand),201802 (USD Thousand),201803 (USD Thousand),201804 (USD Thousand),201901 (USD Thousand),201902 (USD Thousand),201903 (USD Thousand),201904 (USD Thousand),202001 (USD Thousand),202002 (USD Thousand),202003 (USD Thousand),202004 (USD Thousand),202101 (USD Thousand),202102 (USD Thousand),202103 (USD Thousand),202104 (USD Thousand),202201 (USD Thousand),202202 (USD Thousand),202203 (USD Thousand),202204 (USD Thousand),202301 (USD Thousand),202302 (USD Thousand),202303 (USD Thousand),202304 (USD Thousand),202401 (USD Thousand),202402 (USD Thousand),202403 (USD Thousand),202404 (USD Thousand),202501 (USD Thousand),202502 (USD Thousand),202503 (USD Thousand),202504 (USD Thousand),202601 (USD Thousand),202602 (USD Thousand)
439956,timor leste import,626,Timor-Leste,TOTAL,Todos los productos,,2,,,19,,,0,6361,5486,6131,5010,7025,6141,5882,6604,14314,16968,21547,17067,14128,17251,17876,13180,19107,26264,37883,54669,50935,41382,57478,84034,56100,63302,62833,627633,106597,107490,109821,128912,101808,102215,119767,139382,94060,102803,114899,119072,90595,123768,140148,142694,173235,98041,108648,148374,99508,114787,133369,134238,105829,114109,112923,128890,77842,78608,108141,131428,104299,100922,140684,146644,130443,112154,176481,170683,146507,163797,191453,260341,203321,225642,246012,202817,228940,206259,230820,222679,188847,215672,244118,239538,214433,236029,254864,259900,236893,297194
439956,timor leste import,626,Timor-Leste,2710,"Aceites de petróleo o de mineral bituminoso (exc. aceites crudos); preparaciones con un contenido de aceites de petróleo o de mineral bituminoso >= 70% en peso, en las que estos aceites constituyan el elemento base, n.c.o.p.; desechos de aceites que contengan principalmente aceites de petróleo o de mineral bituminoso",,,,,,,,,1291,1354,996,1213,915,805,511,181,2538,2149,2648,2196,970,662,1150,2342,1186,1517,3114,6676,6338,419,2651,4307,4651,5411,4227,9187,10073,5074,4435,5544,6499,16390,12299,18624,7189,14375,7324,8969,6283,30243,35180,26986,6778,9962,10813,12158,7793,2203,3296,2970,2375,4694,3269,6803,1255,912,3513,3092,21868,10431,13462,24152,13093,18313,22218,21785,24906,37773,25695,25064,40273,32088,35415,20649,55205,20589,43618,18917,19270,29563,36087,20705,25931,24379,13019,38751,35297,71818
439956,timor leste import,626,Timor-Leste,1006,Arroz,,,,,,,,,1,,,,,,,,1353,,226,,,766,,,100,,,122,,101,,,,,,38,,2304,4010,4450,2659,271,,98,,100,1,290,,29,1,56,3,7,,57,13,18,2,2,,6,5,1,611,761,2473,422,270,,914,2357,1827,6351,4613,11191,11433,8747,4161,8357,11756,7313,12424,6344,6829,10356,15996,16740,14948,12608,12151,13971,8169,16128,11272,9494,11214,15298
439956,timor leste import,626,Timor-Leste,8704,"Vehículos automóviles para transporte de mercancías, incl. los chasis con motor y las cabinas",,,,,,,,,59,23,173,122,35,122,44,66,45,265,2525,431,194,92,195,128,358,366,402,1096,1890,1111,2979,1618,2455,2558,1828,1803,4209,2586,2467,1972,1786,1490,1805,2426,2852,2448,3558,3282,4226,3148,2144,3015,3799,2099,4261,4185,3783,4092,5756,3243,3396,2757,1896,4627,1800,1964,1406,2492,2475,2907,3163,5101,2638,1320,3159,3956,3344,3477,4097,4822,5738,4859,4974,4289,5867,7774,7610,7515,9248,6936,7590,8476,8781,9675,9893,10406,8448,10321
439956,timor leste import,626,Timor-Leste,2523,"Cementos hidráulicos, incl. los cementos sin pulverizar ""clinker"", incl. coloreados",,,,,,,,,,,14,,,,,,86,91,10,202,1,7,,,202,664,967,1622,824,1068,3503,2852,2050,1686,1503,3539,1976,2791,2322,3502,3380,1643,3219,4406,3491,4033,3330,3645,2206,1981,6460,2996,4439,3408,3449,4271,4633,4076,4875,4810,5243,5935,4304,6123,3190,4057,2639,4541,3100,3239,4295,4699,3376,2186,4466,4901,2959,3437,6033,4398,5396,2365,6468,5007,3632,3776,5760,6524,4424,5822,7957,6279,3862,6472,9039,7550,4507,6514
439956,timor leste import,626,Timor-Leste,8517,"Teléfonos, incl. teléfonos inteligentes y otros teléfonos para redes celulares o para otras redes inalámbricas; los demás aparatos de transmisión o recepción de voz, imágenes u otros datos, incl. aparatos para la comunicación en una red alámbrica o inalámbrica, sus partes (exc. ​​aparatos de transmisión o recepción de las partidas 8443, 8525, 8527 u 8528)",,,,,,,,,,1,3,2,78,13,,3,5,18,18,6,26,31,387,36,22,0,345,284,954,285,1981,1893,697,2169,717,1382,1315,1479,973,319,295,436,282,7561,653,1646,1546,1848,1235,2334,916,871,2787,561,628,721,786,5850,4625,3875,4577,3190,1811,3286,625,730,1564,2986,1911,2680,2440,3151,1578,2938,3410,2318,2923,3167,3070,2281,2657,3634,3726,3083,2967,5195,2249,5745,1896,3355,2184,3053,6244,4302,3400,4095,3011,1760
439956,timor leste import,626,Timor-Leste,8711,"Motocicletas, incl. los ciclomotores, y velocípedos equipados con motor auxiliar, incl. con sidecar o sin él; sidecares",,,,,,,,,9,11,,14,,,17,,7,6,1,201,202,,135,88,400,1078,1553,2245,1350,1105,1483,2329,2199,1312,1211,1934,2724,1613,1396,1881,1725,2384,2405,2569,2379,2406,1689,2992,2305,2350,2381,3104,2713,2784,1836,3376,3333,3747,2488,3507,4026,3874,3501,3890,2494,1384,3062,3489,3489,3307,3839,3435,3307,883,5444,4306,3066,2071,3149,3663,3335,2386,2833,3401,6196,4752,5366,5438,7019,7963,5338,9607,7929,6586,8461,8597,10269,8362
439956,timor leste import,626,Timor-Leste,0207,"Carne y despojos comestibles de gallos, gallinas, patos, gansos, pavos ""gallipavos"" y pintadas, de especies domésticas, frescos, refrigerados o congelados",,,,,,,,,9,12,12,16,12,5,3,3,1,6,2,,1,4,,1,,,,1,,1,1,1,,,,4,2741,2003,3285,2002,1411,1631,2726,1917,2181,2068,3020,1832,1525,637,1374,1053,1067,694,585,1029,1102,777,751,710,783,1039,1848,840,661,861,1688,1431,1159,1497,2182,1743,1433,1297,2602,2577,3206,1710,4085,3651,2859,4650,6339,1971,3424,5846,4444,5110,809,2699,5112,4196,5286,4244,4742,5739,5596,4354
439956,timor leste import,626,Timor-Leste,8703,"Automóviles de turismo y demás vehículos automóviles concebidos principalmente para el transporte de <10 personas, incl. camionetas y automóviles de carreras (exc. vehículos automóviles de la partida 8702)",,,,,,,,,470,47,234,221,101,46,235,371,161,181,309,444,226,106,394,282,374,1344,598,2068,1844,1409,1447,3856,2706,1207,1856,2674,3359,10262,4121,2258,2131,2579,2070,4780,1818,1319,2117,2952,2637,4140,3460,5517,4706,4415,3044,4632,4190,4016,2403,3068,3881,2927,3432,3392,2483,1745,3617,2544,2054,2831,3575,4189,2857,1137,2804,3170,1983,1888,2756,4920,4330,3567,3134,3358,5014,5717,4693,5098,4687,3378,3671,4639,4401,5241,4895,4553,3326,6894
439956,timor leste import,626,Timor-Leste,1511,"Aceite de palma y sus fracciones, incl. refinados, sin modificar químicamente",,,,,,,,,,,,,,,,,105,129,257,181,,,,,270,480,747,777,1140,1898,1093,1490,2020,1712,1615,1684,1339,3314,2311,10273,1655,2427,2806,1969,2575,2294,2847,2293,2373,2734,3756,2483,2395,2838,2498,2857,1964,1836,2730,2844,2605,3320,3435,4115,2006,2277,3797,2291,2930,2846,3334,2830,2749,2530,3412,4693,4103,2511,2792,4798,1995,3590,6245,6596,5144,4037,3697,5075,3654,4062,5834,4489,5893,6582,7611,6047,4576,6631
439956,timor leste import,626,Timor-Leste,1905,"Productos de panadería, pastelería o galletería, incl. con adición de cacao; hostias, sellos vacíos de los tipos utilizados para medicamentos, obleas para sellar, pastas secas de harina, almidón o fécula, en hojas, y productos simil.",,,,,,,,,,,,2,8,3,,,46,83,35,10,18,11,,5,252,420,969,975,646,587,788,1250,1144,1078,1271,1632,900,1013,1287,1378,1048,1344,1747,1660,1093,1206,1161,1337,972,991,1229,1769,1068,969,1205,1278,1548,1428,2104,1885,1851,1626,2402,2182,1751,1162,2410,2009,1718,1918,2461,2031,1474,1225,3280,2630,1812,2477,2388,3212,3493,3732,3403,2832,4162,3780,4225,4251,3404,3448,3567,4909,2706,3420,4895,4356,3237,3343
439956,timor leste import,626,Timor-Leste,1902,"Pastas alimenticias, incl. cocidas o rellenas de carne u otras sustancias, o preparadas de otra forma, tales como espaguetis, fideos, macarrones, tallarines, lasañas, ñoquis, ravioles, canelones; cuscús, incl. preparado",,,,,,,,,,,,,,,,,31,124,101,99,,,1,,687,973,1413,1144,1325,1192,1004,2994,1038,1728,1226,3055,1099,2707,2890,2300,2131,2395,3154,3613,1750,1967,3720,2970,3296,3152,2073,5001,1637,2411,2558,2603,2577,3585,1238,3050,2228,3726,2004,3305,2249,1882,4402,3011,2199,2371,2401,2850,3321,3890,2307,2392,2655,4278,3199,2459,3485,4739,4141,3484,4435,4495,4426,4101,4423,4803,3712,4107,5054,4481,4304,4511,4219,4751
439956,timor leste import,626,Timor-Leste,9403,"Muebles y sus partes, n.c.o.p. (exc. asientos y mobiliario para medicina, cirugía, odontología o veterinaria)",,,,,,,,,7,26,,16,8,45,,39,20,39,62,157,66,105,90,194,74,202,327,108,167,177,418,1438,560,450,355,952,496,718,1062,1632,1573,1044,1591,967,1072,1042,672,1318,1660,394,614,1044,961,603,542,1092,769,965,937,943,508,881,1031,904,663,704,671,980,725,564,1014,1210,671,943,1664,1775,1334,1523,2722,2655,1586,2596,3202,1995,1579,1881,2650,3919,2021,2980,2683,4234,3217,3513,3596,3132,4096,3435
439956,timor leste import,626,Timor-Leste,2402,"Cigarros ""puros"", incl. despuntados, cigarritos ""puritos"" y cigarrillos, de tabaco o de sucedáneos del tabaco",,,,,,,,,78,66,58,31,46,51,56,39,96,259,304,64,15,2,36,44,602,771,1309,1038,1161,1436,1136,1789,1746,1505,2435,1971,2229,1859,2564,2687,2537,2338,3599,2629,3349,1387,3375,3070,2493,3253,3773,3193,4071,3431,4447,4198,3658,5065,4401,5214,4769,5454,6358,2169,3548,3519,4483,2441,3037,3544,3508,3130,3943,2576,4365,3647,4101,4035,3812,4661,2311,3730,1967,4211,738,628,1105,2814,3159,2385,3744,2611,3425,2868,4357,3510,3319,3889
439956,timor leste import,626,Timor-Leste,7210,"Productos planos de hierro o acero sin alear, de anchura >= 600 mm, laminados en frío o en caliente, chapados o revestidos",,,,,,,,,5,,11,11,,,,,98,16,33,60,,8,,,200,290,320,733,466,296,635,297,234,277,1681,947,760,235,552,1026,1230,350,2205,2044,909,813,988,2787,1030,1190,1554,2276,2119,1253,941,2740,1614,1135,1431,2872,1601,1522,1393,3178,1681,1170,2541,2786,1738,803,1625,3211,1540,1186,3082,1687,2116,2617,4844,3009,4365,2598,6496,8220,6067,7685,2182,2765,1732,2329,1175,2713,2416,1889,3024,2611,1305,2869
439956,timor leste import,626,Timor-Leste,7306,"Tubos y perfiles huecos, p.ej. soldados, remachados, grapados o con los bordes simplemente aproximados, de hierro o acero (exc. tubos sin soldadura y tubos de secciones interior y exterior circulares y diámetro exterior > 406,4 mm)",,,,,,,,,6,,1,,5,92,,,2,,35,,,45,30,,38,54,8,,24,33,143,194,152,186,395,4779,626,341,243,1335,247,222,445,336,237,269,358,681,261,530,1122,742,513,1126,558,3325,620,664,1932,1025,1153,1422,1176,1075,704,1030,1002,1215,1089,809,1399,1271,990,1791,3742,3648,1078,1820,2858,3792,4805,3393,12858,8827,8800,4291,2332,2462,2387,3396,3546,2604,2169,2414,2684,3057,490,3517
439956,timor leste import,626,Timor-Leste,6907,"Baldosas y losas para pavimentos, chimeneas o muros; cubos de mosaico de cerámica y similares, incluso sobre soporte o no (exc. de harinas silíceas fósiles o de tierras silíceas análogas, productos refractarios, azulejos especialmente adaptados como centros de mesa, objetos de adorno y azulejos especiales para hornos y estufas)",,,,,,,,,,,,,,2,,,5,1,1,,,1,,120,15,7,,20,,15,14,5,32,135,208,201,325,261,305,367,190,82,159,74,65,55,17,56,28,43,73,37,79,40,58,46,16,24,82,66,255,397,829,899,571,434,703,670,307,631,683,449,320,536,1242,1624,450,1157,1845,992,1652,2190,2157,3941,570,1944,1880,2360,651,794,878,1122,714,2101,1201,1113,1213,717
439956,timor leste import,626,Timor-Leste,7214,"Barras de hierro o acero sin alear, simplemente forjadas, laminadas o extrudidas, en caliente, así como las sometidas a torsión después del laminado",,,,,,,,,,,,,,,,,275,77,27,1,67,,44,,236,235,2159,2581,648,1481,1824,6125,785,1568,1363,992,1821,1621,1486,1452,896,707,1767,1431,1292,801,1393,1043,845,558,761,834,1086,1183,910,1166,869,717,1017,989,790,466,783,532,428,498,460,518,436,244,1326,1083,432,170,816,1566,452,528,1100,4206,1481,2128,1965,1067,3014,2972,3562,2333,1795,1890,3563,1765,2477,2143,2807,4029,2380,4234
439956,timor leste import,626,Timor-Leste,2201,"Agua, incl. el agua mineral natural o artificial y la gaseada, sin adición de azúcar u otro edulcorante ni aromatizados; hielo y nieve",,,,,,,,,2,4,3,,1,,,,22,454,101,6,,137,93,3,183,353,471,743,562,589,755,1301,995,972,695,3547,1695,1075,1373,1759,581,356,207,715,900,916,922,1123,950,1100,933,1248,1133,1162,1034,1315,1708,1294,1143,1963,1373,1219,1608,2130,1459,1372,1314,1415,1141,1740,1054,1315,1438,801,1546,1743,1000,1016,1490,1776,1920,1475,1628,1799,1554,1479,1111,2189,1614,1690,1409,2313,1852,1866,1072,1830,1217,1017
439956,timor leste import,626,Timor-Leste,0402,"Leche y nata ""crema"", concentradas o con adición de azúcar u otro edulcorante",,,,,,,,,31,7,23,22,19,10,13,2,226,36,53,1,7,29,12,2,39,209,215,205,621,312,701,350,241,246,368,172,309,212,163,164,311,102,66,386,330,333,307,440,291,217,253,325,227,125,217,303,629,631,568,572,573,420,509,182,346,302,366,294,410,670,576,735,1262,1169,941,1398,857,884,796,904,1231,1310,2098,1345,2270,2078,2243,2152,2658,2464,1519,1856,1993,1293,1320,1345,1694,1420
439956,timor leste import,626,Timor-Leste,1101,"Harina de trigo y de morcajo ""tranquillón""",,,,,,,,,,,,,,,,,,29,,,,,,,691,376,1373,957,761,672,1129,859,873,894,1244,957,1215,1670,1939,1653,1716,1824,2340,1319,1815,2074,2104,1523,2165,2004,2184,1908,2045,2133,1594,2245,1593,2317,1829,1682,1498,2004,1999,1919,1611,1588,2304,1795,1442,1927,2288,1530,1524,1599,2146,1662,1200,1580,1789,1761,2022,2042,2452,2178,2490,2466,2350,2131,2146,1820,2263,2069,2201,2513,2572,2195,2014,2551
439956,timor leste import,626,Timor-Leste,2106,"Preparaciones alimenticias, n.c.o.p.",,,,,,,,,93,1,3,5,2,2,20,11,,6,7,1,7,22,28,42,67,132,77,119,44,106,76,171,54,68,47,55,29,48,39,81,127,144,127,811,145,170,84,112,134,430,356,515,578,328,508,446,538,293,360,346,534,379,433,483,472,304,488,591,759,887,674,490,373,412,559,616,358,413,446,632,592,663,884,1153,948,1534,1565,2095,1487,1215,1696,1983,980,1499,1359,1645,1119,968
439956,timor leste import,626,Timor-Leste,7308,"Puentes y partes de puentes, compuertas de esclusas, torres, castilletes, pilares, columnas, armazones para techumbre, techados, puertas y ventanas y sus marcos, contramarcos y umbrales, cortinas de cierre y barandillas y demás construcciones y partes de construcciones, así como chapas, barras, perfiles, tubos y simil., preparados para la construcción, de fundición, hierro o acero (exc. construcciones prefabricadas)",,,,,,,,,196,188,320,176,154,140,25,24,81,191,417,244,227,184,300,55,664,492,1430,1279,402,445,576,681,215,1358,1476,3527,2293,4969,5121,3211,3577,1585,2392,738,771,863,3061,1757,597,531,401,1155,506,931,927,4237,342,1307,1844,1901,819,1043,1301,839,1379,3342,431,986,533,614,628,1196,972,2830,4289,3411,7591,5059,6589,5973,1028,1444,1600,1038,1341,2259,1541,2080,1113,1818,2110,3249,1997,2383,3259,1225,2638,1938
439956,timor leste import,626,Timor-Leste,8409,"Partes identificables como destinadas exclusiva o principalmente a los motores de émbolo ""pistón"" de las partidas 8407 u 8408, n.c.o.p.",,,,,,,,,63,,,,,,,1,6,,,2,6,,2,1,25,8,15,,2,6,6,30,,13,42,51,164,140,267,615,242,175,89,176,179,156,132,127,156,218,151,189,187,30,68,36,21,35,260,169,84,51,39,195,169,100,39,74,58,8,53,267,23,169,221,575,172,194,109,156,31,35,136,133,256,14,1805,1784,49,28,390,134,426,62,306,63,42,25
439956,timor leste import,626,Timor-Leste,3926,"Manufacturas de plástico y manufacturas de las demás materias de las partidas 3901 a 3914, n.c.o.p.",,,,,,,,,1,1,1,6,53,15,12,15,30,74,131,36,24,101,204,109,61,107,131,298,165,148,161,183,368,281,315,567,377,225,249,464,270,382,1037,607,1006,551,556,414,508,314,264,369,343,173,244,366,337,448,593,520,608,513,420,377,268,259,326,456,261,463,706,614,390,615,772,1087,975,1914,1277,1388,928,1062,1571,1378,1687,1676,1546,1760,1194,1156,1490,1582,1155,1315,1842,1730,1362,1477
439956,timor leste import,626,Timor-Leste,6402,"Calzado con suela y parte superior de caucho o plástico (exc. calzado impermeable de la partida 6401, calzado ortopédico o con patines fijos, para hielo o de ruedas, así como calzado con características de juguete)",,,,,,,,,4,,,,11,25,,16,20,,32,31,49,98,,9,15,115,181,228,79,75,180,329,315,136,104,180,193,85,137,208,842,3130,662,124,121,189,139,145,65,114,326,227,342,147,363,1309,268,629,803,1193,718,761,301,332,215,287,293,502,454,620,800,740,378,369,1170,1146,590,344,1097,1519,818,845,1324,1123,1080,1185,1287,1751,856,1403,1335,1384,1060,1084,1122,1151,904,1131
439956,timor leste import,626,Timor-Leste,7326,"Manufacturas de hierro o acero, n.c.o.p. (exc. moldeadas)",,,,,,,,,2,4,14,5,17,18,1,57,11,88,17,47,18,43,36,22,111,183,166,164,195,252,217,310,557,391,673,2097,1501,1261,1340,1463,1122,1182,2191,1128,1052,1139,1503,1176,1724,830,699,948,1140,1601,489,483,519,1138,1062,1206,609,1217,845,804,914,375,833,1292,697,511,544,697,457,620,1008,797,663,1690,2232,3201,2191,1148,2167,1322,1282,1631,1583,1727,1421,1667,2176,1724,1540,1918,2356,2025,1747,2464
439956,timor leste import,626,Timor-Leste,8471,"Máquinas automáticas para tratamiento o procesamiento de datos y sus unidades; lectores magnéticos u ópticos, máquinas para registro de datos sobre soporte en forma codificada y máquinas para tratamiento o procesamiento de estos datos, n.c.o.p.",,,,,,,,,15,25,322,28,111,58,57,3,48,44,185,242,462,40,50,221,82,83,187,464,358,174,497,196,156,182,322,338,263,632,833,978,300,426,331,372,413,490,503,873,476,413,908,973,218,417,481,429,311,657,279,511,381,413,464,318,250,287,655,154,491,595,685,970,469,282,483,560,597,711,702,1229,1705,1498,1228,1178,891,2054,1130,1715,1982,1533,1447,1479,1515,829,1952,892,1206,1868
439956,timor leste import,626,Timor-Leste,4011,"Neumáticos ""llantas neumáticas"" nuevos de caucho",,,,,,,,,86,32,74,60,27,5,9,26,44,44,148,120,18,148,228,176,190,280,245,587,215,293,398,546,746,654,498,927,1098,970,993,944,1121,848,1062,1417,1377,1122,1274,1339,1180,894,1096,1391,950,1029,700,1101,979,870,1212,2231,2028,981,1634,1402,783,932,1247,1111,761,1154,1098,1474,600,819,1467,1284,1165,1039,998,1421,1663,1156,1232,1562,1493,1500,1687,1657,1712,1375,1473,1908,1312,1369,2001,1970,1608,1750
439956,timor leste import,626,Timor-Leste,2103,"Preparaciones para salsas y salsas preparadas; condimentos y sazonadores, compuestos; harina de mostaza y mostaza preparada",,,,,,,,,,,,,,,,1,1,2,,,,7,2,38,83,193,171,191,227,134,278,392,241,210,352,330,650,696,400,416,785,476,942,895,876,310,626,596,440,514,636,1072,543,625,1071,662,846,763,1103,858,908,883,959,817,1368,459,1084,843,1064,749,1330,900,1094,657,1207,1373,851,1036,952,1451,1364,1504,1279,1288,1412,1301,1477,1634,1263,1585,1690,1624,1371,1505,2066,2306,1396,1300
439956,timor leste import,626,Timor-Leste,3402,"Agentes de superficie orgánicos (exc. jabón); preparaciones tensoactivas, preparaciones para lavar, incl. las preparaciones auxiliares de lavado, y preparaciones de limpieza, aunque contengan jabón (exc. preparaciones de la partida 3401)",,,,,,,,,7,2,1,2,1,27,6,15,114,22,23,128,54,1,5,20,187,285,268,646,340,478,302,631,406,219,231,524,713,527,355,711,795,534,521,603,898,830,839,296,783,1311,951,1029,741,984,720,906,1082,1047,817,1002,1113,1195,1192,1520,888,731,1402,2267,750,572,1348,1543,1363,725,1626,1579,1902,962,1204,1447,1494,1337,2222,2099,1846,1491,1403,1617,2226,2060,1566,1785,1829,1784,1398,1754,1544,1658
439956,timor leste import,626,Timor-Leste,9404,"Soportes de colchón (exc. interiores de muelles para asientos); artículos de ropa de cama y mobiliario similar, p. ej. colchones, colchas, edredones, cojines, pufs y almohadas, provistos de muelles o rellenos o rellenos interiormente de cualquier materia o de caucho celular o plástico, incluso revestidos (exc. ​​colchones neumáticos o de agua y mantas y fundas)",,,,,,,,,2,,,,,,,,3,25,2,3,,,2,1,40,58,80,102,183,248,338,265,280,112,148,212,165,161,198,294,208,223,1397,479,255,261,292,412,290,255,364,547,365,229,319,690,456,505,610,660,683,521,771,627,463,477,472,406,465,362,450,639,474,461,1021,740,564,683,725,1107,920,811,981,977,1298,1254,1453,1586,1247,1366,1558,1856,1389,1672,1746,1711,1547,1502
439956,timor leste import,626,Timor-Leste,3924,"Vajilla y demás artículos de uso doméstico y artículos de higiene o tocador, de plástico (exc. bañeras, duchas, lavabos, bidés, inodoros y sus asientos y tapas, cisternas y artículos sanitarios o higiénicos simlares)",,,,,,,,,2,8,19,,19,2,5,4,696,665,1046,55,10,21,40,2,127,184,217,400,469,464,440,375,297,185,511,1740,207,140,78,61,385,438,595,290,89,91,235,280,213,268,208,249,226,287,274,286,187,370,477,1231,463,334,270,268,219,271,296,269,260,362,585,665,441,618,1085,693,635,918,1506,1714,1211,1029,1405,928,1122,1696,1596,1569,1211,1485,2009,1651,1302,1221,1978,1414,1077,1487
439956,timor leste import,626,Timor-Leste,9401,"Asientos, incl. los transformables en cama, y sus partes, n.c.o.p. (exc. asientos para medicina, cirugía, odontología o veterinaria)",,,,,,,,,1,1,,24,16,10,,,24,51,20,49,10,30,20,10,44,15,19,36,45,27,145,185,52,121,151,125,67,40,136,136,31,117,189,130,68,70,40,148,1202,88,412,3705,196,98,247,429,215,270,455,352,201,198,194,286,86,159,334,324,246,231,315,361,218,167,383,454,285,238,953,756,837,1214,1534,1137,800,986,1284,1552,863,1172,1043,1273,958,1120,1204,1133,1050,1107
439956,timor leste import,626,Timor-Leste,9999,Materias no a otra parte especificadas,,,,,,,,0,1615,1254,1645,1393,2532,2613,2407,2002,2435,3313,3458,4269,3587,5947,5802,2131,1755,2007,2600,2084,1729,1954,1907,2391,1262,2894,2750,7077,11439,1496,6994,2005,1642,2561,2671,1767,2222,1903,2322,2610,1837,2284,3462,4336,75350,1010,7977,1611,834,623,512,771,628,2509,592,1250,818,794,718,1299,630,882,875,1115,814,972,1530,978,795,2481,3881,1726,1144,1025,869,772,2755,906,936,1533,1899,936,1106,1269,882,1195,1986,1952,8258,8666
439956,timor leste import,626,Timor-Leste,8708,"Partes y accesorios de tractores, vehículos automóviles para transporte de >= 10 personas, automóviles de turismo, vehículos automóviles para transporte de mercancías o para usos especiales de las partidas 8701 a 8705, n.c.o.p.",,,,,,,,,100,203,200,143,70,59,40,220,21,95,138,49,35,212,180,26,170,101,284,175,507,190,215,737,265,219,205,211,826,552,549,492,489,446,600,679,322,770,718,724,774,829,859,954,747,698,675,1153,941,1253,1496,1381,647,813,893,803,1144,695,1157,1054,666,817,807,1277,838,648,1773,1523,903,783,1438,1388,2200,1338,1196,768,1561,1476,1357,1483,1128,1508,2336,1950,1765,1936,3701,2328,2026,9387
439956,timor leste import,626,Timor-Leste,6904,"Ladrillos de construcción, bovedillas, cubrevigas y artículos simil., de cerámica (exc. productos de harinas silíceas fósiles o de tierras silíceas análogas, ladrillos refractarios de la partida 6902, así como placas y baldosas de cerámica y losas para pavimentación o revestimiento de las partidas 6907 y 6908)",,,,,,,,,,,,,,,,,1,,,,,9,,,4,1,2,1,34,20,6,31,55,1,50,14,21,4,5,,39,60,0,110,5,3,2,27,15,12,39,98,85,123,358,851,334,272,298,413,341,200,409,459,238,116,164,213,195,702,419,204,137,512,958,1510,224,190,1718,895,548,948,1176,738,597,657,648,1478,1147,646,835,450,226,1145,914,955,1068,321
439956,timor leste import,626,Timor-Leste,0407,"Huevos de ave con cáscara, frescos, conservados o cocidos",,,,,,,,,28,22,5,7,4,2,2,2,3,10,43,10,22,2,9,46,139,186,242,155,177,186,335,272,212,113,352,242,155,212,212,218,529,316,551,497,190,597,345,287,170,436,542,438,418,357,192,825,329,456,527,518,417,461,267,564,269,554,220,266,218,315,146,217,249,314,410,655,784,502,515,732,299,642,398,872,462,773,725,1348,386,887,1492,1506,923,1089,1643,1646,1279,318
439956,timor leste import,626,Timor-Leste,8429,"Topadoras frontales ""bulldozers"", topadoras anguladores ""angledozers"", niveladoras, traíllas ""scrapers"", palas mecánicas, excavadoras, cargadoras, palas cargadoras, compactadoras y apisonadoras ""aplanadoras"", autopropulsadas",,,,,,,,,,0,,,94,,,,20,,,,72,4,,,41,262,79,878,925,1122,1039,1212,1754,703,596,705,4804,1070,929,693,1161,778,1772,1963,2567,2098,4576,3537,1619,1305,3018,2636,1701,4609,1762,2727,2629,3095,4580,3558,2328,2733,1307,4877,817,864,619,342,868,1721,802,313,302,376,20,212,118,178,68,1032,72,310,883,508,565,1665,3503,1331,3629,3336,4338,4593,5373,4487,2743,3721,3799,4604
439956,timor leste import,626,Timor-Leste,2202,"Agua, incl. el agua mineral y la gaseada, con adición de azúcar u otro edulcorante o aromatizada, y demás bebidas no alcohólicas (exc. los jugos de frutas o de hortalizas de la partida 2009)",,,,,,,,,74,40,27,41,42,8,30,38,30,53,143,99,80,41,96,43,95,211,949,1235,520,748,1769,2173,1391,1228,2159,2061,1244,1057,1834,3173,3040,1352,2930,3122,2439,2404,1630,3633,860,1409,3351,2256,2054,1985,1270,3068,3587,3063,2962,5168,1816,1974,3287,3942,1954,2069,2667,2895,1678,2430,2813,2523,2601,652,2978,4102,1701,1714,2781,4533,2937,2214,3092,4499,369,908,996,1302,1001,1864,1028,1067,1031,949,676,1384,458,631
439956,timor leste import,626,Timor-Leste,2309,Preparaciones de los tipos utilizados para la alimentación de los animales,,,,,,,,,,,5,4,,,,,,,,,,,,,,,,,,1,,,,,,1,,51,88,68,18,0,12,3,1,0,7,52,12,59,16,121,110,79,104,132,86,138,104,173,197,232,254,157,288,307,413,470,632,683,736,848,824,820,704,884,522,669,577,728,695,810,881,743,1213,817,921,1300,850,927,1060,1000,793,999,916,1037,1034,1288
439956,timor leste import,626,Timor-Leste,1701,"Azúcar de caña o de remolacha y sacarosa químicamente pura, en estado sólido",,,,,,,,,,,,,369,231,341,664,140,151,136,11,102,74,117,,,,,,,,,,1,1,1,,1,,484,6,6,17,9,121,13,4,439,700,447,140,22,22,1,33,8,57,12,62,113,362,190,96,617,96,4,12,266,1065,3,444,676,1743,1021,725,1388,1219,1353,1804,1968,919,1240,961,1204,3500,119,10,404,1293,32,563,1366,84,162,259,160,201,2101,1019
439956,timor leste import,626,Timor-Leste,6911,"Vajilla y demás artículos de uso doméstico, higiene o tocador, de porcelana (exc. bañeras, bidés, fregaderos y aparatos fijos simil.; estatuillas y demás objetos de adorno; cántaros, bombonas y recipientes simil. de transporte o envasado; molinos de café y de especias con recipientes de cerámica y parte operante de metal)",,,,,,,,,,,,,,,,,,,,,,,,3,,,,,,,37,14,15,10,13,12,30,6,11,20,14,31,13,10,12,7,9,4,1,6,44,44,72,23,145,98,189,167,397,1059,365,179,105,67,122,80,158,281,254,284,687,905,392,294,1350,570,485,281,715,1120,510,795,1138,630,1050,1065,905,1284,729,646,887,692,1157,433,943,778,587,108
439956,timor leste import,626,Timor-Leste,9503,"Triciclos, scooters, pedales de coche y ruedas de juguete similares, sillas y coches para muñecas y muñecos. otros jueguetes; a escala reducida de modelos recreativos, para el trabajo o no; puzzles de calquer clase",,,,,,,,,,,,,,,,,,,,,,2,,4,,,7,14,1,5,6,25,106,130,9,18,28,21,24,45,35,29,12,52,31,19,21,17,20,26,26,123,37,73,121,220,65,29,280,793,474,476,341,116,195,183,126,361,295,365,569,573,346,525,1200,463,516,289,1064,677,624,770,1006,594,861,922,662,1238,561,1182,1030,838,550,936,1036,746,825,1277
439956,timor leste import,626,Timor-Leste,9406,"construcciones prefabricadas, si es o no completa o ya montado",,,,,,,,,,,95,,,,19,2,,143,914,219,160,101,60,59,67,,,87,33,253,398,504,100,68,508,106,268,684,99,113,49,89,802,3007,1696,1010,1608,1137,726,909,502,720,563,664,570,3491,420,140,384,275,158,400,148,541,53,130,472,295,42,188,415,186,681,47,266,392,243,415,257,86,386,956,474,346,332,388,405,1208,557,294,376,457,117,2594,1120,1121,657,212
439956,timor leste import,626,Timor-Leste,4202,"Baúles, maletas ""valijas"", maletines, incl. los de aseo y los portadocumentos, portafolios ""carteras de mano"", cartapacios, fundas y estuches para gafas ""anteojos"", binoculares, cámaras fotográficas o cinematográficas, instrumentos musicales o armas y continentes similares; sacos ""bolsas"" de viaje, sacos ""bolsas"" aislantes para alimentos y bebidas, bolsas de aseo, mochilas, bolsas de mano ""carteras"", bolsas para la compra, billeteras, portamonedas, portamapas, petacas, pitilleras y bolsas para tabaco, bolsas para herramientas y para artículos de deporte, estuches para frascos y botellas, estuches para joyas, polveras, estuches para orfebrería y continentes similares, de cuero natural o regenerado, hojas de plástico, materia textil, fibra vulcanizada o cartón, o recubiertos totalmente o en su mayor parte con estas materias o papel",,,,,,,,,,,,1,6,5,7,31,25,9,27,52,43,150,98,162,70,87,114,427,115,155,171,152,208,213,192,198,113,45,51,38,51,284,537,337,103,75,143,89,49,66,89,73,101,104,264,738,273,241,324,413,348,313,194,121,171,256,113,183,218,286,289,428,194,313,492,668,433,415,812,1194,653,806,1443,939,1297,1320,798,1197,685,944,926,906,957,1010,1162,805,721,822
439956,timor leste import,626,Timor-Leste,0303,"Pescado comestible, congelado (exc. filetes y demás carne de pescado de la partida 0304)",,,,,,,,,,,,,1,3,,,,1,,1,1,29,28,,1,,,2,2,,,,,,5,8,127,41,147,120,68,147,113,209,129,196,165,101,118,225,186,447,14,167,995,741,22,251,389,661,858,861,598,1382,223,524,1026,708,1076,819,1425,833,770,369,1391,1501,594,262,647,1059,845,1077,1479,1297,1147,1037,1824,1193,1010,1427,3277,1340,443,1572,2049,1588,863,2172
439956,timor leste import,626,Timor-Leste,8427,Carretillas apiladoras; las demás carretillas de manipulación con dispositivo de elevación incorporado (exc. carretillas puente y carretillas grúa),,,,,,,,,52,100,24,47,,,,,23,93,161,,,,10,15,,40,463,116,107,46,60,79,387,563,208,457,639,361,1016,699,814,1152,1636,1787,1255,1300,613,2533,1836,977,1432,843,1016,1149,503,828,511,506,590,77,165,491,114,192,130,148,240,69,464,528,336,393,715,236,351,113,81,380,223,87,2889,310,661,675,244,326,308,1169,280,797,326,872,499,563,433,791,521,529
439956,timor leste import,626,Timor-Leste,3923,"Artículos para transporte o envasado, de plástico; tapones, tapas, cápsulas y demás dispositivos de cierre, de plástico",,,,,,,,,1,11,9,3,2,3,1,1,578,108,5,5,3,6,4,40,110,157,253,189,341,358,277,624,494,345,329,425,436,429,452,380,552,444,417,636,490,397,531,631,498,581,673,732,525,560,560,513,570,550,531,455,608,519,510,466,496,446,589,726,688,700,755,690,855,765,999,912,708,815,1055,1047,879,1208,1265,883,1053,1403,891,1144,1079,1391,1880,981,1368,1625,1767,1720,1853,1791
439956,timor leste import,626,Timor-Leste,1704,"Artículos de confitería sin cacao, incl. el chocolate blanco",,,,,,,,,3,5,,2,2,4,3,4,122,8,6,51,25,3,108,,79,152,410,407,322,292,437,362,294,306,446,682,357,452,522,568,533,465,665,571,436,451,426,530,350,321,509,513,320,361,491,450,469,549,463,530,425,384,789,402,343,255,582,417,401,425,654,515,396,223,691,799,613,462,801,849,686,689,1012,816,321,781,897,1117,771,754,896,1021,960,1012,1366,1141,834,757
439956,timor leste import,626,Timor-Leste,7309,"Depósitos, cisternas, cubas y recipientes simil., de fundición, hierro o acero, para cualquier materia, de capacidad > 300 l, sin dispositivos mecánicos ni térmicos, incl. con revestimiento interior o calorífugo (exc. contenedores especialmente concebidos y equipados para uno o varios medios de transporte y recipientes para gas comprimido o licuado)",,,,,,,,,,,9,10,,,,,,,,54,,3,,,,,27,148,50,171,123,9,,6,28,177,5,11,25,75,12,,25,6,,1,25,13,86,34,3,36,2,13,101,59,68,879,711,150,150,63,69,81,5,43,169,32,45,224,3,16,447,40,36,15,71,84,800,483,432,6,195,781,1651,1200,965,1100,1558,488,466,194,472,887,397,310,199,66
439956,timor leste import,626,Timor-Leste,8477,"Máquinas y aparatos de trabajar caucho o plástico o para fabricar productos de estas materias, no expresados ni comprendidos en otra parte del capítulo 84; sus partes",,,,,,,,,,,,,,,,,,,,,,,,,,,,,,,38,2,1,1,4,15,,7,2,8,3,1,10,109,25,1,2,,,2,63,33,46,1,1,1,,190,31,,7,18,2,1,383,8,,143,1,4,18,2,7,1,122,10,,4,,28,52,26,92,2,3,70,32,1094,94,20,37,160,412,89,38,82,86,630
439956,timor leste import,626,Timor-Leste,9619,"Compresas y tampones higiénicos, pañales para bebés y artículos similares, de cualquier materia",,,,,,,,,,,,,,,,,,,,,,,,,,,,,,,,,,,,,,,,,116,83,144,102,206,201,391,230,302,336,312,356,349,255,269,272,411,448,510,235,428,624,537,304,484,303,989,348,698,770,667,518,768,732,1448,715,749,784,992,769,1048,1026,1277,838,1257,1429,1283,1084,1238,1390,1191,1669,1273,1331,1251,1387,1282,1624
439956,timor leste import,626,Timor-Leste,8544,"Hilos, cables, incl. los coaxiales, y demás conductores aislados para electricidad, aunque estén laqueados, anodizados o provistos de piezas de conexión; cables de fibras ópticas constituidos por fibras enfundadas individualmente, incl. con conductores eléctricos o provistos de piezas de conexión",,,,,,,,,20,2,20,12,25,11,6,24,5,26,26,41,150,49,458,61,160,105,175,93,86,89,334,618,80,339,560,1702,2646,2365,2923,3101,1839,518,1016,981,760,1009,811,1474,788,538,539,427,755,457,1029,728,611,513,408,767,741,554,733,248,229,283,190,302,417,306,326,312,204,292,707,309,369,342,553,899,566,821,1518,872,1037,888,1400,1041,731,694,666,2109,657,1206,4644,1807,993,845
439956,timor leste import,626,Timor-Leste,4820,"Libros registro, libros de contabilidad, talonarios """"de notas, pedidos o recibos"", agendas, bloques memorandos, bloques de papel de cartas y artículos simil., cuadernos, carpetas de mesa, clasificadores, encuadernaciones ""de hojas móviles u otras"", carpetas y cubiertas para documentos y demás artículos escolares, para oficina o de papelería, incl. los formularios en paquetes o plegados [""manifold""], aunque lleven papel carbón ""carbónico"" de papel o cartón; álbumes para muestras o para colecciones y cubiertas para libros, de papel o cartón",,,,,,,,,3,,1,0,,2,,7,1,,,,,,5,,16,82,124,50,131,89,112,143,279,213,162,91,162,56,73,88,410,102,172,205,210,59,152,259,44,50,87,204,174,129,195,188,151,356,301,463,396,255,145,151,215,127,206,367,184,171,502,490,250,60,81,428,263,156,107,570,391,291,249,313,214,328,444,1001,497,292,536,1211,509,250,454,1094,387,344
439956,timor leste import,626,Timor-Leste,2101,"Extractos, esencias y concentrados de café, de té o de yerba mate y preparaciones a base de estos productos o a base de café, de té o de yerba mate; achicoria tostada y demás sucedáneos del café tostados y sus extractos, esencias y concentrados",,,,,,,,,,,,,,,,,8,16,12,,,,,,36,68,179,248,669,172,629,749,579,493,490,830,612,1217,762,964,775,1090,1435,1150,1095,1440,1517,1025,930,983,1150,1163,852,833,654,586,800,457,510,521,146,237,294,269,369,688,299,345,231,1082,791,1205,399,460,665,465,165,218,407,863,440,758,608,748,867,1192,1462,956,1145,1683,812,1167,659,730,1284,1045,732,789
439956,timor leste import,626,Timor-Leste,8516,"Calentadores eléctricos de agua de calentamiento instantáneo o acumulación y calentadores eléctricos de inmersión; aparatos eléctricos para calefacción de espacios o suelos; aparatos electrotérmicos para el cuidado del cabello ""p.ej. secadores, rizadores, calientatenacillas"" o para secar las manos; planchas eléctricas; los demás aparatos electrotérmicos de uso doméstico; resistencias calentadoras (exc. las de la partida 8545); sus partes",,,,,,,,,,,,,,13,136,7,,20,3,13,4,8,3,20,4,10,29,25,73,81,54,63,100,38,69,50,136,65,81,72,103,123,134,115,170,122,112,136,131,273,216,169,242,256,248,398,221,684,720,356,511,771,533,164,219,437,264,532,282,700,608,754,551,514,1010,812,784,866,717,1085,1939,1134,1068,843,882,2031,1248,956,929,1397,1074,1549,1339,1453,1054,1286,1060,1411
439956,timor leste import,626,Timor-Leste,6204,"Trajes sastre, conjuntos, chaquetas ""sacos"", vestidos, faldas, faldas pantalón, pantalones largos, pantalones con peto, pantalones cortos ""calzones"" y ""shorts"", para mujeres o niñas (exc. de punto, así como cazadoras y artículos simil., combinaciones, enaguas, bragas ""bombachas"", calzones"", prendas de deporte, monos ""overoles"" y conjuntos de esquí y trajes de baño)",,,,,,,,,,,,,,,,,,,,,,,,,,,1,1,,2,9,34,,3,,2,17,,3,6,25,2,4,48,11,0,15,,8,2,1,4,1,29,181,659,156,7,409,74,248,120,66,180,23,72,76,66,152,71,110,160,146,227,687,817,440,489,490,813,910,35,535,111,384,623,689,934,194,281,610,93,123,161,202,455,46,146
439956,timor leste import,626,Timor-Leste,3305,Preparaciones capilares,,,,,,,,,,,,,,,,,23,1,6,9,,3,7,,35,78,91,167,151,160,163,248,115,224,112,397,231,339,238,324,271,219,312,211,395,389,186,217,277,127,212,310,233,168,255,201,309,330,295,318,347,269,340,429,357,459,362,331,265,374,448,369,514,273,626,642,753,639,743,837,950,739,840,836,677,528,809,898,968,830,948,1225,920,884,676,1263,837,907
439956,timor leste import,626,Timor-Leste,3401,"Jabón; productos y preparaciones orgánicos tensoactivos usados como jabón, en barras, panes, trozos o piezas troqueladas o moldeadas, aunque contengan jabón; productos y preparaciones orgánicos tensoactivos para el lavado de la piel, líquidos o en crema, acondicionados para la venta al por menor, aunque contengan jabón; papel, guata, fieltro y tela sin tejer, impregnados, recubiertos o revestidos de jabón o de detergentes",,,,,,,,,5,7,,,8,,,,151,36,19,127,,38,2,21,166,281,230,309,363,322,416,608,347,518,368,634,464,673,317,320,558,705,584,412,679,734,664,317,428,459,400,170,199,222,226,283,202,699,326,257,266,188,525,489,220,217,251,155,300,446,523,761,460,332,743,949,1119,568,657,598,985,790,1229,1202,1046,810,762,884,914,1002,1210,1320,1250,792,1672,1664,1245,1652
439956,timor leste import,626,Timor-Leste,6203,"Trajes ""ambos o ternos"", conjuntos, chaquetas ""sacos"", pantalones largos, pantalones con peto, pantalones cortos ""calzones"" y ""shorts"", para hombres o niños (exc. de punto, así como cazadoras y artículos simil., chalecos por separado, prendas de deporte, monos ""overoles"", conjuntos de esquí y trajes de baño)",,,,,,,,,,,,,104,,5,,2,1,,1,8,152,,,,3,,5,6,2,7,633,1,,19,,2,,,17,16,,,1,8,6,8,262,193,67,22,183,2,15,99,942,13,20,236,167,125,136,50,122,23,154,432,109,89,26,113,129,130,62,548,79,255,167,144,563,297,69,278,162,131,308,384,884,222,306,321,281,107,139,773,273,219,306
439956,timor leste import,626,Timor-Leste,3004,"Medicamentos constituidos por productos mezclados o sin mezclar, preparados para usos terapéuticos o profilácticos, dosificados dosis ""incl. Aquellas para la administración transdérmica"" o en formas o envases para la venta al por menor (exc. Productos de las partidas 3002, 3005 o 3006)",,,,,,,,,,4,,,,140,151,49,64,12,55,102,20,13,29,298,204,345,107,225,94,55,66,244,157,173,621,322,436,651,742,889,388,391,664,494,367,566,871,767,507,4245,802,1377,409,718,526,772,881,690,255,1499,1957,439,1448,1207,863,1132,1396,1368,1638,960,761,524,734,637,961,831,828,1220,1080,1458,1237,1620,1582,1523,998,1472,1438,877,911,1214,1404,1356,1154,973,2193,1316,673,1627
439956,timor leste import,626,Timor-Leste,3304,"Preparaciones de belleza, maquillaje y para el cuidado de la piel, incl. las preparaciones antisolares y las bronceadoras (exc. medicamentos); preparaciones para manicuras o pedicuros",,,,,,,,,,,,,,,,3,39,1,28,16,,3,,,39,125,207,210,241,277,327,416,315,359,191,470,247,535,408,290,466,273,354,358,249,268,299,301,325,251,415,455,266,289,164,170,266,299,380,262,278,191,367,688,439,250,379,422,267,224,718,695,490,165,418,343,504,449,607,727,601,539,546,641,856,671,773,870,764,673,926,986,981,881,1499,1549,1264,1397
439956,timor leste import,626,Timor-Leste,6104,"Trajes sastre, conjuntos, chaquetas ""sacos"", vestidos, faldas, faldas pantalón, pantalones largos, pantalones con peto, pantalones cortos ""calzones"" y ""shorts"", de punto, para mujeres o niñas (exc. cazadoras y artículos simil., combinaciones, enaguas, bragas, prendas de deporte, monos y conjuntos de esquí y trajes de baño)",,,,,,,,,,,,,,,,,7,3,,1,,,,,14,18,9,12,9,,44,986,366,8,52,21,176,6,2,5,1,3,115,14,4,318,10,13,3,6,5,19,16,3,6,19,6,11,163,194,154,234,36,100,38,18,54,256,261,554,315,446,93,171,1386,664,133,461,628,1655,368,69,269,163,167,455,313,836,205,97,244,359,341,351,216,208,114,267
439956,timor leste import,626,Timor-Leste,3925,"Artículos para la construcción, de plástico, n.c.o.p.",,,,,,,,,,1,,,,,,,,4,8,36,10,32,24,,23,14,3,4,39,68,50,16,6,29,84,68,89,29,68,116,39,76,55,64,11,11,55,121,83,54,50,90,117,79,60,301,93,108,499,342,97,123,111,154,125,148,272,276,155,92,233,170,230,329,644,302,437,180,534,510,540,458,1293,952,294,454,1131,827,646,618,955,989,749,1245,1092,989,1163,1022
439956,timor leste import,626,Timor-Leste,4412,"Madera contrachapada, madera chapada y madera estratificada similar (exc. tableros de madera llam. ""densificada"", tableros celulares, tableros para parqués, marquetería, madera taraceada y tableros reconocibles como partes de muebles)",,,,,,,,,,,,,6,,,,74,,13,25,14,89,5,54,,9,78,50,44,33,32,566,414,271,282,388,290,337,223,549,564,287,803,694,358,533,837,668,337,823,563,1205,326,714,643,1027,571,1131,1025,1218,634,701,740,1403,602,857,1435,1160,418,684,593,952,285,637,1216,611,351,784,865,930,801,568,1043,848,1161,761,1173,805,788,1094,1381,790,611,1337,964,1413,860,1015
439956,timor leste import,626,Timor-Leste,8418,"Refrigeradores, congeladores y demás material, máquinas y aparatos para producción de frío, aunque no sean eléctricos; bombas de calor; sus partes (exc. las máquinas y aparatos para acondicionamiento de aire de la partida 8415)",,,,,,,,,,2,5,4,,15,,135,1,,2,10,53,6,85,11,31,59,165,314,282,299,383,677,268,486,309,408,318,374,305,425,295,283,347,1078,407,376,402,434,300,304,521,513,363,345,272,470,403,597,709,491,445,332,630,377,363,349,276,330,400,336,439,443,359,481,478,766,541,520,590,726,639,487,1503,581,735,871,677,796,682,517,718,1158,555,714,699,1104,927,1062
439956,timor leste import,626,Timor-Leste,3917,"Tubos, juntas, codos, empalmes ""eacores"" y demás accesorios de tubería, de plástico",,,,,,,,,10,8,1,3,1,8,6,10,31,2,1,35,22,25,15,29,121,87,191,281,140,394,211,600,338,262,419,600,306,394,344,455,487,263,446,326,295,274,319,324,378,286,505,484,506,352,482,661,319,550,794,981,376,488,666,615,351,317,394,447,350,194,436,547,404,673,729,621,602,514,915,1372,971,568,882,704,1108,1091,691,790,796,1361,611,987,533,720,1037,912,1045,1009
439956,timor leste import,626,Timor-Leste,3209,"Pinturas y barnices a base de polímeros sintéticos o naturales modificados, dispersos o disueltos en un medio acuoso",,,,,,,,,,,,,,,,,9,,,,26,2,,,54,110,114,141,156,112,262,272,236,216,211,320,427,354,316,382,356,229,254,311,355,415,394,284,233,84,198,406,269,314,238,330,332,475,257,403,335,276,375,332,225,372,193,372,253,395,441,504,399,307,435,555,297,579,502,759,556,799,544,983,592,608,687,775,783,852,685,633,761,756,748,725,671,815
439956,timor leste import,626,Timor-Leste,7323,"Artículos de uso doméstico y sus partes, de fundición, hierro o acero; lana de hierro o acero; esponjas, estropajos, guantes y artículos simil. para fregar, lustrar o usos análogos, de hierro o acero (exc. bidones, latas o botes, cajas y recipientes simil. de la partida 7310; papeleras; palas, sacacorchos y demás artículos con carácter de herramientas; artículos de cuchillería, así como las cucharas, cucharones, tenedores, etc. de las partidas 8211 a 8215, ambas inclusive; objetos de adorno; artículos de higiene o de tocador)",,,,,,,,,,,,,,,,2,4,4,4,,3,2,6,13,23,58,21,65,115,78,147,98,137,125,106,79,44,66,195,44,72,115,232,233,31,50,116,22,28,32,79,46,124,160,94,182,137,142,201,294,215,268,80,93,83,98,54,165,158,209,278,304,262,303,473,274,288,389,521,400,383,480,563,399,588,522,608,773,565,539,627,497,656,588,678,632,613,576
439956,timor leste import,626,Timor-Leste,8415,"Máquinas y aparatos para acondicionamiento de aire que comprenden un ventilador con motor y los dispositivos adecuados para modificar la temperatura y la humedad, aunque no regulen separadamente el grado higrométrico; sus partes",,,,,,,,,,12,25,,32,12,,,30,30,78,67,125,49,159,,85,73,164,278,222,241,116,115,387,166,205,182,278,412,227,490,328,186,372,429,613,413,145,342,517,992,284,409,518,320,227,370,411,758,445,318,382,132,364,261,342,320,182,325,200,227,399,399,174,269,150,533,468,440,674,604,764,251,340,589,232,620,442,765,435,617,647,797,457,591,649,900,630,692
439956,timor leste import,626,Timor-Leste,6810,"Manufacturas de cemento, hormigón o piedra artificial, incl. armadas",,,,,,,,,,,,,34,,,3,,,14,,6,7,3,,,307,2,252,,10,6,78,5,5,18,139,3,2901,213,517,1,77,46,621,254,68,20,285,559,63,27,192,23,74,23,38,293,45,18,87,88,54,108,91,36,16,29,132,3,26,33,19,132,105,20,197,15,52,145,142,15,93,7,1,6,73,1027,764,150,19,105,64,76,45,340,399,23,201
439956,timor leste import,626,Timor-Leste,0401,"Leche y nata ""crema"", sin concentrar, sin adición de azúcar ni otro edulcorante",,,,,,,,,58,45,50,52,42,38,60,48,60,14,38,42,35,65,75,96,92,27,123,94,26,76,97,140,63,150,164,288,45,111,220,157,193,354,102,122,238,237,328,129,185,171,419,855,516,984,810,848,649,321,244,302,337,379,563,329,844,246,1231,810,703,660,613,366,821,816,897,1080,524,1226,1124,833,887,718,779,1245,887,948,1138,749,1009,947,944,1364,1130,826,971,1012,1016,819
439956,timor leste import,626,Timor-Leste,8443,"Máquinas y aparatos para imprimir mediante caracteres de imprenta, clisés, planchas, cilindros y demás elementos impresores de la partida 8442; máquinas para imprimir por chorro de tinta (exc. copiadoras hectográficas, mimeógrafos, máquinas para imprimir direcciones y demás máquinas para imprimir para oficina eléctricas y electrónicas de las partidas 8469 a 8472); máquinas auxiliares para la impresión, exclusivamente concebidas para funcionar con máquinas para imprimir, con objeto de realizar la alimentación, manipulación o los trabajos complementarios de las hojas o tiras de papel; sus partes",,,,,,,,,,42,,2,,10,,,7,,,,64,504,24,4,22,29,9,36,120,147,72,79,176,64,140,98,183,702,407,285,2376,443,268,773,186,1066,446,391,331,386,438,391,316,192,325,893,391,477,415,463,301,271,239,245,153,93,75,80,137,170,223,236,213,132,210,129,244,183,726,838,420,234,369,419,422,518,482,749,383,711,471,658,496,314,405,220,538,243
439956,timor leste import,626,Timor-Leste,9405,"Luminarias y aparatos de iluminación, incl. proyectores y proyectores, y sus partes, n.c.o.p.; rótulos luminosos, placas de identificación luminosas y artículos similares con fuente de luz fija, y sus partes, n.c.o.p.",,,,,,,,,4,7,4,8,33,17,49,28,,,,8,,34,31,,,16,13,7,12,11,47,11,18,72,80,33,65,64,67,48,60,47,49,30,32,37,87,305,445,88,141,167,72,87,39,614,94,634,323,346,566,207,151,164,71,88,226,273,189,203,169,515,324,324,437,521,191,216,753,827,1139,299,680,504,776,413,1039,747,501,700,847,1228,723,904,667,1194,633,910
439956,timor leste import,626,Timor-Leste,8431,"Partes identificables como destinadas, exclusiva o principalmente, a las máquinas o aparatos de las partidas 8425 a 8430, n.c.o.p.",,,,,,,,,,20,6,2,8,,3,,,,,2,8,5,5,17,,4,65,22,22,24,5,25,2,2272,1504,17414,1421,25,340,710,157,142,48,25,246,203,36,111,54,35,173,279,133,377,382,338,436,241,509,390,183,75,240,187,222,132,194,225,123,132,3578,1430,7486,5644,2208,203,183,157,323,155,86,43,80,387,188,449,453,743,679,999,598,976,590,1046,4800,638,890,847
439956,timor leste import,626,Timor-Leste,7314,"Telas metálicas, incl. las continuas o sin fin, redes y rejas, de alambre de hierro o acero (exc. tejidos de hilos de metal, de los tipos utilizados para prendas de vestir, mobiliario o usos simil.); chapas y tiras, extendidas ""desplegadas"", de hierro o acero",,,,,,,,,12,12,26,16,10,4,,9,36,30,58,41,36,53,79,52,239,229,100,65,170,72,121,172,139,280,482,676,264,197,242,331,311,67,331,730,199,678,1106,859,609,514,827,941,392,292,588,350,204,313,434,544,304,420,492,613,278,147,225,847,365,427,949,578,216,263,1676,497,244,275,1278,1485,204,600,3713,2865,1430,263,1042,737,744,831,1527,1323,1229,1276,1133,1360,625,1005
439956,timor leste import,626,Timor-Leste,0901,"Café, incl. tostado o descafeinado; cáscara y cascarilla de café; sucedáneos de café que contengan café en cualquier proporción",,,,,,,,,0,28,0,0,0,0,,0,1,6,0,0,0,0,0,0,0,0,250,139,34,288,52,232,0,0,23,0,0,3,0,0,167,8,0,,0,5,3,,,,5,18,80,376,544,646,451,220,215,405,573,842,519,964,559,401,309,323,611,80,376,60,357,649,881,282,437,278,509,538,868,491,815,634,485,190,567,736,637,833,1022,530,591,1425,1558,832,1373,906
439956,timor leste import,626,Timor-Leste,6103,"Trajes ""ambos o ternos"", conjuntos, chaquetas ""sacos"", pantalones largos,  pantalones con peto, pantalones cortos ""calzones"" y ""shorts"", de punto, para hombres o niños (exc. cazadoras y artículos simil., chalecos por separado, prendas de deporte, monos y conjuntos de esquí y trajes de baño)",,,,,,,,,,,,,,,,,,,,1,,10,,,,7,12,109,34,6,3,708,609,25,5,10,230,3,10,25,11,11,15,2,3,110,2,6,6,9,20,21,18,18,65,409,42,20,90,253,54,153,123,238,116,132,97,326,205,217,474,835,288,313,431,394,143,71,638,1010,162,105,345,153,248,660,316,732,214,238,304,139,117,311,341,152,164,174
439956,timor leste import,626,Timor-Leste,1604,Preparaciones y conservas de pescado; caviar y sus sucedáneos preparados con huevas de pescado,,,,,,,,,2,,,1,2,2,1,,45,1,,,,,,2,156,338,432,246,404,344,389,602,336,417,198,454,525,453,373,640,540,353,814,867,470,522,330,551,564,476,418,394,536,160,321,268,564,374,436,551,643,414,425,842,510,331,765,292,392,535,750,327,370,322,658,1135,648,374,789,612,1359,985,567,464,592,514,998,721,610,621,844,512,623,376,709,840,578,650
439956,timor leste import,626,Timor-Leste,8518,"Micrófonos y sus soportes (exc. sin hilos, con emisor incorporado); altavoces ""altoparlantes"", incl. montados en sus cajas; auriculares, incl. los de casco, incl. combinados con micrófono y juegos o conjuntos constituidos por un micrófono y uno o varios altavoces ""altoparlantes"" (exc. teléfonos, audífonos y cascos con auriculares telefónicos integrados, incl. con micrófono); amplificadores eléctricos de audiofrecuencia; equipos  eléctricos para amplificación del sonido; sus partes",,,,,,,,,,1,5,,,,2,,,0,,15,7,16,27,7,27,11,45,112,,7,41,18,15,103,32,92,167,85,151,134,176,287,377,372,111,550,94,244,138,165,144,174,279,182,196,333,368,693,477,428,181,124,450,148,112,116,111,192,139,144,427,269,201,329,605,407,330,233,633,679,411,505,638,461,419,625,467,713,365,619,555,818,579,566,401,546,394,259
439956,timor leste import,626,Timor-Leste,8414,"Bombas de aire o de vacío (exc. ​​ascensores compuestos de gas y ascensores y transportadores neumáticos); compresores y ventiladores de aire u otros gases; campanas de ventilación o reciclado con ventilador incorporado, incluso con filtro; armarios de seguridad biológica estancos a los gases, incluso con filtros; partes del mismo",,,,,,,,,10,,,2,,1,25,,1,,3,203,86,21,46,2,30,15,38,57,51,37,66,68,63,85,117,150,90,142,174,924,96,436,136,161,246,181,88,169,234,748,226,217,197,172,251,319,174,284,591,544,278,105,147,314,134,149,345,225,445,361,358,852,211,783,491,633,196,431,935,1040,471,437,595,1457,245,772,891,693,833,639,802,1283,610,587,988,803,621,1891
439956,timor leste import,626,Timor-Leste,2208,"Alcohol etílico sin desnaturalizar con un grado alcohólico volumétrico < 80% vol; aguardientes, licores y demás bebidas espirituosas (exc. preparaciones alcohólicas compuestas de los tipos utilizados para la elaboración de bebidas)",,,,,,,,,90,28,26,20,13,21,12,15,24,6,55,202,123,35,18,149,61,86,91,84,20,93,103,177,76,211,29,139,262,507,436,267,242,289,264,493,252,212,223,185,240,245,206,435,165,305,266,559,259,272,79,534,503,126,201,464,179,290,80,134,134,182,206,350,1722,261,245,118,295,,150,135,357,371,346,760,179,368,570,680,391,314,350,504,613,332,461,353,823,9
439956,timor leste import,626,Timor-Leste,6910,"Fregaderos ""piletas para lavar"", lavabos, pedestales de lavabo, bañeras, bidés, inodoros, cisternas ""depósitos de agua"" para inodoros, urinarios y aparatos fijos simil., de cerámica, para usos sanitarios (exc. soportes para jabón, para esponjas, para cepillos de dientes, para toallas y para papel higiénico)",,,,,,,,,,5,37,,,,1,,,,4,10,,11,26,,16,48,51,9,20,17,37,27,16,16,21,17,67,36,107,98,45,30,68,36,62,25,36,210,76,45,66,37,23,67,123,102,89,76,132,127,51,63,73,387,48,31,72,92,188,98,123,335,63,277,286,43,239,756,622,1296,196,238,547,288,1097,370,389,673,389,143,66,216,250,341,131,182,81,137
439956,timor leste import,626,Timor-Leste,8504,"Transformadores eléctricos, rectificadores y demás convertidores eléctricos estáticos y bobinas de reactancia ""autoinducción""; sus partes",,,,,,,,,,7,26,,62,,2,,1,,37,3,85,26,83,39,214,120,278,92,250,89,137,266,145,189,248,1236,328,1583,1560,1222,377,197,515,876,250,200,375,226,153,152,248,195,227,223,349,495,141,127,241,217,232,64,240,164,161,151,72,383,131,66,265,312,109,285,115,99,192,125,563,416,148,226,191,175,688,382,251,657,291,305,819,1707,364,4684,261,214,296,529
439956,timor leste import,626,Timor-Leste,9603,"Escobas, cepillos y brochas, aunque sean partes de máquinas, aparatos o vehículos, escobas mecánicas de uso manual, sin motor, pinceles y plumeros; cabezas preparadas para artículos de cepillería; almohadillas y rodillos, para pintar; rasquetas de caucho o materia flexible análoga",,,,,,,,,,,,,3,1,,4,2,1,15,7,13,26,27,32,38,58,33,313,153,101,93,89,121,178,126,160,86,25,38,17,42,170,280,167,115,50,79,66,49,45,130,118,153,95,153,237,239,138,294,348,267,189,56,127,153,116,145,86,99,198,111,322,192,216,284,528,364,290,293,211,273,257,727,306,361,333,481,657,404,294,250,289,441,290,517,259,456,339
439956,timor leste import,626,Timor-Leste,6404,"Calzado con suela de caucho, plástico, cuero natural o regenerado y parte superior de materia textil (exc. calzado con características de juguete)",,,,,,,,,,,,,,,,,,,,20,6,1,8,,39,17,24,10,10,12,24,9,4,3,5,7,8,4,10,8,16,24,185,174,127,41,229,28,165,218,305,156,355,188,875,432,343,300,1028,845,763,252,49,128,142,136,77,159,442,569,588,614,294,220,622,597,254,252,662,673,203,599,1122,794,489,651,374,656,630,681,603,459,283,311,563,520,341,385
439956,timor leste import,626,Timor-Leste,8413,"Bombas para líquidos, incl. con dispositivo medidor incorporado (exc. de cerámica, así como las bombas médicas de aspiración, utilizadas para aspirar secreciones, y las bombas médicas de mano, para llevar sobre la persona o para su implantación); elevadores de líquidos (exc. bombas); sus partes",,,,,,,,,3,5,17,12,7,3,13,90,29,12,13,15,16,18,81,74,47,91,76,67,84,181,265,250,104,115,149,2066,101,151,374,390,351,190,364,292,223,204,154,226,261,174,209,223,108,434,89,318,423,206,543,399,315,274,209,361,232,242,224,203,228,265,190,423,608,313,529,427,334,267,411,2401,539,561,691,514,650,522,635,653,561,806,446,1087,660,791,1033,728,554,320
439956,timor leste import,626,Timor-Leste,7216,"Perfiles de hierro o acero sin alear, n.c.o.p.",,,,,,,,,,,,,,,,,,,,,,,5,,127,69,110,162,66,439,174,444,481,185,338,274,195,193,162,74,99,11,146,226,160,108,337,238,101,226,231,174,67,122,176,403,199,487,481,734,287,189,234,513,214,304,349,484,178,349,379,457,124,415,953,1015,414,282,573,1192,87,650,2350,2011,1241,707,602,652,413,584,705,564,417,818,643,1011,209,728
439956,timor leste import,626,Timor-Leste,7118,"Monedas, incl. de curso legal (exc. condecoraciones, artículos de joyería hechos con monedas, objetos de colección con valor numismático, desperdicios y residuos)",,,,,,,,,,,,,,,,,,,,,,,,,,,,,,,,,,,,,,,,1,,,30,,,,,,,,,,,,,,,,,211,,374,667,,,119,,,,,101,,,,,,,,116,,,1,,,483,,,624,,390,,631,,274,,,120,301
439956,timor leste import,626,Timor-Leste,8539,"Lámparas eléctricas de incandescencia o de descarga, incl. unidades de lámparas de haz sellado y lámparas ultravioleta o infrarroja; lámparas de arco; fuentes de luz de diodos emisores de luz ""LED""; partes del mismo",,,,,,,,,,,2,,,,47,,,53,,24,41,,6,,32,33,60,45,49,36,56,74,110,42,39,86,44,67,50,53,88,57,139,105,82,60,128,191,189,261,209,163,484,238,604,444,657,899,1186,756,962,587,356,843,351,460,297,357,405,665,526,528,389,580,794,261,372,316,828,989,793,733,306,316,510,385,690,611,439,635,454,395,357,505,496,268,252,548
439956,timor leste import,626,Timor-Leste,6309,"Artículos de prendería consistentes en prendas y complementos ""accesorios"" de vestir, mantas, ropa de cama, de mesa, de tocador o de cocina y artículos de moblaje, de todo tipo de materia textil, incl. el calzado y los artículos de sombrerería de todo tipo, con señales apreciables de uso y presentados a granel o en balas atadas, sacos o acondicionados simil. (exc. alfombras y otros revestimientos para el suelo, así como tapicerías)",,,,,,,,,,,,,,,,,1,,,,,,,,,8,,,,2,,,28,12,,,2041,4385,5156,4685,5033,7168,6158,7772,5977,5867,8104,5538,4133,3814,5029,4503,3184,2244,4550,5069,1315,1556,2111,1778,2814,2285,2556,4156,2273,1478,2243,898,1344,736,1053,1108,977,149,2635,1196,1107,761,2492,1514,1023,1091,1946,755,675,598,665,596,909,968,631,794,709,561,681,692,409,422
439956,timor leste import,626,Timor-Leste,0703,"Cebollas, chalotes, ajos, puerros y demás hortalizas aliáceas, incl. ""silvestres"", frescos o refrigerados",,,,,,,,,15,11,4,6,5,2,,,1,13,10,5,2,6,1,,,1,8,6,9,14,29,21,22,24,38,38,86,82,110,52,33,29,120,56,66,121,123,55,60,150,215,67,67,132,179,232,42,330,144,162,289,338,218,173,182,140,189,118,132,253,301,233,443,205,255,218,335,523,387,219,266,293,463,349,470,584,458,572,469,591,558,534,502,580,541,308,571,530
439956,timor leste import,626,Timor-Leste,8716,"Remolques y semirremolques para cualquier vehículo, y los demás vehículos no automóviles, así como sus partes, n.c.o.p. (exc. los vehículos sobre carriles ""rieles"")",,,,,,,,,,4,25,6,,2,,,,,163,,1,162,33,1,8,38,7,24,151,84,52,98,55,77,287,63,28,21,60,49,17,65,478,58,83,537,84,46,51,95,241,447,175,92,90,288,329,143,476,346,105,111,315,271,82,73,317,131,84,494,245,255,51,222,210,253,179,90,141,382,395,1893,663,500,224,495,501,561,224,179,223,525,280,196,422,346,240,448
439956,timor leste import,626,Timor-Leste,0808,"Manzanas, peras y membrillos, frescos",,,,,,,,,23,15,7,18,8,3,,,,23,37,16,10,15,17,20,27,22,54,34,23,19,30,40,37,44,53,55,183,207,155,130,188,215,88,292,75,387,310,335,181,260,252,600,134,373,328,320,185,467,197,288,316,474,184,506,191,294,310,327,294,78,230,434,124,204,215,330,150,298,288,387,349,382,158,387,342,412,402,553,313,511,443,801,301,255,547,512,262,197
439956,timor leste import,626,Timor-Leste,3406,"Bujias, lamparillas y similares",,,,,,,,,,,,0,,,,,36,11,2,,,34,106,128,53,181,232,189,198,99,179,235,172,138,255,264,192,230,231,422,253,296,526,409,277,409,387,345,416,376,372,297,136,345,326,311,263,440,554,410,226,345,510,332,163,245,426,262,276,444,720,355,158,122,1034,334,167,314,843,734,818,761,918,381,456,408,712,529,696,668,810,470,234,679,938,838,240,421
439956,timor leste import,626,Timor-Leste,8712,"Bicicletas y demás velocípedos, incl. los triciclos de reparto, sin motor",,,,,,,,,,,0,,,,,,4,1,,4,,5,,,11,16,24,26,24,22,46,38,61,31,87,62,49,35,74,64,89,37,158,148,81,45,58,101,81,106,74,53,68,274,82,373,211,222,204,393,119,257,132,160,76,97,119,57,208,206,154,162,245,201,416,478,165,139,572,298,318,654,106,72,911,981,496,527,341,285,372,268,172,222,323,205,193,442
439956,timor leste import,626,Timor-Leste,8714,"Partes y accesorios de motocicletas y bicicletas, así como de sillones de ruedas y demás vehículos para inválidos, n.c.o.p.",,,,,,,,,1,,4,4,,,1,,8,,,1,,,11,4,10,11,10,18,61,96,156,156,295,74,61,55,112,56,39,82,96,136,220,178,135,63,68,78,173,103,143,147,143,186,116,236,144,166,181,170,214,221,205,276,132,134,266,245,150,117,271,325,190,113,160,277,277,116,137,216,217,429,610,393,493,480,449,512,396,516,360,563,454,437,654,921,647,689
439956,timor leste import,626,Timor-Leste,8502,Grupos electrógenos y convertidores rotativos eléctricos,,,,,,,,,3,76,15,16,18,57,28,57,37,,102,1150,324,780,148,19,7,1,,558,114,114,461,1201,337,1112,556,1758,721,504,634,9627,238,589,147,199,1126,70,116,104,121,65,102,416,341,349,203,366,102,145,727,382,83,234,130,750,38,241,129,143,229,669,380,59,647,45,102,182,674,84,175,353,1179,191,331,211,135,578,450,491,244,237,356,825,328,238,499,492,268,470
439956,timor leste import,626,Timor-Leste,6601,"Paraguas, sombrillas y quitasoles, incl. los paraguas-bastón, los quitasoles toldo y artículos simil. (exc. los destinados al entretenimiento de los niños, así como las carpas de playa)",,,,,,,,,,,,,5,,1,1,7,2,11,26,44,19,4,63,46,20,10,169,76,49,33,64,65,50,88,206,39,5,12,27,1,96,39,318,30,8,25,114,7,6,17,50,81,16,10,173,31,22,180,460,150,95,18,74,29,60,8,79,140,58,41,293,67,25,54,324,195,54,81,531,152,70,303,349,241,238,201,488,396,171,401,386,362,129,121,275,308,278
439956,timor leste import,626,Timor-Leste,7318,"Tornillos, pernos, tuercas, tirafondos, escarpias roscadas, remaches, pasadores, clavijas, chavetas, arandelas, incl. las arandelas de muelle ""resorte"", y artículos simil., de fundición, hierro o acero (exc. clavos-tornillo, tapones metálicos roscados y sobretapas roscadas)",,,,,,,,,9,3,6,11,17,12,2,18,,6,5,9,7,,15,11,93,13,22,32,56,72,56,72,65,60,62,157,195,190,131,103,357,65,98,208,25,63,57,75,34,92,15,138,146,78,46,118,88,181,171,369,158,128,77,64,44,99,165,127,114,84,221,138,69,288,478,237,363,142,635,333,236,184,1145,920,972,377,539,446,314,375,479,652,369,573,808,709,443,620
439956,timor leste import,626,Timor-Leste,8467,"Herramientas neumáticas, hidráulicas o con motor incorporado, incl. eléctrico, de uso manual; sus partes",,,,,,,,,,,,7,1,,,,,,,,5,5,20,19,,,1,,2,17,28,4,18,27,36,36,25,21,34,2,25,17,13,66,15,9,29,35,31,26,41,80,48,25,79,139,27,90,235,302,110,80,72,44,33,51,54,173,99,184,120,94,101,102,337,122,208,164,269,529,173,210,103,205,211,272,317,441,377,376,201,483,356,558,334,495,434,416
439956,timor leste import,626,Timor-Leste,7317,"Puntas, clavos, chinchetas ""chinches"", grapas apuntadas, onduladas o biseladas, y artículos simil., de fundición, hierro o acero, incl. con cabeza de otras materias (exc. con cabeza de cobre, así como las grapas en tiras)",,,,,,,,,,1,1,2,,,,,8,1,,18,9,11,12,16,84,106,271,101,87,111,263,201,166,191,176,207,146,74,112,101,15,241,512,496,198,82,117,305,191,101,442,261,489,85,241,169,259,193,250,306,143,345,94,259,95,246,208,520,302,249,298,725,124,443,598,520,436,374,764,991,502,314,967,1240,1011,446,457,433,485,396,356,394,331,356,425,468,568,352
439956,timor leste import,626,Timor-Leste,0805,"Agrios ""cítricos"", frescos o secos",,,,,,,,,22,13,5,16,9,3,,,,16,23,12,6,8,13,13,9,10,18,12,12,16,19,35,24,15,12,26,63,85,91,29,46,76,77,243,153,163,67,304,38,146,119,373,100,123,115,616,173,111,65,228,89,100,183,315,19,36,41,189,26,75,66,324,35,39,50,295,50,96,136,273,85,106,144,301,130,144,245,431,231,232,225,402,164,238,287,453,305,102
439956,timor leste import,626,Timor-Leste,4819,"Cajas, sacos ""bolsas"", bolsitas, cucuruchos y demás envases de papel, cartón, guata de celulosa o napas de fibra de celulosa, n.c.o.p.; cartonajes en forma de recipientes rígidos de los tipos utilizados en oficinas, tiendas ""carpas"" o simil.",,,,,,,,,2,,2,1,,,,4,1,1,,,6,,1,1,,4,1,4,29,15,25,70,96,5,22,15,20,18,12,40,14,16,12,51,21,36,16,72,16,66,104,273,50,41,150,81,77,169,111,157,118,241,222,131,120,92,179,98,254,170,241,336,265,352,369,432,299,176,621,752,213,399,549,471,401,614,418,429,780,545,709,690,466,472,895,707,586,457
439956,timor leste import,626,Timor-Leste,7610,"Puentes y partes de puentes, torres, castilletes, pilares, columnas, armazones para techumbre, techados, puertas y ventanas y sus marcos, contramarcos y umbrales, y barandillas y demás construcciones y partes de construcciones, de aluminio (exc. las construcciones prefabricadas de la partida 9406); chapas, barras, perfiles, tubos y simil., de aluminio, preparados para la construcción",,,,,,,,,15,,19,1,5,38,,,,,7,69,146,165,76,37,47,43,141,211,29,25,99,108,68,49,93,240,21,162,81,97,127,124,66,261,139,15,38,118,53,43,69,127,54,17,116,250,274,201,284,470,327,503,72,407,222,324,284,184,85,155,270,287,149,101,335,319,95,396,603,271,136,152,420,48,89,413,386,420,86,539,80,358,245,460,441,623,390,1360
439956,timor leste import,626,Timor-Leste,7219,"Productos laminados planos de acero inoxidable, de anchura >= 600 mm, laminados en frío o en caliente",,,,,,,,,,,,,,,,,,,,,,,,,1,,,,,,,,,,,,,,20,13,13,38,69,35,87,77,36,,83,,108,3,,27,,4,8,,66,60,4,11,1,12,,,,26,47,129,36,6,75,,10,19,3,,,,46,,8,,,,44,381,22,37,7,45,29,1,9,73,,47
439956,timor leste import,626,Timor-Leste,8474,"Máquinas y aparatos de clasificar, cribar, separar, lavar, triturar, triturar, mezclar o amasar tierra, piedra, menas u otras materias minerales, en estado sólido, incl. polvo o pasta, forma; maquinaria para aglomerar, dar forma o moldear combustibles minerales sólidos, pasta cerámica, cementos sin endurecer, yesos u otros productos minerales en polvo o pasta; máquinas para formar moldes de arena para fundición; sus partes (exc. ​​máquinas para la fabricación aditiva)",,,,,,,,,,,,1,,2,12,7,12,,,2,2,5,110,,3,6,124,484,212,179,402,272,261,50,158,574,174,187,131,125,84,28,547,761,87,36,144,335,76,180,190,1208,753,947,623,2353,1013,732,1981,1130,565,2437,215,2193,233,935,1048,857,516,381,3760,783,326,220,83,319,55,961,111,100,134,92,448,551,288,319,825,367,680,1003,961,1101,1426,1085,843,1463,655,2284
439956,timor leste import,626,Timor-Leste,8807,"Partes de aeronaves y vehículos espaciales de las partidas 8801, 8802 u 8806, n.c.o.p.",,,,,,,,,,,,,,,,,,,,,,,,,,,,,,,,,,,,,,,,,,,,,,,,,,,,,,,,,,,,,,,,,,,,,,,,,,,,,,,,,1184,420,91,293,484,343,528,359,363,35,212,682,135,56,92,30,8,
439956,timor leste import,626,Timor-Leste,7013,"Artículos de vidrio para servicio de mesa, cocina, tocador, oficina, para adorno de interiores o usos simil. (exc. los objetos de la partida 7010 ó 7018, así como tarros para esterilizar, espejos, vidrieras artísticas, aparatos de alumbrado y sus partes, pulverizadores de tocador, termos y demás recipientes isotérmicos)",,,,,,,,,,,,,,1,2,2,14,17,,12,14,5,13,6,5,99,90,125,142,98,120,131,110,85,75,103,192,86,93,71,92,36,198,106,110,82,116,145,84,81,108,113,117,74,71,134,79,108,82,139,88,62,79,95,66,58,58,104,190,208,129,168,100,119,186,197,242,110,226,236,122,223,347,325,193,211,303,346,210,276,316,517,222,190,197,264,127,61
439956,timor leste import,626,Timor-Leste,2105,"Helados, incl. con cacao",,,,,,,,,4,2,,1,,1,,,,,,,,2,,,,,,,,,,,1,,,,48,19,23,30,11,25,0,33,43,46,98,115,22,50,67,221,22,63,80,228,96,126,58,77,63,111,176,148,36,78,215,93,67,62,73,138,103,75,95,276,109,157,196,244,211,638,402,283,293,212,315,329,179,316,392,511,464,329,332,477,341,384
439956,timor leste import,626,Timor-Leste,3307,"Preparaciones para afeitar o para antes o después del afeitado, desodorantes corporales, preparaciones para el baño, depilatorios y demás preparaciones de perfumería, de tocador o de cosmética, n.c.o.p.; preparaciones desodorantes de locales, incl. sin perfumar, aunque tengan propiedades desinfectantes",,,,,,,,,,6,,,29,8,17,,33,,17,,,1,9,3,29,35,36,37,41,59,51,88,117,113,77,103,58,64,98,92,60,175,118,98,170,558,332,189,306,152,170,133,180,125,190,91,213,111,328,249,229,191,143,303,165,437,144,196,238,152,227,543,237,158,252,236,224,316,276,395,152,228,269,245,324,312,253,329,279,317,567,307,381,375,443,456,489,402
439956,timor leste import,626,Timor-Leste,1201,"Habas de soja, incluso quebrantadas",,,,,,,,,,,,,,,,,,9,1,,,,,,,,,,30,21,20,25,42,24,70,40,88,67,95,170,44,157,98,30,18,142,112,38,42,53,103,25,55,27,74,59,85,32,75,63,46,58,107,41,61,41,68,44,74,71,54,63,113,34,121,254,201,156,116,176,235,290,246,156,297,224,292,324,285,345,238,208,255,252,303,242,240,257
439956,timor leste import,626,Timor-Leste,8481,"Artículos de grifería y órganos simil. para tuberías, calderas, depósitos, cubas o continentes simil., incl. las válvulas reductoras de presión y las válvulas termostáticas; sus partes",,,,,,,,,3,11,1,2,2,36,,17,3,,2,11,15,12,32,,58,37,19,5,18,39,14,56,79,24,133,409,114,79,95,72,128,151,172,97,17,164,75,78,140,160,263,150,68,104,125,201,98,62,446,237,72,62,37,91,8,49,140,70,81,91,46,162,645,135,121,159,180,291,234,1250,109,60,198,112,311,458,319,322,230,447,495,566,347,464,466,288,118,150
439956,timor leste import,626,Timor-Leste,2713,"Coque de petróleo, betún de petróleo y demás residuos de los aceites de petróleo o de mineral bituminoso, n.c.o.p.",,,,,,,,,,,,,,,,,,,,,,,,,4,,,128,21,,76,50,,,,,219,359,,,,447,186,55,,270,16,416,191,953,893,672,482,,596,752,307,361,200,676,76,276,1172,120,288,446,,785,418,1080,253,456,,,378,,277,,152,,,111,556,335,,215,28,321,,106,24,828,428,371,1049,1435,300,
439956,timor leste import,626,Timor-Leste,0307,"Moluscos aptos para la alimentación humana, incluso ahumados, incluso pelados, vivos, frescos, refrigerados, congelados, secos, salados o en salmuera",,,,,,,,,,,1,2,1,1,7,14,4,4,2,1,6,1,6,,3,4,,3,,,3,3,,,,30,45,18,20,9,5,17,29,58,41,26,52,13,16,20,101,65,4,3,70,98,1,6,48,32,38,75,22,42,43,2,2,48,14,123,68,152,16,7,139,31,6,8,3,111,29,17,35,126,30,46,4,320,4,7,7,86,,55,30,41,44,105
439956,timor leste import,626,Timor-Leste,3918,"Revestimientos de plástico para suelos, incl. autoadhesivos, en rollos o losetas; revestimientos de plástico para paredes o techos, presentados en rollos de anchura >= 45 cm, con cara vista graneada, gofrada, coloreada con motivos impresos o decorada de otro modo y fijada permanentemente a un soporte de cualquier materia distinta del papel",,,,,,,,,,,,,,,,,,,,,5,12,11,6,6,8,7,7,8,4,12,34,21,42,117,53,69,85,32,7,23,35,27,19,18,29,31,25,6,18,24,17,29,79,59,110,53,122,103,195,149,96,55,58,108,173,28,114,106,100,136,171,321,131,307,658,261,211,476,370,362,474,461,462,480,362,289,319,435,508,508,388,350,703,483,509,412,392
439956,timor leste import,626,Timor-Leste,4802,"Papel y cartón, sin estucar ni recubrir, de los tipos utilizados para escribir, imprimir u otros fines gráficos, y papel y cartón para tarjetas o cintas para perforar, sin perforar, en bobinas ""rollos"" o en hojas de forma cuadrada o rectangular, de cualquier tamaño, así como el papel y cartón hechos a mano ""hoja a hoja"" (exc. papel prensa de la partida 4801 y papeles de la partida 4803)",,,,,,,,,8,3,2,6,,,,,,,,,,,,,1,1,,16,34,31,21,84,81,45,117,92,92,158,277,170,136,317,186,241,174,254,270,310,159,302,270,265,309,47,79,44,59,45,75,77,3,76,190,72,168,122,73,223,228,56,449,254,233,27,229,271,264,229,327,449,394,311,351,380,306,318,525,313,334,342,573,455,174,279,425,327,256,312
439956,timor leste import,626,Timor-Leste,3808,"Insecticidas, raticidas y demás antirroedores, fungicidas, herbicidas, inhibidores de germinación y reguladores del crecimiento de las plantas, desinfectantes y productos simil., presentados en formas o en envases para la venta al por menor, o como preparaciones o artículos tales como cintas, mechas y velas, azufradas, y papeles matamoscas",,,,,,,,,7,5,,1,,,,,1,,1,,,75,46,,22,26,12,51,104,73,33,118,86,85,99,85,47,81,101,63,275,107,53,73,111,134,52,135,255,100,86,156,209,131,90,40,233,94,55,109,150,94,40,36,119,83,49,69,85,128,137,139,112,164,152,111,265,234,177,189,235,216,223,234,305,312,221,310,336,301,298,553,480,350,413,729,331,445
439956,timor leste import,626,Timor-Leste,1517,"Margarina y otras mezclas o preparaciones alimenticias de materias grasas o aceites, animales o vegetales, o de fracciones alimenticias de diferentes grasas o aceites (exc. grasas y aceites y sus fracciones, parcial o totalmente hidrogenados, interesterificados, reesterificados o elaidinizados, incl. refinados, pero sin preparar de otra forma, así como mezclas de aceites de oliva o sus fracciones)",,,,,,,,,,,,,,,,,6,14,,3,,,,,120,79,149,155,178,136,110,134,62,95,95,186,124,137,139,206,185,91,191,255,115,141,225,244,160,84,212,240,108,86,120,178,93,204,207,340,97,169,146,234,139,23,221,244,110,123,253,234,83,95,178,356,205,91,119,343,171,12,557,269,180,206,326,308,205,248,260,406,159,232,542,510,41,234
439956,timor leste import,626,Timor-Leste,4901,"Libros, folletos e impresos simil., incl. en hojas sueltas (exc. publicaciones periódicas impresas, así como las publicaciones consagradas esencialmente a la publicidad)",,,,,,,,,2,22,,83,28,29,11,100,52,13,7,106,150,,81,3,22,8,258,32,8,34,53,77,70,18,92,23,35,42,23,10,93,3,34,83,80,90,61,97,48,174,197,151,28,39,121,30,45,25,9,24,40,182,186,92,150,1,80,67,110,134,128,132,69,9,129,163,4,52,172,121,91,98,213,809,238,80,325,300,172,154,78,185,62,62,104,69,33,142
439956,timor leste import,626,Timor-Leste,7307,"Accesorios de tubería, p.ej. empalmes [rácores], codos, manguitos, de fundición, hierro o acero",,,,,,,,,5,,1,,,8,1,,6,,,19,6,6,3,3,37,118,8,,33,4,6,52,6,8,143,231,49,18,136,262,54,214,269,32,67,142,72,30,23,50,26,22,98,132,41,58,36,28,98,103,19,334,168,341,196,236,408,214,236,272,117,503,217,651,550,451,331,496,540,2310,811,462,732,1230,770,793,704,291,776,823,470,642,424,310,487,289,111,314
439956,timor leste import,626,Timor-Leste,1806,Chocolate y demás preparaciones alimenticias que contengan cacao,,,,,,,,,2,21,,6,,,5,,11,8,24,72,23,31,,43,8,92,82,62,71,29,40,103,45,62,128,100,58,179,90,125,103,106,238,112,84,60,136,106,57,115,89,149,33,179,88,79,68,86,109,84,13,103,52,26,53,34,109,127,99,74,124,104,78,71,155,131,107,52,149,163,131,111,194,124,137,169,197,290,241,166,253,282,266,274,404,326,219,224
439956,timor leste import,626,Timor-Leste,8536,"Interruptores, conmutadores, relés, cortacircuitos, supresores de sobretensión transitoria, clavijas y tomas de corriente ""enchufes"" ""enchufes"", portalámparas, cajas de empalme y demás aparatos para corte, seccionamiento, protección, derivación, empalme o conexión de circuitos eléctricos, para una tensión <= 1.000 V (exc. armarios y pupitres de interruptores, controles, etc. de la partida 8537)",,,,,,,,,50,41,74,11,64,1,33,5,4,9,33,74,110,133,204,176,52,238,41,204,57,86,105,206,152,38,210,70,257,104,184,298,81,181,50,1485,200,450,482,113,68,165,391,95,161,129,132,48,80,207,170,276,147,150,88,72,161,120,127,151,74,146,221,102,68,179,197,156,152,217,203,484,148,535,307,184,216,361,254,288,890,275,322,573,225,477,616,408,291,396
439956,timor leste import,626,Timor-Leste,8528,"Aparatos receptores de televisión, incl. con aparato receptor de radiodifusión o de grabación o reproducción de sonido o imagen incorporado; videomonitores y teleproyectores",,,,,,,,,,0,,,,,,2,1854,4680,2007,880,2276,189,2,8,122,357,314,560,584,452,391,340,384,235,150,222,122,188,167,94,125,162,156,398,104,141,188,332,383,417,308,705,262,246,249,473,501,692,585,786,639,347,417,364,189,226,350,384,231,248,175,293,252,299,306,418,821,92,104,206,323,336,295,291,413,556,491,279,269,243,398,515,293,414,514,477,350,406
439956,timor leste import,626,Timor-Leste,6306,"Toldos de cualquier clase, tiendas ""carpas"", velas para embarcaciones, deslizadores o vehículos terrestres, así como artículos para acampar, de materia textil de cualquier clase (exc. protectores planos, de tejidos ligeros; quitasoles-tienda; sacos de campamento, sacos militares y continentes simil.; sacos de dormir, colchones, almohadas y cojines rellenos)",,,,,,,,,,6,,,2,,,,,78,38,,2,195,,118,4,,,13,40,29,5,9,12,71,11,17,19,71,24,6,13,61,14,52,18,49,63,15,7,15,13,24,31,30,50,131,19,34,41,51,37,101,134,122,79,112,68,100,62,61,41,96,73,79,193,96,181,203,147,297,157,181,546,421,171,147,181,277,109,286,339,298,179,128,305,175,228,187
439956,timor leste import,626,Timor-Leste,0406,Quesos y requesón,,,,,,,,,48,20,20,25,23,34,21,8,5,10,11,11,11,8,10,9,10,10,13,12,8,11,15,30,10,19,13,35,46,69,80,72,83,136,56,31,43,41,30,27,37,42,78,71,28,37,60,53,40,101,40,29,24,37,28,41,26,22,19,29,23,39,63,32,19,20,53,84,64,49,39,79,48,36,83,79,82,132,387,274,224,259,141,152,114,55,1144,738,889,74
439956,timor leste import,626,Timor-Leste,3303,Perfumes y aguas de tocador (exc. lociones para después del afeitado y desodorantes corporales),,,,,,,,,3,,,,,,,,,,1,1,,,,,,2,7,8,16,16,24,32,29,12,15,30,47,39,45,20,48,50,49,71,112,29,61,31,27,28,22,28,22,29,16,64,37,21,27,33,120,71,32,42,57,55,26,76,69,87,124,120,251,61,150,295,263,203,171,168,272,179,478,301,445,283,311,270,396,365,481,530,489,580,591,631,490,606
439956,timor leste import,626,Timor-Leste,9506,"Artículos y material para cultura física, gimnasia, atletismo, demás deportes, incl. el tenis de mesa o para juegos al aire libre, n.c.o.p.; piscinas, incl. infantiles",,,,,,,,,,,2,1,2,16,48,16,,7,33,96,31,16,92,19,9,29,9,29,11,48,30,21,17,29,49,69,24,24,39,23,31,47,52,39,28,87,47,35,39,74,109,77,81,29,104,95,47,74,146,100,69,42,19,95,89,206,20,119,87,254,45,105,70,118,195,109,79,225,487,144,122,97,153,141,76,170,79,269,116,316,302,153,123,180,451,252,64,264
439956,timor leste import,626,Timor-Leste,8507,"Acumuladores eléctricos, incl. los separadores, aunque sean cuadrados o rectangulares; sus partes (exc. inservibles, así como los de caucho sin endurecer o de materia textil)",,,,,,,,,1,1,14,1,12,3,,3,41,14,33,,,62,52,52,101,34,175,21,17,20,20,98,17,78,53,155,81,251,253,150,24,101,288,544,198,169,855,74,92,287,109,453,408,180,143,242,112,717,185,190,167,142,190,445,165,320,193,188,116,215,169,484,381,357,377,296,259,279,124,399,337,305,191,253,172,358,284,250,316,353,288,185,715,427,554,594,453,517
439956,timor leste import,626,Timor-Leste,9617,"Termos y demás recipientes isotérmicos, montados y aislados por vacío y sus partes (excl anpollas de vidreo)",,,,,,,,,,,,,,,,,,,,,,2,,2,4,4,6,12,40,21,26,15,9,8,27,16,15,18,25,20,12,10,5,10,12,11,12,13,9,16,18,13,12,11,9,7,12,9,12,29,19,14,17,11,16,21,31,41,47,46,102,63,59,61,182,103,97,42,118,154,118,202,367,108,299,295,253,248,136,144,170,155,119,116,135,91,66,166
439956,timor leste import,626,Timor-Leste,1602,"Preparaciones o conservas de carne, despojos, sangre o insectos (exc. embutidos y productos similares, extractos y jugos de carne)",,,,,,,,,24,25,18,30,43,60,,16,1,1,39,,35,41,17,49,,70,102,78,47,42,124,53,55,109,221,,148,121,200,255,15,58,159,226,62,67,139,212,215,95,102,54,53,73,137,127,98,157,180,51,58,120,150,173,81,178,130,159,106,102,171,101,133,74,318,360,71,93,115,150,197,541,204,186,45,360,216,246,194,393,200,264,257,346,310,264,118,99
439956,timor leste import,626,Timor-Leste,9504,"Consolas de videojuegos y máquinas, artículos para juegos de sociedad, juegos de mesa o salón, incl. con motor o mecanismo, billares, mesas especiales para juegos de casino y juegos de bolos automáticos",,,,,,,,,,,,,,,,,,,,1,,2,,,,,1,1,2,8,1,27,26,21,28,29,44,14,65,12,12,18,68,78,27,67,27,73,50,71,338,34,77,124,481,549,80,87,360,302,164,211,24,164,1161,211,107,964,304,375,114,203,191,771,368,33,102,522,324,378,162,213,232,122,348,292,270,244,350,677,218,180,342,503,386,475,875,403
439956,timor leste import,626,Timor-Leste,3822,"Reactivos de diagnóstico o de laboratorio sobre cualquier soporte, reactivos de diagnóstico o de laboratorio preparados, incluso sobre soporte, incluso presentados en forma de kits (exc. los de la partida 3006); materiales de referencia certificados",,,,,,,,,2,,,2,,,143,168,128,50,80,98,17,255,99,14,1,,2,,,10,3,34,,,1,292,325,3,,20,7,20,6,13,10,15,9,12,19,11,27,103,41,6,38,8,39,11,4,16,62,4,16,229,7,9,39,185,17,67,75,57,28,277,545,201,323,1346,1665,368,397,749,428,453,828,803,416,238,49,485,191,164,351,342,92,114,497,212
439956,timor leste import,626,Timor-Leste,6305,"Sacos ""bolsas"" y talegas, para envasar, de todo tipo de materia textil",,,,,,,,,6,21,,,,,,,20,,15,1,8,2,8,7,9,20,44,23,19,25,44,32,25,41,64,13,14,52,32,7,5,100,69,100,66,2,9,42,2,94,92,5,93,103,66,184,158,174,25,122,20,17,22,5,41,12,5,10,18,20,17,44,23,27,52,41,41,29,109,61,93,191,222,160,151,258,305,231,450,261,125,305,212,390,424,216,285,464
439956,timor leste import,626,Timor-Leste,7311,"Recipientes de fundición, hierro o acero, para gas comprimido o licuado (exc. contenedores especialmente concebidos y equipados para uno o varios medios de transporte)",,,,,,,,,1,,,,,2,1,5,25,9,,16,0,70,2,0,96,94,117,64,,,5,,104,29,105,149,79,166,170,72,69,20,31,102,58,82,49,55,17,32,109,94,104,78,232,51,6,80,79,30,78,9,15,16,10,5,13,36,4,,17,5,58,35,73,18,8,12,89,12,35,41,57,87,230,187,108,230,104,90,77,88,107,174,353,169,111,59
439956,timor leste import,626,Timor-Leste,9505,"Artículos para fiestas, carnaval u otras diversiones, incl. los de magia y artículos sorpresa, n.c.o.p.",,,,,,,,,,,,,,,,3,,,,12,,,,14,,,,16,1,,2,46,3,,,179,,1,,4,,,36,90,0,0,2,17,,,6,163,,,45,156,,,45,238,,3,11,49,2,,9,42,1,1,7,245,9,9,41,257,26,25,137,120,27,26,268,50,22,78,127,227,20,54,128,334,17,57,133,225,73,34
439956,timor leste import,626,Timor-Leste,2711,Gas de petróleo y demás hidrocarburos gaseosos,,,,,,,,,51,9,8,30,17,11,16,17,46,537,63,22,35,39,28,43,52,139,66,83,117,62,26,26,42,47,141,207,202,137,173,255,231,168,218,302,179,222,223,255,160,247,239,215,127,172,121,184,149,236,150,177,136,137,194,106,135,136,187,164,152,115,163,109,115,84,91,92,124,118,75,107,53,257,128,191,305,230,350,223,298,186,316,286,367,349,399,270,266,305
439956,timor leste import,626,Timor-Leste,7213,"Alambrón de hierro o acero sin alear, enrollado en espiras irregulares ""coronas""",,,,,,,,,,,,,,,,,,84,12,,,,,,,,,18,14,11,113,19,124,219,43,13,173,155,91,40,46,15,29,2,,27,,6,10,,39,,37,23,37,,2,97,39,1,2,16,12,8,17,19,32,47,38,20,200,183,283,484,2598,941,201,105,22,1622,90,248,395,487,308,402,304,222,254,314,178,143,150,166,115,211,186,255
439956,timor leste import,626,Timor-Leste,8302,"Guarniciones, herrajes y artículos simil. de metal común, para muebles, puertas, escaleras, ventanas, persianas, carrocerías, artículos de guarnicionería, baúles, arcas, cofres y demás manufacturas de esta clase; colgadores, perchas, soportes y artículos simil., de metal común; ruedas con montura de metal común; cierrapuertas automáticos de metal común",,,,,,,,,,,,,,,,,,,,,12,,,14,12,6,12,5,39,24,15,276,33,48,44,56,35,10,60,53,33,31,14,36,23,23,58,52,61,70,77,48,88,68,166,198,167,92,139,161,102,127,106,76,89,127,115,96,76,123,174,205,310,269,179,186,253,177,157,327,307,119,649,508,192,344,469,222,268,410,328,533,219,437,467,501,326,288
439956,timor leste import,626,Timor-Leste,1102,"Harina de otros cereales (exc. trigo y morcajo ""tranquillón"")",,,,,,,,,,,,,,,,,,3,,,,,,,,,,,,,1,2,9,2,6,27,153,196,7,19,30,24,63,42,12,10,17,32,4,4,6,34,4,43,5,26,30,25,28,29,18,13,36,54,9,42,97,91,65,41,61,43,35,10,32,45,29,20,23,26,41,14,25,35,28,38,136,221,135,152,93,42,25,13,15,23,24,16
439956,timor leste import,626,Timor-Leste,1901,"Extractos de malta, así como preparaciones alimenticias de harina, grañones, sémola, almidón, fécula o extracto de malta, sin cacao o con un contenido de cacao < 40% en peso calculado sobre una base totalmente desgrasada, n.c.o.p.; preparaciones alimenticias de leche, nata, suero de mantequilla, leche y nata cuajadas, yogur, kéfir y demás productos de las partidas 0401 a 0404, sin cacao o con un contenido de cacao < 5% en peso calculado sobre una base totalmente desgrasada, n.c.o.p.",,,,,,,,,,,,,,,,153,,29,17,652,,38,204,210,302,236,186,47,382,333,536,404,477,629,579,533,294,182,130,74,208,120,239,190,160,73,252,156,106,38,131,170,159,352,216,762,227,223,128,246,226,241,238,290,169,186,322,188,87,143,139,81,162,107,192,82,116,138,215,237,141,162,175,141,97,264,149,221,119,382,664,1289,1092,1427,1504,2076,2344,2220
439956,timor leste import,626,Timor-Leste,8473,"Partes y accesorios identificables como destinados, exclusiva o principalmente, a las máquinas o aparatos de las partidas 8469 a 8472 (exc. estuches, fundas y simil.)",,,,,,,,,108,4,,2,59,258,15,39,30,85,4,26,7,,4,90,36,53,22,155,67,28,47,144,47,5,35,46,314,304,197,179,537,659,242,90,453,382,227,100,347,137,170,157,69,180,284,359,155,1055,84,100,223,87,303,134,35,78,699,144,272,66,100,36,137,58,43,52,62,254,130,357,356,195,330,121,185,282,172,220,241,307,96,280,360,124,142,258,111,52
439956,timor leste import,626,Timor-Leste,9018,"Instrumentos y aparatos de medicina, cirugía, odontología o veterinaria, incl. los de escintigrafía y demás aparatos electromédicos, así como los aparatos para pruebas visuales, n.c.o.p.",,,,,,,,,51,70,102,34,2,3,,13,25,1,194,36,8,,79,82,26,32,170,312,85,202,215,33,282,23,45,64,163,61,317,100,473,201,189,444,63,41,31,303,124,41,157,188,141,22,120,1427,259,225,282,532,125,106,161,247,137,39,976,173,168,99,240,178,253,566,787,610,248,482,826,812,1040,1808,582,444,587,527,446,219,148,321,1327,1435,1462,637,812,542,551,451
439956,timor leste import,626,Timor-Leste,9030,"Osciloscopios, analizadores de espectro y demás instrumentos y aparatos para medida o control de magnitudes eléctricas, así como para medida o detección de radiaciones alfa, beta, gamma, X, cósmicas o demás radiaciones ionizantes",,,,,,,,,,,,,,,,,6,,12,5,,,3,,0,,46,15,29,7,,,,,,42,50,,41,182,63,8,7,56,22,36,1,24,5,16,42,27,15,51,46,6,67,1,10,7,3,118,1,,12,60,4,9,22,42,24,61,2,1,17,4,4,5,9,14,24,1,3,4,56,43,18,219,1,42,100,115,15,500,16,4,25,9
439956,timor leste import,626,Timor-Leste,3306,"Preparaciones para higiene bucal o dental, incl. los polvos y cremas para la adherencia de las dentaduras; hilo utilizado para limpieza de los espacios interdentales ""hilo dental"", en envases individuales para la venta al por menor",,,,,,,,,,1,2,,,,,18,10,,5,,,,,,13,22,93,139,98,122,122,127,44,68,55,55,45,85,76,79,131,84,157,154,137,196,289,129,120,84,59,126,54,88,48,82,98,197,65,73,143,157,249,128,71,101,357,98,91,142,282,174,128,143,47,201,523,187,86,151,190,416,296,34,175,217,204,212,290,423,175,247,242,237,258,206,181,555
439956,timor leste import,626,Timor-Leste,4016,"Manufacturas de caucho vulcanizado sin endurecer, n.c.o.p.",,,,,,,,,5,7,2,,,,,,,43,,,,4,,,6,7,8,5,6,14,20,8,16,90,48,649,11,38,36,29,76,32,45,112,35,21,77,63,25,60,57,86,84,12,25,27,23,25,78,211,53,90,106,50,33,62,62,40,86,98,99,112,54,87,118,185,150,174,125,171,52,331,199,93,135,218,158,211,74,125,130,69,92,78,168,126,111,60
439956,timor leste import,626,Timor-Leste,2009,"Jugos de frutas u otros frutos, incl. el mosto de uva, o de hortalizas, incl. ""silvestres"", sin fermentar y sin adición de alcohol, incl. con adición de azúcar u otro edulcorante",,,,,,,,,34,,8,3,2,1,10,2,6,25,51,43,13,,,64,51,33,48,95,135,35,159,210,47,164,253,284,102,91,139,131,144,163,151,250,222,75,77,248,44,174,309,229,81,145,73,147,174,232,166,237,109,141,268,210,96,146,210,327,163,314,301,216,87,37,222,247,123,36,147,320,308,288,228,195,16,237,85,210,262,235,239,138,71,129,322,1095,94,56
439956,timor leste import,626,Timor-Leste,3403,"Preparaciones lubricantes, incl. los aceites de corte, las preparaciones para aflojar tuercas, las preparaciones antiherrumbre o anticorrosión y las preparaciones para el desmoldeo, a base de lubricantes y preparaciones de los tipos utilizados para el ensimado de materia textil o el aceitado o engrasado de cueros y pieles, peletería u otras materias (exc. aquellas con un contenido de aceites de petróleo o de mineral bituminoso, como componente básico, >= 70% en peso)",,,,,,,,,,1,30,,44,3,3,1,13,1,,4,,,23,13,2,3,7,10,2,15,,,,39,51,258,59,1,,403,63,44,0,0,5,2,17,57,124,34,51,204,48,52,51,1,6,8,2,17,4,13,72,76,51,2,17,1,3,12,116,45,125,56,66,43,50,48,46,96,106,100,170,132,15,125,113,210,41,54,109,159,174,222,389,302,105,903
439956,timor leste import,626,Timor-Leste,3922,"Bañeras, duchas, fregaderos ""piletas de lavar"", lavabos, bidés, inodoros y sus asientos y tapas, cisternas ""depósitos de agua"" para inodoros, urinarios y artículos sanitarios o higiénicos similares, de plástico",,,,,,,,,,,,,,,,1,,,,258,2,3,9,,3,3,2,27,98,29,36,121,84,62,101,62,48,54,79,35,73,32,27,35,38,13,32,48,17,12,19,7,14,13,34,25,20,13,22,66,24,14,30,20,10,19,19,32,71,44,28,90,87,21,86,66,35,38,173,109,65,95,181,99,158,110,131,210,117,232,225,352,181,232,235,192,132,206
439956,timor leste import,626,Timor-Leste,8506,"Pilas y baterías de pilas, eléctricas; sus partes (exc. inservibles)",,,,,,,,,32,15,3,17,,,32,37,9,,47,78,94,9,31,131,120,1,102,198,62,180,224,228,90,359,152,113,81,43,160,204,254,197,151,189,66,49,27,119,150,144,114,63,102,138,87,22,43,29,146,200,87,82,107,173,112,76,194,34,65,112,100,225,62,172,150,54,75,115,79,40,116,100,173,52,106,159,288,209,263,524,234,151,145,165,202,91,113,55
439956,timor leste import,626,Timor-Leste,8205,"herramientas de mano, incl. los diamantes de vidriero, de metal común, ncop; lámparas de soldar y similares; tornillos de banco, prensas de carpintero y similares (que no sean accesorios o partes de máquinas herramienta o máquinas de corte por chorro de agua); yunques; fraguas portátiles; o muelas a pedal, con bastidor de accionamiento manual",,,,,,,,,,4,11,4,3,,,,1,,5,7,,4,33,5,16,32,39,60,78,89,94,129,172,115,166,239,148,92,259,90,49,58,98,99,82,72,79,98,54,231,27,139,81,165,128,152,83,152,159,263,110,90,29,139,48,69,40,81,37,60,23,92,37,82,114,93,100,79,213,1129,141,96,179,205,150,167,222,208,204,137,139,427,181,401,339,292,203,232
439956,timor leste import,626,Timor-Leste,1601,"Embutidos y productos simil., de carne, despojos o sangre; preparaciones alimenticias a base de estos productos",,,,,,,,,16,17,12,9,8,,1,,,,,,,,2,5,12,5,7,1,16,10,39,14,21,7,21,26,439,387,556,289,282,384,578,641,375,579,546,312,244,293,767,214,452,91,173,330,117,103,67,39,102,58,196,116,30,60,164,105,72,130,126,119,53,31,96,118,128,115,335,177,108,312,166,49,135,148,109,203,37,34,43,58,33,30,158,27,25,35
439956,timor leste import,626,Timor-Leste,4818,"Papel de los tipos utilizados para papel higiénico y papeles simil., guata de celulosa o napa de fibras de celulosa, de los tipos utilizados para fines domésticos o sanitarios, en bobinas ""rollos"" de anchura <= 36 cm o cortados en formato; pañuelos, toallitas de desmaquillar, toallas, manteles, servilletas, sábanas y artículos simil. para uso doméstico, de tocador, higiénico o de hospital, prendas y complementos ""accesorios"", de vestir, de pasta de papel, papel, guata de celulosa o napa de fibras de celulosa",,,,,,,,,,,3,1,3,,,1,3,3,2,3,,10,12,14,102,69,57,79,118,151,226,233,108,139,139,257,222,213,145,207,93,134,120,201,6,44,19,17,6,16,96,37,108,39,71,27,54,86,111,74,61,43,97,79,91,87,137,94,187,107,87,91,200,116,156,139,67,215,272,121,137,254,256,308,214,170,395,203,301,309,210,333,340,356,308,133,159,279
439956,timor leste import,626,Timor-Leste,3920,"Placas, láminas, hojas y tiras, de plástico no celular y sin esfuerzo, estratificación ni soporte o combinación similar con otras materias, sin trabajar o trabajadas solo en la superficie o solo cortadas en forma cuadrada o rectangular (exc. autoadhesivas, así como los revestimientos para suelos, paredes o techos de la partida 3918)",,,,,,,,,1,,,,,,,,1,,,1,142,3,23,5,,2,,28,12,350,196,76,16,15,35,36,7,14,45,26,81,40,43,54,14,56,28,125,15,38,7,90,28,40,46,22,11,54,123,310,55,111,164,175,39,36,138,85,41,63,279,271,190,185,373,180,35,99,264,221,404,189,386,228,220,232,320,201,297,231,279,331,274,414,434,300,503,296
439956,timor leste import,626,Timor-Leste,0403,"Suero de mantequilla, leche cuajada y nata, yogur, kefir y otras leches y natas fermentadas o acidificadas, incluso concentradas o aromatizadas o con adición de azúcar u otro edulcorante, frutas, frutos secos o cacao, y el yogur puede contener además chocolate, especias, café , plantas o cereales",,,,,,,,,24,20,12,13,9,14,14,11,102,25,21,22,23,22,20,42,128,287,373,416,441,316,449,384,502,455,506,800,424,896,748,848,520,1069,1025,866,1168,815,801,902,793,1027,1182,1245,549,400,1044,1429,589,407,761,864,680,556,915,679,900,634,625,1056,1281,448,661,1133,1376,422,1057,1652,1371,687,1364,1323,1289,789,593,791,191,349,175,199,502,451,193,304,178,180,330,304,311,156
439956,timor leste import,626,Timor-Leste,6302,"Ropa de cama, de mesa, de tocador o de cocina, de todo tipo de materia textil (exc. bayetas, franelas y artículos simil. de limpieza para encerar, aclarar, desempolvar, etc.)",,,,,,,,,,,14,,2,,,,,8,21,2,5,40,15,33,19,27,38,124,127,123,99,61,96,101,108,82,45,10,2,15,7,89,117,105,95,29,36,16,3,66,49,41,35,70,64,210,44,145,104,174,175,98,69,52,48,73,69,90,77,159,104,81,82,231,369,101,333,150,331,206,328,227,478,136,480,382,341,196,334,345,376,189,607,407,280,487,389,348
439956,timor leste import,626,Timor-Leste,8702,"Vehículos automóviles para transporte de >= 10 personas, incl. el conductor",,,,,,,,,28,,,,,,,,,,,,,,,169,,28,61,156,416,192,148,119,79,46,69,421,392,224,235,175,201,85,15,312,170,289,288,109,440,1015,1849,931,679,1154,578,771,154,345,233,35,115,198,326,125,98,226,450,234,17,52,29,118,72,9,24,52,14,11,60,74,51,82,83,91,295,166,174,193,13,163,178,15,106,440,683,541,464,946
439956,timor leste import,626,Timor-Leste,8543,"Máquinas y aparatos eléctricos, con función propia, no expresados ni comprendidos en otra parte del capítulo 85; sus partes",,,,,,,,,,,,,,6,,,2,,11,,3,75,,3,,,17,11,32,2,14,172,87,116,74,52,40,67,185,314,165,31,46,276,133,57,44,125,18,164,117,75,22,82,168,23,115,41,159,134,133,192,46,151,73,47,170,55,33,66,40,246,115,125,77,85,113,57,84,98,217,96,113,249,345,345,110,189,146,524,240,242,156,307,158,57,125,32
439956,timor leste import,626,Timor-Leste,8705,"Vehículos automóviles para usos especiales (exc. los concebidos principalmente para transporte de personas o mercancías), como, p.ej., coches para reparaciones ""auxilio mecánico"", camiones grúa, camiones de bomberos, camiones hormigonera, coches barredera, coches esparcidores, coches taller, coches radiológicos",,,,,,,,,,,,,,,,,,,,,,32,,,73,,201,180,27,219,35,,30,13,86,83,226,507,250,,296,249,544,427,279,752,43,152,249,439,281,336,59,442,717,786,736,965,1891,1066,525,903,602,1777,387,245,2751,548,242,425,512,137,65,,4,100,119,141,,539,32,33,467,88,447,837,1059,184,1117,474,993,708,1467,1308,1465,1965,1126,1581
439956,timor leste import,626,Timor-Leste,8311,"Alambres, varillas, tubos, placas, electrodos y artículos simil., de metal común o de carburo metálico, recubiertos o rellenos de decapantes o de fundentes, para soldadura o depósito de metal o de carburo metálico; alambres y varillas, de polvo de metal común aglomerado, para la metalización por proyección",,,,,,,,,,,,,,,,,,,,,3,,,,4,,,,,,,4,44,10,11,153,3,5,1,1,,10,44,1,3,4,10,2,5,3,14,58,33,24,52,9,7,10,69,79,50,86,28,40,14,16,40,67,7,38,107,134,29,24,144,42,92,145,53,65,32,10,56,211,130,85,115,182,40,124,95,269,201,166,335,160,123,128
439956,timor leste import,626,Timor-Leste,2203,Cerveza de malta,,,,,,,,,114,,50,10,,,9,,67,,,,,,,,,8,15,18,,,59,23,21,44,145,43,1546,1101,1820,1865,1176,1659,1946,2890,1426,1528,1843,2330,1195,1322,2015,3160,1228,828,2175,4612,808,1938,2835,2567,134,77,365,256,313,197,246,111,233,206,300,232,135,35,357,324,149,26,13,127,63,132,159,99,38,37,54,181,63,142,116,171,73,154,201,179,136,135
439956,timor leste import,626,Timor-Leste,8450,"Máquinas para lavar ropa, incl. con dispositivo de secado; sus partes",,,,,,,,,3,,,,,1,,,,,,,6,,2,,,,,5,1,,27,22,9,3,17,12,19,25,17,32,48,29,51,63,47,63,35,46,88,39,81,72,47,48,59,78,66,105,41,85,64,58,84,34,48,60,71,71,95,69,102,58,57,89,69,94,106,149,98,112,200,70,68,131,128,126,139,178,142,277,214,368,335,255,201,221,122,180
439956,timor leste import,626,Timor-Leste,2008,"Frutas u otro frutos y demás partes comestibles de plantas, preparados o conservados de otro modo, incl. con adición de azúcar u otro edulcorante o alcohol (exc. preparados o conservados en vinagre o en ácido acético y confitados con azúcar pero no conservados en jarabe, así como compotas, jaleas y mermeladas, purés y pastas, de frutos, obtenidos por cocción)",,,,,,,,,1,,,,,,,,36,,,12,,,,,,7,12,3,1,2,9,,4,31,3,3,20,35,52,93,55,172,97,130,115,57,81,59,36,23,148,305,30,83,25,78,158,101,67,110,103,42,34,107,60,67,90,73,217,196,124,86,69,304,190,121,75,63,174,180,261,157,323,207,296,271,367,177,307,221,184,303,246,91,358,277,229,733
439956,timor leste import,626,Timor-Leste,3208,"Pinturas y barnices a base de polímeros sintéticos o naturales modificados, dispersos o disueltos en un medio no acuoso; disoluciones en disolventes orgánicos volátiles de productos citados en las partidas 3901 a 3913, con una proporción de disolvente > 50% del peso de la disolución (exc. disoluciones en colodiones)",,,,,,,,,14,20,36,9,4,9,1,2,25,2,5,40,72,42,33,15,13,21,16,33,3,6,67,165,114,85,107,47,104,76,120,112,133,188,132,51,97,37,82,150,339,182,241,60,62,103,43,52,59,100,88,130,149,168,123,127,156,145,140,188,166,188,254,210,196,88,164,250,213,233,85,274,214,276,182,260,330,213,242,168,231,372,290,508,228,198,355,325,183,307
439956,timor leste import,626,Timor-Leste,3210,Pinturas y barnices (exc. a base de polímeros sintéticos o naturales modificados); pigmentos al agua preparados de los tipos utilizados para el acabado de cuero,,,,,,,,,,,,,,,,,4,,,,,15,,38,66,193,156,158,171,208,91,19,7,7,32,11,2,26,6,61,14,3,27,40,48,37,47,6,67,42,32,73,28,8,3,55,26,25,12,36,16,34,19,38,41,35,93,49,20,16,20,24,16,16,21,8,32,29,52,19,13,10,83,113,137,111,204,168,136,120,184,166,124,113,103,202,114,151
439956,timor leste import,626,Timor-Leste,6109,"""T-shirts"" y camisetas, de punto",,,,,,,,,,,,,,,,5,4,,,67,8,19,5,16,8,8,15,5,14,1,12,91,95,10,38,26,34,37,27,13,45,31,44,29,38,28,16,86,205,16,18,12,12,25,17,47,66,93,143,66,125,133,133,118,137,102,91,146,125,107,116,241,55,76,118,116,41,124,1207,648,111,103,136,154,265,147,106,166,128,76,163,149,108,79,123,223,77,179
439956,timor leste import,626,Timor-Leste,6405,"Calzado con suela de caucho o plástico y parte superior de materia distinto del caucho, el plástico, el cuero natural o las materias textiles; calzado con suela de cuero natural o regenerado y parte superior de materia distinto del cuero natural o las materias textiles; calzado con suela de madera, corcho, cordones, cartón, peletería, tejidos, fieltro, tela sin tejer, linóleo, rafia, paja, lufa, etc. y parte superior de cualqier material, n.c.o.p.",,,,,,,,,,,,,,,7,,,,,2,,,,,4,,6,,14,40,104,139,43,42,52,84,85,108,142,137,62,211,305,171,73,78,88,282,42,43,60,92,38,48,244,83,207,89,113,282,105,107,90,235,190,56,110,162,145,114,131,222,177,69,273,211,293,164,178,236,127,178,156,195,161,141,68,164,97,78,190,101,64,61,137,111,73,147
439956,timor leste import,626,Timor-Leste,4013,"Cámaras de caucho para neumáticos ""llantas neumáticas""",,,,,,,,,,,,2,2,,,,2,,,1,,,,,6,18,31,3,,6,28,23,37,38,22,15,314,53,43,38,80,88,65,80,55,35,67,45,70,57,85,91,62,46,43,54,82,77,57,82,65,41,85,90,29,34,49,52,57,47,72,134,43,51,87,62,63,38,203,48,117,58,137,135,134,159,140,162,140,184,190,245,185,172,202,155,109,97
439956,timor leste import,626,Timor-Leste,7007,Vidrio de seguridad constituido por vidrio templado o contrachapado (exc. vidrieras aislantes de paredes múltiples y cristales para reloj y para gafas),,,,,,,,,3,3,1,,,,,3,,,,29,15,22,2,,,,,,,,,,7,,8,6,,39,8,15,2,1,3,1,0,47,9,,,,2,6,25,5,15,17,108,23,33,39,16,51,17,48,28,31,48,42,67,43,44,23,27,144,48,36,35,35,86,147,68,69,42,188,225,106,103,161,52,70,179,214,36,54,198,172,112,46
439956,timor leste import,626,Timor-Leste,0806,"Uvas, frescas o secas, incl. las pasas",,,,,,,,,6,4,2,2,1,1,,,,1,7,6,4,4,1,,1,1,6,3,4,10,5,4,4,4,1,2,30,16,50,29,19,44,36,67,25,73,49,84,32,80,69,46,64,97,77,97,45,95,26,28,44,110,34,80,68,15,28,40,13,53,20,71,28,33,14,74,47,76,80,108,83,100,101,99,67,102,233,160,75,202,208,221,129,192,202,221,133,140
439956,timor leste import,626,Timor-Leste,6303,"Visillos y cortinas; guardamalletas y ropadiés de cama, de todo tipo de materia textil (exc. toldos)",,,,,,,,,,,,16,6,,,,,,,,6,4,9,23,6,1,1,12,3,14,9,12,12,9,17,104,8,9,53,61,21,23,4,9,7,6,22,7,7,16,8,12,31,35,70,10,8,191,162,58,14,99,24,19,4,11,53,7,22,23,22,445,60,44,53,126,26,71,71,84,46,62,133,45,85,92,142,160,126,46,130,199,137,66,97,127,152,63
439956,timor leste import,626,Timor-Leste,5407,"Tejidos de hilados de filamentos sintéticos, incl. los monofilamentos de título >= 67 decitex, y cuya mayor dimensión de la sección transversal sea <= 1 mm",,,,,,,,,,123,100,,,,,,,,,,,,,,,,2,7,13,,,,1,,,3,,,10,1,,,24,4,0,,2,,2,,,,,,14,5,1,15,16,4,,5,,7,9,2,29,1,12,8,23,17,40,7,30,23,69,55,126,162,95,45,151,78,63,84,117,158,91,116,264,209,226,264,283,215,158,143
439956,timor leste import,626,Timor-Leste,8509,"Aparatos electromecánicos con motor eléctrico incorporado, de uso doméstico; sus partes",,,,,,,,,,,,,,,,,,,1,,,,,,,6,9,29,44,34,32,53,14,13,15,9,18,19,23,14,14,32,16,289,34,12,16,24,17,15,22,32,19,19,14,28,27,30,25,45,41,9,70,19,13,24,62,54,38,12,37,48,41,49,83,74,92,60,38,128,89,98,145,99,113,147,102,157,176,152,257,141,133,147,156,152,79,182
439956,timor leste import,626,Timor-Leste,1904,"Hojuelas, copos de maíz y otros productos a base de cereales obtenidos por insuflado o tostado; cereales (exc. maíz), en grano o en forma de copos u otro grano trabajado, precocidos o preparados de otro modo, n.c.o.p. (exc. harina, grañones y sémola)",,,,,,,,,,,,,,,,,1,,,13,,,,,59,172,97,99,121,82,90,362,212,187,211,238,270,270,248,118,229,113,261,221,163,170,190,192,113,56,303,246,228,94,266,180,149,134,155,186,142,55,208,66,124,32,42,138,21,97,46,78,48,188,64,256,200,209,157,209,197,89,82,183,72,127,178,156,50,214,150,190,467,323,602,355,350,514
439956,timor leste import,626,Timor-Leste,6403,"Calzado con suela de caucho, plástico, cuero natural o regenerado y parte superior de cuero natural (exc. calzado ortopédico, calzado con patines fijos, para hielo o de ruedas, y calzado con características de juguete)",,,,,,,,,,,,,,3,,,15,,26,1,32,76,,,55,99,42,49,59,41,31,13,4,7,12,27,27,24,17,29,75,32,39,78,109,36,45,135,58,31,44,61,19,60,16,68,19,12,36,40,78,53,33,44,32,98,16,35,11,57,15,110,211,9,294,158,54,44,60,91,128,56,89,111,109,82,101,155,141,53,105,159,47,99,114,98,71,58
439956,timor leste import,626,Timor-Leste,8201,"Layas, palas, azadas, picos, binaderas, horcas de labranza, rastrillos y raederas; hachas, hocinos y herramientas simil. con filo; tijeras de podar de cualquier tipo, hoces y guadañas; cuchillos para heno o para paja, cizallas para setos, cuñas y demás herramientas de mano, agrícolas, hortícolas o forestales, de metal común",,,,,,,,,,,,,,,,,7,10,,15,1,,,1,12,37,51,37,80,74,47,57,46,55,38,28,34,18,32,42,1,100,55,40,34,32,22,83,10,30,106,14,39,71,35,45,47,44,53,43,64,50,38,24,28,49,6,13,39,35,14,66,19,32,192,46,34,90,268,589,212,352,148,846,49,76,76,152,95,111,104,186,382,135,145,90,50,117
439956,timor leste import,626,Timor-Leste,9608,"Bolígrafos; rotuladores y marcadores con punta de fieltro u otra punta porosa; estilográficas y demás plumas; estiletes o punzones para clisés; portaminas, portaplumas, portalápices y artículos simil.; partes de estos artículos, incl. los capuchones y sujetadores (exc. los artículos de la partida 9609)",,,,,,,,,,,,,,,,,,,,3,,2,5,,10,8,8,14,20,13,21,24,34,90,86,59,65,66,46,30,62,218,36,59,54,30,56,53,48,49,54,34,35,43,76,110,88,209,91,132,135,36,44,63,144,72,13,100,57,57,31,52,27,63,30,53,15,50,46,106,62,76,59,107,75,40,100,151,114,93,145,175,83,69,85,439,88,141
439956,timor leste import,626,Timor-Leste,6702,"Flores, follaje y frutos, artificiales, y sus partes; artículos confeccionados con flores, follaje o frutos, artificiales obtenidos por atado, pegado, encajado u otros procedimientos simil.",,,,,,,,,,,,,6,2,3,3,2,1,12,4,8,14,20,18,12,19,23,67,29,33,45,12,49,108,189,46,29,2,2,1,1,34,96,25,3,44,72,128,,7,62,22,78,22,85,59,46,17,88,66,29,14,38,1,5,6,51,10,5,27,101,20,,4,74,49,31,18,107,66,46,41,160,52,81,105,160,147,63,90,101,206,67,153,134,85,38,100
439956,timor leste import,626,Timor-Leste,8479,"Máquinas y aparatos mecánicos con función propia, no expresados ni comprendidos en otra parte del capítulo 84",,,,,,,,,4,8,44,,,,,9,1,,6,,,,24,14,1,,1,8,17,24,10,17,7,2101,87,1574,148,122,1040,292,428,416,82,843,249,229,141,33,266,70,191,463,193,102,409,309,236,26,144,529,225,1079,878,1105,526,584,262,6,41,95,56,63,181,30,30,40,70,202,137,103,65,182,210,190,57,323,502,141,110,1006,274,939,170,262,431,418,162,139
439956,timor leste import,626,Timor-Leste,3002,"Sangre humana; sangre animal preparada para usos terapéuticos, profilácticos o de diagnóstico; antisueros y demás fracciones sanguíneas y productos inmunológicos, incluso modificados u obtenidos mediante procesos biotecnológicos; vacunas, toxinas, cultivos de microorganismos (exc. levaduras) y productos similares; cultivos celulares, incluso modificados",,,,,,,,,13,,,12,20,21,,11,9,,10,52,117,125,4,,,136,8,19,47,54,10,33,,127,,11,13,281,22,52,130,3,7,49,44,318,86,86,41,77,167,105,4,441,220,68,482,22,28,50,76,201,153,284,38,217,107,53,110,129,150,6,225,19,77,104,284,2751,879,1562,3672,173,273,1206,178,111,63,138,15,167,353,100,36,143,488,572,230,55
439956,timor leste import,626,Timor-Leste,4823,"Papel, cartón, guata de celulosa y napa de fibra de celulosa, en tiras o en bobinas ""rollos"" de anchura <= 36 cm o en hojas de forma cuadrada o rectangular en las que no haya ningún lado > 36 cm, sin plegar, o cortados en forma distinta de la cuadrada o rectangular, así como artículos de pasta de papel, de papel, de cartón, de guata de celulosa o de napa de fibras de celulosa, n.c.o.p.",,,,,,,,,23,7,3,0,1,,,,1,,,,,,3,8,7,12,14,10,41,12,10,62,23,29,21,60,60,64,41,23,32,64,17,48,11,0,2,11,,2,13,16,19,4,8,34,11,83,58,46,29,47,5,22,13,16,18,45,39,17,34,67,58,35,32,51,53,51,57,27,93,178,624,289,102,188,178,138,153,239,208,197,200,344,501,205,213,188
439956,timor leste import,626,Timor-Leste,6301,"Mantas de todo tipo de materia textil (exc. manteles y colchas, así como artículos de cama y artículos simil. de la partida 9404)",,,,,,,,,,1,,,,,8,,,34,15,,,,,,,,,,,,14,8,20,11,37,94,17,386,1,6,2,51,50,21,5,4,1,6,5,22,31,9,30,38,79,12,28,72,25,37,25,39,4,13,53,68,54,58,35,42,68,63,56,138,311,25,74,290,360,87,102,178,171,95,143,282,232,138,92,264,184,85,230,142,212,132,164,195
439956,timor leste import,626,Timor-Leste,8515,"Máquinas y aparatos para soldar, aunque puedan cortar, eléctricos, incl. los de gas calentado eléctricamente, de láser u otros haces de luz o de fotones, ultrasonido, haces de electrones, impulsos magnéticos o chorro de plasma; máquinas y aparatos eléctricos para proyectar en caliente metal o carburos metálicos sinterizados o cermet; sus partes (exc. pistolas para metalizar en caliente de la partida 8424)",,,,,,,,,,,,,,,,,,,,,,,,,,,25,,1,,11,16,13,6,141,11,10,11,35,3,16,4,48,11,3,3,12,5,11,12,10,17,2,3,12,83,94,25,52,43,6,14,32,113,128,8,123,14,8,29,203,44,45,30,87,34,106,35,73,99,52,55,89,33,62,53,103,136,86,89,117,255,126,152,74,118,115,115
439956,timor leste import,626,Timor-Leste,8301,"Candados, cerraduras y cerrojos ""de llave, de combinación o eléctricos"", de metal común; cierres y monturas cierre, con cerradura incorporada, de metal común; llaves de metal común para estos artículos",,,,,,,,,,,,,,,1,,,,,8,,37,3,,1,17,36,25,33,41,54,82,101,50,84,86,66,36,50,20,56,73,54,79,45,33,55,28,29,38,45,50,33,40,30,74,25,105,142,212,84,120,37,18,41,35,33,46,33,53,73,134,33,116,122,60,117,77,161,75,75,114,132,83,167,197,164,133,121,239,111,243,215,297,358,253,135,174
439956,timor leste import,626,Timor-Leste,8513,"Lámparas eléctricas portátiles concebidas para funcionar con su propia fuente de energía ""p.ej. de pilas, acumuladores,  electromagnéticas"" (exc. aparatos de alumbrado de la partida 8512); sus partes",,,,,,,,,,,,1,,,,11,,3,27,6,1,14,11,115,5,13,10,21,32,73,46,34,55,83,118,203,45,86,9,45,19,114,204,83,88,46,43,32,51,35,148,65,129,83,164,75,433,29,122,128,82,181,106,84,29,41,50,65,76,89,71,93,89,230,276,87,115,102,175,136,99,207,391,161,210,261,294,132,138,239,236,93,205,277,148,121,94,143
439956,timor leste import,626,Timor-Leste,0202,"Carne de bovinos, congelada",,,,,,,,,95,64,29,16,8,24,13,11,13,124,266,5,5,167,6,8,4,67,3,5,70,154,266,330,190,73,137,189,267,374,567,461,235,524,645,752,691,493,215,149,123,144,78,168,457,22,36,61,10,9,106,126,36,193,122,198,27,87,38,24,57,11,65,7,22,15,71,34,33,59,124,104,44,179,106,153,186,310,512,131,16,8,91,57,69,8,10,499,30,7
439956,timor leste import,626,Timor-Leste,6802,"Piedra de talla o de construcción trabajada (exc. la pizarra) y sus manufacturas; cubos, dados y artículos simil. para mosaicos, de piedra natural, incl. la pizarra, aunque estén sobre soporte; gránulos, tasquiles ""fragmentos"" y polvo de piedra natural, incl. la pizarra, coloreados artificialmente (exc. adoquines, encintado y losas para pavimentos; artículos de basalto fundido; artículos de esteatita, obtenidos por cocción cerámica; bisutería; relojes; aparatos de alumbrado y sus partes; botones; obras originales de estatuaria o de escultura)",,,,,,,,,,,,,,,,,,,,,,39,47,,7,54,6,24,56,42,75,43,5,6,17,23,15,62,323,29,42,47,67,186,267,140,13,27,23,38,29,25,33,45,48,84,13,28,26,17,35,26,36,17,6,10,47,83,36,41,30,260,146,2,88,76,543,41,107,109,77,286,225,358,486,61,102,131,115,66,31,30,360,57,71,67,27,29
439956,timor leste import,626,Timor-Leste,8529,"Partes identificables como destinadas, exclusiva o principalmente, a módulos de visualización de pantalla plana, aparatos de transmisión y recepción de radiotelefonía, radiotelegrafía, radiodifusión, televisión, cámaras de televisión, videocámaras para imágenes fijas y otras videocámaras, aparatos de radar, radionavegación. aparatos de ayuda o aparatos de radiocontrol remoto, n.c.o.p.",,,,,,,,,1,2,27,,16,5,10,10,68,,2,5,21,207,101,113,81,88,25,103,343,63,125,235,164,142,110,321,192,107,114,92,185,157,165,106,104,160,134,173,103,96,128,71,116,205,123,91,118,90,361,98,142,52,87,149,68,136,150,101,107,30,132,315,28,223,66,29,,6,5,11,64,194,329,157,148,159,162,129,157,344,124,171,51,127,160,125,92,444
439956,timor leste import,626,Timor-Leste,8531,"Timbres, sirenas, tableros indicadores, avisadores de protección contra robo o incendio y demás aparatos eléctricos de señalizacion acústica o visual; sus partes (exc. del tipo utilizado en velocípedos, vehículos automóviles y vías de circulación)",,,,,,,,,8,,,3,,7,13,,13,16,5,,7,4,,,,21,0,,13,,,,,4,24,6,74,34,23,58,3,14,2,21,,27,22,8,2,26,7,25,15,61,12,117,4,25,6,6,10,16,73,10,16,13,1,8,6,145,75,10,2,21,4,6,12,3,34,1,14,8,21,132,76,128,171,129,114,27,187,94,21,35,70,32,6,50
439956,timor leste import,626,Timor-Leste,7217,"Alambre de hierro o acero sin alear, enrollado (exc. alambrón)",,,,,,,,,2,,,,,,,,,,,7,1,2,3,,,,3,,1,2,80,38,26,5,17,17,28,3,33,32,12,71,184,289,219,387,238,180,90,301,208,258,428,160,647,271,76,127,177,496,154,176,230,133,33,67,66,243,271,217,109,49,220,166,155,843,84,148,579,435,35,375,1473,637,1007,242,85,128,52,132,387,100,136,208,146,128,87,166
439956,timor leste import,626,Timor-Leste,2102,"Levaduras, vivas o muertas; los demás microorganismos monocelulares muertos; polvos de levantar preparados (exc. microorganismos monocelulares acondicionados como medicamentos)",,,,,,,,,,,,,,,,,3,,,,,,,,10,14,27,30,23,21,17,40,36,28,29,33,36,11,56,42,8,36,32,40,13,13,20,30,31,26,7,19,4,64,18,28,64,57,38,39,20,53,67,26,70,35,64,101,34,55,121,94,56,37,65,96,106,187,152,98,30,85,99,173,115,101,125,123,128,106,91,215,139,111,169,172,148,164
439956,timor leste import,626,Timor-Leste,3005,"Apósitos, esparadrapos, sinapismos, guatas, gasas, vendas y artículos simil., impregnados o recubiertos de sustancias farmacéuticas o acondicionados para la venta al por menor con fines médicos, quirúrgicos, odontólogicos o veterinarios",,,,,,,,,25,,,,29,19,,,,8,,12,18,,,11,,1,1,1,10,2,19,19,16,27,14,82,28,2,85,86,28,3,53,9,5,30,10,7,33,40,39,20,16,21,65,104,10,29,18,80,32,21,22,33,18,20,55,11,12,11,36,26,14,11,20,11,28,25,108,44,86,269,72,75,35,133,71,123,91,100,80,169,216,237,108,276,87,111
439956,timor leste import,626,Timor-Leste,6110,"Suéteres ""jerseys"", ""pullovers"", cardiganes, chalecos y artículos simil., de punto (exc. chalecos acolchados)",,,,,,,,,,,,,,,,,,5,,,4,22,,,2,,1,,,,2,6,3,,2,1,48,,,,0,0,0,3,1,0,7,6,,,5,,2,,,1,1,,,,,2,2,,1,3,15,7,40,11,204,353,104,256,225,85,55,117,272,391,36,29,234,75,80,6,3,123,41,7,15,7,11,9,24,4,10,3
439956,timor leste import,626,Timor-Leste,8215,"Cucharas, tenedores, cucharones, espumaderas, palas para tarta, cuchillos para pescado o para mantequilla, pinzas para azúcar y artículos simil., de metal común (exc. tijeras para aves o para langostas de la partida 8201 u 8213)",,,,,,,,,4,,,,,,,1,,,,,,1,1,10,6,8,1,24,43,12,17,38,17,23,14,29,9,8,4,6,16,15,121,39,26,3,19,18,10,12,29,40,38,12,23,46,10,31,150,233,51,30,12,62,35,59,21,38,63,72,79,104,53,41,131,166,51,77,217,157,144,104,207,112,112,137,286,123,140,134,266,152,150,124,268,141,129,138
439956,timor leste import,626,Timor-Leste,1605,"Crustáceos, moluscos y demás invertebrados acuáticos, preparados o conservados (sin ahumar)",,,,,,,,,,,1,,1,1,,1,1,1,,,,,,,,,,,,,,,1,,,,7,10,49,15,50,31,7,9,10,12,21,20,12,4,36,32,6,3,20,9,12,6,41,34,7,54,15,86,,6,18,13,2,9,19,8,159,2,44,180,44,257,36,248,426,32,239,104,95,547,20,121,21,172,10,35,1,105,90,204,1,109
439956,timor leste import,626,Timor-Leste,6506,"Sombreros y demás tocados, incl. guarnecidos, n.c.o.p.",,,,,,,,,,,,,,,,,,,11,6,,,3,0,,0,13,32,9,17,11,31,38,37,74,99,23,51,5,19,7,41,54,29,21,8,11,70,22,12,18,7,10,66,92,60,19,54,64,64,46,49,42,50,30,22,32,50,33,43,96,49,79,28,112,56,107,58,119,251,249,85,112,109,95,164,95,121,130,59,83,139,96,190,107,115,146,99
439956,timor leste import,626,Timor-Leste,7612,"Depósitos, barriles, tambores, bidones, botes, cajas y recipientes simil., de aluminio, incl. los envases tubulares rígidos o flexibles, para cualquier materia (exc. gas comprimido o licuado), de capacidad <= 300 l, sin dispositivos mecánicos ni térmicos, incl. con revestimiento interior o calorífugo, n.c.o.p.",,,,,,,,,,,,,,,,,,,,,,,,,,,,,,1,,,,,,,,,1,,,4,51,5,1,0,,,,,2,,,25,,10,1,,,25,133,114,212,252,20,34,106,58,26,18,82,48,8,65,60,41,32,23,66,40,84,209,83,129,200,242,276,120,32,60,55,297,149,204,270,125,510,313
439956,timor leste import,626,Timor-Leste,6108,"Combinaciones, enaguas, bragas ""bombachas, calzones"", incl. las que no llegan hasta la cintura, camisones, pijamas, saltos de cama, albornoces de baño, batas de casa y artículos simil., de punto, para mujeres o niñas (exc. ""T-shirts"", camisetas, sostenes, fajas, corsés y artículos simil.)",,,,,,,,,,,,,,,,,,1,15,8,26,7,22,35,17,4,34,14,15,,1,,,11,,,,,,,0,,0,1,0,0,1,15,,5,12,11,16,21,29,19,20,14,33,48,47,41,5,25,23,23,24,14,47,30,28,102,41,137,141,40,66,63,142,109,130,120,137,133,152,174,72,117,88,139,76,172,139,89,111,79,101,82
439956,timor leste import,626,Timor-Leste,8542,Circuitos integrados y microestructuras electrónicas; sus partes,,,,,,,,,,1,,,,,6,,35,,76,7,,,12,,,0,0,0,5,19,19,0,,,7,0,,0,39,10,27,46,6,191,126,193,173,16,,253,13,12,3,4,94,79,13,1,9,6,2,,14,1,,,,11,,1,1,8,6,6,1,4,4,7,9,8,11,18,13,5,19,11,18,117,73,179,27,55,41,47,76,22,15,123
439956,timor leste import,626,Timor-Leste,0701,"Patatas ""papas"" frescas o refrigeradas",,,,,,,,,29,20,6,9,7,3,,,2,29,40,21,14,21,7,7,5,7,14,6,8,11,33,39,29,22,62,45,86,64,171,72,81,65,112,108,73,56,120,195,76,60,184,160,74,113,161,342,25,194,243,99,332,21,168,309,79,93,156,89,45,6,96,164,45,55,171,104,119,50,216,158,83,52,130,184,71,65,206,116,82,84,136,137,159,130,208,220,92,128
439956,timor leste import,626,Timor-Leste,7009,"Espejos de vidrio enmarcados o no, incl. los espejos retrovisores (exc. espejos de óptica de vidrio trabajado ópticamente y espejos de > 100 años)",,,,,,,,,,,,1,5,,3,2,1,1,12,6,6,15,23,21,9,9,6,28,54,47,44,41,93,60,79,60,28,21,18,37,11,58,73,64,18,1,10,16,15,7,9,15,30,30,45,53,20,48,54,65,45,41,61,41,18,34,13,35,40,66,53,74,53,59,117,80,162,77,89,141,97,174,145,48,159,118,163,116,82,119,173,120,121,130,188,106,72,39
439956,timor leste import,626,Timor-Leste,7419,"Manufacturas de cobre, n.c.o.p.",,,,,,,,,,,,,,,,,,,,,1,,,,,9,,,,,,12,1,2,1,9,,3,1,8,,0,1,0,1,3,9,18,,,7,1,,24,24,1,1,1,19,,1,1,1,37,,1,47,19,29,3,6,1,,2,1,3,,86,,25,57,,4,4,46,27,22,115,19,96,31,9,60,84,233,98,12,6
439956,timor leste import,626,Timor-Leste,2501,"Sal, incl. la de mesa y la desnaturalizada, y cloruro de sodio puro, incl. en disolución acuosa o con adición de antiaglomerantes o de agentes que garanticen una buena fluidez; agua de mar",,,,,,,,,,,,,,,0,,3,3,,,,,,,11,57,64,24,31,29,39,97,97,67,84,134,125,145,106,107,80,181,91,68,39,75,54,108,109,135,124,104,87,82,48,158,140,77,85,62,70,114,71,99,80,77,54,51,78,128,75,97,98,97,121,86,115,106,108,86,110,145,106,185,111,97,63,114,118,103,149,187,124,107,198,202,152,154
439956,timor leste import,626,Timor-Leste,6401,"Calzado impermeable con suela y parte superior de caucho o plástico, cuya parte superior no se haya unido a la suela por costura o por medio de remaches, clavos, tornillos, espigas o dispositivos simil., ni se haya formado con diferentes partes unidas de la misma manera (exc. calzado ortopédico, con características de juguete o con patines fijos, para hielo o de ruedas, espinilleras y otros artículos de protección utilizados en el deporte)",,,,,,,,,,1,,,,,,,,,,,,,,,,,,,,,1,2,,,2,,2,35,1,1,3,7,248,3,1,8,19,85,8,53,61,48,224,45,59,23,118,55,45,67,24,112,24,40,21,34,25,23,21,24,40,44,35,46,36,43,21,35,214,243,104,16,77,58,197,117,78,114,118,171,156,218,190,166,184,266,307,360
439956,timor leste import,626,Timor-Leste,6307,"Artículos de materia textil, confeccionados, incl. los patrones para prendas de vestir, n.c.o.p.",,,,,,,,,9,5,5,,5,2,,,,42,29,,,5,,3,5,,2,6,31,7,8,15,4,7,18,23,13,9,41,9,12,15,75,27,8,52,68,25,6,12,24,13,16,6,13,100,27,43,46,60,44,23,127,33,26,81,23,59,48,42,57,74,110,444,591,180,137,590,452,483,197,86,66,58,138,102,61,113,71,192,289,154,219,132,558,411,90,126
439956,timor leste import,626,Timor-Leste,6114,"Prendas de vestir especiales, para usos específicos ""p.ej., profesional, deportivo, etc."", n.c.o.p., de punto",,,,,,,,,,,,,,,,,1,,,,,1,,,13,38,36,132,57,44,24,46,47,22,80,26,181,80,129,107,158,237,250,178,110,89,42,102,151,125,90,138,141,132,205,89,209,193,298,422,289,248,226,37,15,8,21,79,32,21,105,143,51,43,266,127,147,138,155,220,232,83,80,149,125,108,124,111,78,118,113,263,161,95,64,81,113,95
439956,timor leste import,626,Timor-Leste,6211,"Conjuntos de abrigo para entrenamiento o deporte ""chandales"", monos ""overoles y conjuntos de esquí y bañadores; las demás prendas de vestir, n.c.o.p. (exc. de punto)",,,,,,,,,,,,,,,,11,,,,,,2,5,,,2,4,5,,3,1,159,3,1,4,72,29,8,18,20,5,24,12,7,7,29,43,38,44,57,2,7,20,9,15,7,12,21,12,10,18,120,140,264,183,43,9,5,6,5,12,8,5,7,9,9,10,6,18,6,6,27,29,41,66,29,30,111,217,20,44,10,56,10,14,46,66,70
439956,timor leste import,626,Timor-Leste,7324,"Artículos de higiene o tocador, y sus partes, de fundición, hierro o acero (exc. bidones, cajas y recipientes simil. de la partida 7310, pequeños armarios de farmacia o de tocador para colgar y demás muebles del capítulo 94 y artículos de grifería)",,,,,,,,,,,,,,,,,,,,,8,27,1,1,2,10,9,1,5,,7,10,5,7,20,9,19,9,32,6,7,11,12,17,6,14,12,10,2,8,12,3,20,6,21,90,14,11,59,122,10,143,11,31,43,7,17,49,24,44,13,40,8,40,48,17,36,68,45,46,129,128,57,239,30,221,64,111,81,159,71,177,34,154,137,131,93,55
439956,timor leste import,626,Timor-Leste,8426,"Grúas y aparatos de elevación sobre cable aéreo; puentes rodantes, pórticos de descarga o manipulación (exc. camiones grúa y aparatos para la red de ferrocarriles ""rieles""); puentes grúa, carretillas puente y carretillas grúa",,,,,,,,,,,,2,33,,,,17,,,2,,,,,,,18,,,116,206,,,37,3,103,328,919,131,937,278,1307,610,102,126,519,,127,42,241,281,88,32,210,216,998,281,77,481,659,9,335,370,382,233,68,,27,1881,235,504,,787,57,252,,1293,,,407,130,21405,713,,127,77,185,110,,,40,70,71,40,1047,36,9,141
439956,timor leste import,626,Timor-Leste,8424,"Aparatos mecánicos, incl. de mano, para proyectar, dispersar o pulverizar materias líquidas o en polvo, n.c.o.p.; extintores, incl. cargados (exc. bombas y granadas extintores); pistolas aerográficas y aparatos simil. (exc. aparatos eléctricos para proyectar en caliente metales o carburos metálicos sinterizados de la partida 8515); máquinas y aparatos de chorro de arena o de vapor y aparatos de chorro simil., n.c.o.p.; sus partes",,,,,,,,,,2,,11,16,3,36,2,17,,66,2,3,2,32,8,4,4,,3,28,21,7,184,,9,71,3,29,18,46,16,25,24,4,7,8,36,29,3,23,74,51,28,79,5,34,23,13,22,23,73,42,36,14,56,22,25,51,68,85,137,81,59,34,162,161,85,134,76,180,98,129,114,139,75,138,209,196,108,134,304,162,924,224,232,144,220,188,77
439956,timor leste import,626,Timor-Leste,8701,"Tractores o ""automotores"" (exc. carretillas tractor de la partida 8709)",,,,,,,,,75,,,,,,,,11,,56,,,,,,116,15,336,817,208,5,1626,39,200,23,21,5,207,103,82,6,1,71,314,4,5,340,56,36,54,69,258,48,25,168,15,161,131,64,284,174,115,157,653,147,46,6,146,191,26,416,77,118,87,65,77,394,198,108,31,306,162,28,297,92,130,254,116,107,155,770,428,320,352,237,563,238,254,173
439956,timor leste import,626,Timor-Leste,0305,"Pescado comestible seco, salado, en salmuera; pescado ahumado, incl. cocido antes o durante el ahumado; harina, polvo y ""pellets"" de pescado aptos para la alimentación humana",,,,,,,,,,,,,,1,1,1,,,,,,,5,,8,6,,4,,3,47,8,9,7,14,26,14,17,29,15,14,11,17,28,21,23,22,26,18,27,22,21,14,17,24,16,7,14,13,16,11,10,29,16,12,30,10,21,12,13,16,15,14,10,17,18,10,12,33,29,19,69,80,239,182,80,78,105,93,70,129,145,44,87,101,139,52,94
439956,timor leste import,626,Timor-Leste,4009,"Tubos de caucho vulcanizado sin endurecer, incl. con juntas, codos, empalmes ""empalmes [rácores]"", empalmes [rácores] y demás accesorios",,,,,,,,,,,,,,2,,4,,,,,,4,,,,1,2,17,,6,14,,,,11,309,29,1,1,2,2,18,13,3,284,10,18,165,2,6,6,146,,11,19,20,36,7,148,19,11,216,34,11,11,40,10,16,1010,7,24,18,40,31,32,52,24,49,14,25,37,32,87,99,115,135,47,105,38,45,151,253,191,181,175,71,78,108
439956,timor leste import,626,Timor-Leste,3921,"Placas, láminas, hojas y tiras, de plástico, reforzadas, estratificadas o combinadas de forma similar con otras materias o de plástico celular, con soporte, sin trabajar o trabajadas solo en la superficie o solo cortadas en forma cuadrada o rectangular (exc. autoadhesivas, así como los revestimientos para suelos, paredes o techos de la partida 3918)",,,,,,,,,,,,,4,,,3,,7,,,12,2,1,3,1,35,,2,,16,1,17,5,61,3,10,65,6,6,5,3,13,14,21,7,9,6,2,4,2,4,7,44,46,37,16,5,42,138,77,26,47,25,39,26,9,25,16,23,14,42,108,15,80,75,37,14,58,33,71,303,53,247,153,22,32,63,104,71,112,64,128,87,46,118,65,95,137
439956,timor leste import,626,Timor-Leste,2905,"Alcoholes acíclicos y sus derivados halogenados, sulfonados, nitrados o nitrosados",,,,,,,,,,,,,,,,,,15,15,,10,,,,,,,,54,,,,,,,,90,14,22,1,1,,101,2,,105,31,100,120,103,101,78,111,113,127,46,26,13,13,67,91,27,60,55,80,51,25,25,51,25,179,523,532,520,760,505,781,701,623,634,372,219,358,226,139,86,43,103,74,33,12,21,28,10,1,,,
439956,timor leste import,626,Timor-Leste,7614,"Cables, trenzas y artículos simil., de aluminio, sin aislar para electricidad",,,,,,,,,,,,,,,,,,,,,,,,,12,,,,58,,,,,,,1090,755,722,538,2156,1025,641,1166,568,466,365,363,675,659,232,507,223,168,267,169,664,143,55,271,270,826,228,242,259,114,97,141,38,48,63,56,69,50,46,88,76,90,71,66,98,86,80,1006,62,458,85,166,102,157,68,53,130,157,297,642,849,169,156
439956,timor leste import,626,Timor-Leste,2007,"Confituras, jaleas y mermeladas, purés y pastas de frutas u otros frutos, obtenidos por cocción, incl. con adición de azúcar u otro edulcorante",,,,,,,,,,,,,,,,,,,,,,,,,27,1,8,8,9,,3,11,15,7,6,28,22,26,26,20,20,134,27,82,20,15,19,38,16,11,23,55,26,48,7,24,35,41,32,46,54,12,25,44,29,31,37,15,16,7,19,16,13,4,25,32,21,31,14,17,31,24,19,9,28,32,70,101,138,97,122,62,20,14,26,63,22,34
439956,timor leste import,626,Timor-Leste,6212,"Sostenes ""corpiños"", fajas, corsés, tirantes ""tiradores"", ligas y artículos simil. y sus partes, de todo tipo de materia textil, incl. elásticas y de punto (exc. fajas de caucho)",,,,,,,,,,,,,,,,,3,1,3,6,19,38,11,13,4,13,11,50,2,,,2,,,,,,,1,,,,,0,,,,8,,2,6,7,42,2,2,2,20,39,45,83,47,46,2,6,21,25,21,11,64,81,76,47,31,51,69,94,30,12,114,63,42,34,106,98,65,61,48,101,73,86,70,125,100,95,73,89,79,100
439956,timor leste import,626,Timor-Leste,3901,"Polímeros de etileno, en formas primarias",,,,,,,,,,,,,,,,,,,,,,,,,,,,,,,,,,1,,,,,,3,,,,,,,,,3,,,5,3,5,4,8,25,39,37,13,3,7,15,11,11,15,31,63,59,37,11,56,33,34,13,4,,12,28,10,57,27,,,,22,52,98,34,62,122,155,44,40,87,94,133,83
439956,timor leste import,626,Timor-Leste,4203,"Prendas y complementos ""accesorios"" de vestir, de cuero natural o cuero o regenerado (exc. calzado y artículos de sombrerería, así como espinilleras, máscaras de esgrima y demás artículos del capítulo 95)",,,,,,,,,1,,,1,,,,,,,2,,,,,,,53,,,,,2,174,8,,,,,1,3,,7,6,0,5,7,0,1,,5,5,,7,9,15,1,2,2,12,6,3,34,3,22,13,14,16,33,10,13,18,162,10,8,11,17,6,7,8,13,13,8,16,35,17,62,145,181,98,24,54,30,45,15,13,20,42,20,16
439956,timor leste import,626,Timor-Leste,8425,Polipastos; tornos y cabrestantes; gatos,,,,,,,,,,4,,5,,,,9,,,,4,,12,,,4,58,30,5,20,1,32,10,1,11,26,14,116,13,30,35,1,14,78,11,13,8,5,3,13,16,34,82,10,12,31,21,19,87,8,27,45,19,6,6,12,11,36,14,6,33,11,53,3,45,37,56,36,19,38,892,12,46,105,18,74,144,37,97,82,50,7926,109,170,62,450,73,34,31
439956,timor leste import,626,Timor-Leste,6808,"Paneles, placas, losetas, bloques y artículos simil., de fibra vegetal,  paja o  viruta, de plaquitas o escamillas, o de aserrín o demás desperdicios de madera, aglomerados con cemento, yeso fraguable o demás aglutinantes minerales (exc. manufacturas de amiantocemento, celulosacemento y simil.)",,,,,,,,,,,,,,,,,,,,,,,,,,,,11,,,,,,,,,,,,1,8,77,40,18,8,5,12,6,4,,2,1,30,,3,3,7,65,101,1,15,8,2,22,11,10,9,,9,6,15,32,,6,6,6,2,22,1,8,,16,,12,25,,,95,,14,12,,,9,12,12,,10
439956,timor leste import,626,Timor-Leste,2804,"Hidrógeno, gases nobles y demás elementos no metálicos",,,,,,,,,,,2,,1,,,,,4,,,156,80,201,60,25,1440,,1,,,,4,33,64,145,171,202,97,216,20,30,38,34,21,31,54,21,34,58,227,21,40,33,65,75,20,64,41,115,29,29,39,,,8,22,12,18,20,19,17,12,,13,36,23,6,7,39,10,26,25,26,40,79,107,59,94,54,71,33,16,28,58,103,74,31,
439956,timor leste import,626,Timor-Leste,1903,"Tapioca y sus sucedáneos preparados con fécula, en copos, grumos, granos perlados, cerniduras o formas simil.",,,,,,,,,,,,,,,,,,,,,,,,,,,,,2,,1,,,,,,1,,,,,1,,0,,,,,,,11,,,14,,10,14,17,14,58,3,2,8,4,15,4,10,5,22,51,80,33,29,74,57,51,55,59,87,53,87,142,95,64,115,89,109,93,68,47,79,89,90,64,94,96,39,49
439956,timor leste import,626,Timor-Leste,7005,"Vidrio flotado y vidrio desbastado o pulido por una o las dos caras, en placas o en hojas, incl. con capa absorbente, reflectante o antirreflectante, pero sin trabajar de otro modo",,,,,,,,,,,,,,,,,10,,,,11,,,,,2,,4,,,,,,9,,2,1,,,,,,5,0,,,,13,,7,16,31,74,26,14,7,29,36,29,37,36,29,59,34,37,15,48,60,22,28,41,38,28,21,103,512,29,52,34,8,320,27,54,237,64,72,70,93,90,50,92,80,57,71,65,47,36,53
439956,timor leste import,626,Timor-Leste,7208,"Productos planos de hierro o acero sin alear, de anchura >= 600 mm, laminados en caliente, sin chapar ni revestir",,,,,,,,,,31,,,,,,,,,,,,,,,,,,,,,,,,38,501,16,,10,1,73,,,23,3,32,11,10,9,,5,37,35,1,86,34,47,18,40,69,147,42,51,57,47,5,128,43,105,39,60,103,43,68,128,420,62,2,13,31,224,117,163,307,198,382,84,222,92,90,160,157,115,89,154,254,64,98,281
439956,timor leste import,626,Timor-Leste,7228,"Barras y perfiles de aceros aleados, distinto del acero inoxidable, n.c.o.p.; barras huecas para perforación, de aceros aleados o sin alear",,,,,,,,,,,,,,,,,,,,,,,,,,,1,,,,,,,,46,53,92,48,47,207,71,225,631,145,45,79,594,469,209,614,549,175,519,567,346,1715,597,674,3113,2075,2492,3502,1625,2324,93,2147,1305,562,100,591,815,895,1706,363,1204,4267,649,2307,1713,656,149,416,1031,1337,,258,122,92,107,56,96,163,568,184,61,8,30,545
439956,timor leste import,626,Timor-Leste,9615,"Peines, peinetas, pasadores y artículos simil.; horquillas, rizadores, bigudíes y artículos simil. para el peinado, y sus partes, n.c.o.p. (exc. aparatos eléctricos de la partida 8516)",,,,,,,,,,,,,,1,4,1,4,2,7,6,3,,8,19,4,12,2,16,10,31,30,24,26,33,46,75,22,23,2,9,1,57,57,70,18,0,6,10,1,4,9,11,3,1,2,4,10,19,16,18,8,13,11,3,6,5,1,8,40,16,12,26,32,26,31,14,17,22,56,88,40,56,100,79,61,116,106,92,33,78,118,268,105,92,146,154,72,153
439956,timor leste import,626,Timor-Leste,3919,"Placas, láminas, hojas, cintas, tiras y demás formas planas, autoadhesivas, de plástico, incl. en rollos (exc. revestimientos para suelos, paredes o techos de la partida 3918)",,,,,,,,,,,,,6,7,2,2,,,,10,24,30,,2,7,10,3,7,14,14,99,4,27,22,26,24,13,8,6,5,6,12,26,62,3,12,4,1,21,11,24,19,14,12,29,35,20,16,104,59,34,49,26,14,46,23,10,43,73,55,25,32,50,56,61,39,59,30,59,91,57,122,139,86,82,113,88,91,101,126,117,83,171,127,141,185,140,107
439956,timor leste import,626,Timor-Leste,7615,"Artículos de uso doméstico, higiene o tocador y sus partes, de aluminio (exc. bidones, cajas y recipientes simil. de la partida 7612; artículos con carácter de herramientas; cucharas, cucharones, tenedores, etc. de las partidas 8211 a 8215; objetos de adorno; artículos de grifería); estropajos, guantes y artículos simil. para fregar, lustrar o usos simil., de aluminio",,,,,,,,,,,,,,,,,,,,,,,,,8,40,32,32,74,63,80,118,111,81,138,140,161,70,93,57,55,58,88,78,58,53,67,79,49,69,97,77,72,58,106,100,90,82,133,81,90,52,97,30,88,36,116,69,63,55,122,57,62,40,136,64,40,101,90,61,54,74,36,40,74,78,70,91,66,133,199,254,161,154,193,107,172,203
439956,timor leste import,626,Timor-Leste,9031,"Instrumentos, máquinas y aparatos para medida o control, n.c.o.p. de este capítulo, así como proyectores de perfiles",,,,,,,,,33,18,23,0,,2,19,51,,,7,28,,50,6,,0,25,23,12,49,0,6,8,18,32,24,193,1,11,57,6,9,8,118,17,2,5,10,4,7,,4,88,28,65,44,76,1,178,47,178,43,164,86,41,11,92,55,127,40,69,11,31,331,46,112,20,41,21,22,131,115,16,61,35,109,100,32,91,48,30,109,171,106,110,74,144,72,50
439956,timor leste import,626,Timor-Leste,8476,"Máquinas automáticas para la venta de productos ""p.ej. sellos [estampillas], cigarrillos, alimentos, bebidas"", incl. las máquinas de cambiar moneda; sus partes",,,,,,,,,,,,,,,,,,,,,,,,,,,,,,,,,,,,,,,,,,,,,,,,,,5,,,3,1,1,18,,,,,,,250,,,,,,,,,,,,,,,,,,,,,,,1,,90,,,18,,,15,,,1,
439956,timor leste import,626,Timor-Leste,6205,"Camisas para hombres o niños (exc. de punto, así como camisones y camisetas)",,,,,,,,,,25,1,2,,,,,3,3,,8,2,26,1,3,16,13,19,11,6,7,15,448,22,10,15,3,4,6,5,12,9,6,3,3,38,4,6,189,98,112,36,,49,1,86,321,1,13,74,27,16,28,13,118,8,41,48,27,16,8,24,50,90,5,18,26,11,6,20,72,62,61,56,66,99,53,84,88,67,97,160,115,62,89,112,153,90,102
439956,timor leste import,626,Timor-Leste,9026,"Caudalímetros, indicadores de nivel, manómetros, contadores de calor y demás instrumentos y aparatos para medida o control del caudal, nivel, presión u otras características variables de líquidos o gases (exc. los de las partidas 9014, 9015, 9028 ó 9032)",,,,,,,,,,4,1,,,,,,4,,,,0,0,,8,5,0,6,1,0,,1,12,,117,9,31,40,9,,,4,18,40,51,26,21,32,25,21,4,151,9,227,138,15,16,7,72,258,87,44,16,42,28,11,32,23,55,11,9,2,19,3,8,26,4,13,38,42,44,21,6,17,16,19,61,43,87,8,28,52,23,21,19,56,76,28,32
439956,timor leste import,626,Timor-Leste,1105,"Harina, sémola, polvo, copos, gránulos y ""pellets"", de patata ""papa""",,,,,,,,,,,,,,,,,,,,,,,,,,,,,,,,,,,,,2,1,3,9,1,,1,0,,,,2,,11,17,5,5,5,1,3,3,1,2,1,1,,10,,4,6,9,15,5,2,,,7,1,17,9,18,11,18,15,3,16,23,18,4,9,14,86,148,129,71,16,12,16,25,43,40,39
439956,timor leste import,626,Timor-Leste,4811,"Papel, cartón, guata de celulosa y napa de fibras de celulosa, estucados, recubiertos, impregnados o revestidos, coloreados o decorados en la superficie o impresos, en bobinas ""rollos"" o en hojas de forma cuadrada o rectangular, de cualquier tamaño (exc. artículos de las partidas 4803, 4809, ó 4810)",,,,,,,,,,,,,,,,,,,,,,,,1,,,,,1,1,,5,9,8,5,30,6,3,1,9,9,7,7,27,0,1,1,,,2,5,11,21,3,2,8,,,10,3,17,13,,1,,,,,3,15,3,3,1,1,20,17,13,5,32,12,6,1,16,2,7,47,15,86,7,3,,3,,3,2,7,2,4
439956,timor leste import,626,Timor-Leste,8421,"Centrifugadoras, incl. las secadoras centrífugas (exc. para la separación de isótopos); aparatos para filtrar o depurar líquidos o gases (exc. aparatos llam. ""riñones artificiales""); sus partes",,,,,,,,,10,72,18,,,,,,,,14,9,101,,6,8,5,10,98,194,36,10,92,28,17,23,178,72,329,397,235,43,28,169,49,88,21,35,27,45,43,56,198,166,119,144,143,94,77,333,1734,146,93,78,91,157,32,121,562,106,105,54,252,99,364,162,128,211,165,192,304,88,675,75,171,171,232,172,185,86,138,189,865,672,165,399,1221,363,111,187
439956,timor leste import,626,Timor-Leste,3101,"Abonos de origen animal o vegetal, incl. mezclados entre sí o tratados químicamente; abonos procedentes de la mezcla o del tratamiento químico de productos de origen animal o vegetal (exc. en tabletas o formas simil. o en envases de un peso bruto <= 10 kg)",,,,,,,,,,,,,,,,,,,,,,,,,,,,,,8,,,,,,1,3,209,2,260,5,1,3,11,,,,7,5,,,34,,,,13,,20,,,,,4,,,,7,9,,,8,9,,,,22,4,,13,,,,,54,1,4,,84,4,1,,22,,,,1,,
439956,timor leste import,626,Timor-Leste,7604,"Barras y perfiles, de aluminio, n.c.o.p.",,,,,,,,,,,,,,,,,,,,,,,,,,,,,,,,,,3,,6,,10,,,0,3,5,5,0,4,,23,15,15,36,1,6,5,66,16,6,6,10,128,93,16,92,84,41,47,50,55,27,32,20,93,19,50,164,94,107,85,133,171,35,159,141,223,27,70,135,84,154,34,94,12,72,40,17,51,51,38
439956,timor leste import,626,Timor-Leste,3506,"Colas y demás adhesivos preparados, n.c.o.p.; productos de cualquier clase utilizados como colas o adhesivos, acondicionados para la venta al por menor como colas o adhesivos, de peso neto <= 1 kg",,,,,,,,,2,,,1,1,,,,,,,3,2,,13,,1,3,1,3,12,5,12,9,16,315,16,8,8,14,12,26,11,76,7,8,14,5,12,8,19,19,30,28,64,29,38,50,59,64,268,67,68,54,80,47,41,36,41,73,66,71,105,91,78,144,124,72,47,85,195,131,98,127,186,104,103,95,344,83,146,77,84,104,79,148,206,91,77,105
439956,timor leste import,626,Timor-Leste,9028,"Contadores de gas, líquido o electricidad, incl. los de calibración",,,,,,,,,,,,,,,,,,,,,,,,1,,,,52,,,95,,,,,11,5,3,194,83,22,26,26,28,,28,162,1700,20,11,,39,350,671,82,238,10,615,45,490,208,12,186,17,,67,,3,70,,1,333,1,2,6,27,,,727,2219,5,,0,,25,206,8,82,1917,,770,6,2,7,1,4,2,4
439956,timor leste import,626,Timor-Leste,9610,"Pizarras y tableros para escribir o dibujar, incl. enmarcados",,,,,,,,,,,,,,,,1,,,,,,,2,,,7,3,,7,,,2,10,1,2,4,3,1,35,2,0,2,128,5,,2,,,,3,,,,,9,1,2,2,7,10,5,11,4,,17,11,3,2,3,9,20,32,8,54,9,11,21,3,24,17,5,17,15,20,58,38,30,82,22,79,24,34,56,50,90,43,20,36
439956,timor leste import,626,Timor-Leste,3301,"Aceites esenciales, desterpenados o no, incl. los ""concretos"" o ""absolutos""; resinoides; oleorresinas de extracción; disoluciones concentradas de aceites esenciales en grasas, aceites fijos, ceras o materias simil., obtenidas por enflorado o maceración; subproductos terpénicos residuales de la desterpenación de los aceites esenciales; destilados acuosos aromáticos y disoluciones acuosas de aceites esenciales",,,,,,,,,,,,,,,,,1,3,,,,,,,7,,,1,32,49,36,71,112,54,54,97,107,72,110,85,65,79,63,91,138,36,156,119,42,101,40,11,29,19,10,9,2,8,3,3,13,6,12,15,11,3,16,22,24,19,22,42,22,21,49,14,28,55,58,63,54,42,62,67,111,67,145,81,70,99,79,172,142,125,110,96,59,84
439956,timor leste import,626,Timor-Leste,8541,"Dispositivos semiconductores ""por ejemplo, diodos, transistores, transductores basados ​​en semiconductores""; dispositivos semiconductores fotosensibles, incl. células fotovoltaicas, incluso ensambladas en módulos o paneles (exc. ​​generadores fotovoltaicos); diodos emisores de luz ""LED"", incluso ensamblados con otros diodos emisores de luz ""LED""; cristales piezoeléctricos montados; partes del mismo",,,,,,,,,15,,,,,,,,,,,7,,,,18,,8,0,117,196,37,9,89,3,122,78,36,18,54,152,107,3,144,230,110,10,348,1142,353,16,12,93,121,64,62,,91,258,15,151,40,19,5,24,12,10,3,49,53,179,6,41,3,1,20,12,10,4,38,30,112,45,4,12,97,56,21,221,81,21,2,31,51,49,63,36,362,85,74
439956,timor leste import,626,Timor-Leste,5702,"Alfombras y demás revestimientos para el suelo, de materia textil, tejidos, distintos de los de pelo insertado y los flocados, aunque estén confeccionados, incl. las alfombras llam. ""Kelim"" o ""Kilim"", ""Schumaks"" o ""Soumak"", ""Karamanie"" y alfombras simil. tejidas a mano",,,,,,,,,,,,4,,,,,,,,,,,,,5,4,11,21,44,45,22,18,21,6,7,93,10,16,63,5,7,11,4,4,10,8,13,4,13,5,4,12,27,55,11,49,179,1,42,21,23,21,43,5,4,29,18,22,13,4,9,9,1,11,13,13,1,4,7,39,5,1,62,20,7,8,4,80,48,23,10,140,36,52,35,51,34,82
439956,timor leste import,626,Timor-Leste,8214,"Máquinas de cortar el pelo o de esquilar, cuchillas para picar carne, tajaderas de carnicería o cocina, cortapapeles y demás artículos de cuchillería, n.c.o.p., de metal común; herramientas y juegos de herramientas de manicura o pedicuro, incl. las limas uñas, de metal común",,,,,,,,,,,,,,,,,,,,1,1,,1,,1,3,2,2,,2,1,9,5,16,15,5,4,,15,,3,32,19,10,3,3,2,4,,,13,1,20,6,17,18,29,13,9,20,2,10,21,12,8,10,7,14,12,17,15,25,14,20,27,45,61,12,19,42,28,19,40,27,44,49,69,80,54,79,80,49,88,66,130,99,83,63
439956,timor leste import,626,Timor-Leste,8503,"Partes identificables como destinadas, exclusiva o principalmente, a motores y generadores eléctricos, a grupos electrógenos o a convertidores rotativos eléctricos, n.c.o.p.",,,,,,,,,,,,,,2,3,,3,34,7,,2,6,134,9,25,20,19,15,13,745,18,,2,11,11,110,59,102,15,53,18,14,68,10,9,0,9,,1,14,22,7,27,14,34,35,44,42,26,58,2,21,2,2,1,4,15,685,,5,5,2,5,36,26,17,3,304,5,3,,3,44,33,4,304,19,80,35,67,26,60,30,27,24,97,13,12
439956,timor leste import,626,Timor-Leste,8537,"Cuadros, paneles, consolas, armarios y demás soportes equipados con varios aparatos de las partidas 8535 u 8536, para control o distribución de electricidad, incl. los que incorporen instrumentos o aparatos del capítulo 90, así como los aparatos de control numérico (exc. aparatos de conmutación para telefonía o telegrafía con hilos)",,,,,,,,,13,,,,,3,27,,,,4,,47,5,42,9,55,67,1,24,14,102,15,140,1,53,51,219,79,2563,2013,1742,408,15,264,413,59,393,4853,6,74,28,33,83,51,297,86,108,32,194,314,170,77,45,266,39,9,17,4,44,56,47,110,43,98,30,56,209,33,36,14,716,569,194,589,280,310,273,192,80,894,117,89,196,181,262,1973,214,1254,89
439956,timor leste import,626,Timor-Leste,7616,"Manufacturas de aluminio, n.c.o.p.",,,,,,,,,,,,,,,,,,,,,,15,5,,,2,24,8,25,37,58,71,17,81,87,108,98,101,38,47,53,59,39,8,23,164,139,79,52,28,34,20,71,22,21,46,41,43,103,100,82,75,87,36,10,25,20,70,25,30,13,37,41,23,39,23,492,471,551,58,154,110,89,1962,119,106,79,79,95,64,87,44,72,134,187,70,59,170
439956,timor leste import,626,Timor-Leste,4014,"Artículos de higiene o de farmacia, incl. las tetinas, de caucho vulcanizado sin endurecer, incl. con partes de caucho endurecido, n.c.o.p. (exc. prendas, guantes y demás complementos de vestir, para cualquier uso)",,,,,,,,,,,,,,,,,,,,,,1,6,,,,,1,2,1,1,5,4,20,1,17,2,1,2,4,5,5,11,2,5,4,3,2,2,4,8,2,5,6,2,2,6,6,26,5,3,6,20,4,5,10,3,4,19,5,10,11,7,6,104,4,8,5,16,8,8,4,61,5,21,91,7,78,7,41,8,5,11,5,3,11,1,3
439956,timor leste import,626,Timor-Leste,6304,"Artículos de moblaje de todo tipo de materia textil (exc. mantas, ropa de cama, de mesa, de tocador o cocina, visillos y cortinas, guardamalletas y ropadiés de cama, pantallas para lámparas y artículos de la partida 9404)",,,,,,,,,,1,,0,,,,94,2,,,,,,,,2,3,15,22,30,20,31,7,38,10,17,23,38,5,3,9,2,59,28,25,5,2,3,247,13,29,92,20,7,15,3,1,2,4,17,4,3,7,2,1,9,1,,1,6,1,3,14,,15,28,17,24,43,107,27,75,33,42,104,75,63,99,78,70,57,28,73,86,79,29,145,86,56
439956,timor leste import,626,Timor-Leste,8483,"Árboles de transmisión, incl. los de levas y los cigüeñales, y manivelas, para máquinas; cajas de cojinetes y cojinetes, para máquinas; piñones y ruedas dentadas, cremalleras, ruedas de fricción, ruedas para la transmisión con cadena articulada y demás engranajes para máquinas, incl. los reductores, multiplicadores y variadores de velocidad y los convertidores de par; husillos fileteados de bolas o rodillos; volantes y poleas, incl. los motones; embragues y órganos de acoplamiento, incl. las juntas de articulación, para máquinas; partes de estos productos",,,,,,,,,,1,,,16,,10,4,,4,3,,,4,,16,2,,14,190,28,3,14,2,2,13,18,724,55,24,11,16,9,36,55,14,21,17,28,6,28,6,572,50,10,48,46,70,4,55,69,15,62,24,19,93,4,23,115,7,8,20,45,117,40,117,171,131,169,79,47,25,7,38,191,27,156,64,76,77,21,93,115,66,315,177,62,165,182,201
439956,timor leste import,626,Timor-Leste,9609,"Lápices, minas, pasteles, carboncillos, tizas para escribir o dibujar y jaboncillos ""tizas"" de sastre",,,,,,,,,,,,,,,,,,,,,,,,,,,1,2,,1,,2,3,1,,2,1,3,4,7,24,2,17,1,1,15,2,,1,8,8,21,39,5,23,35,13,21,14,20,9,15,18,4,21,13,6,14,22,30,22,31,21,13,24,30,14,19,46,42,29,35,50,31,47,47,66,77,28,58,85,54,100,45,68,115,101,66
439956,timor leste import,626,Timor-Leste,7613,Recipientes de aluminio para gas comprimido o licuado,,,,,,,,,,,,,,,,,,,,,,,,,,,,,,,2,1,1,1,,2,,,,,0,0,0,0,1,1,1,,4,1,,,,,2,,,,,,,6,10,,,25,8,2,,1,,,,,,,,,,,,,8,,18,,,76,51,,108,32,,,,,,
439956,timor leste import,626,Timor-Leste,5607,"Cordeles, cuerdas y cordajes, estén o no trenzados, incl. impregnados, recubiertos, revestidos o enfundados con caucho o plástico",,,,,,,,,,,3,,3,,,,,,,,,,,,,,7,7,29,11,8,6,34,40,56,63,32,27,2,1,31,18,19,37,8,8,1,7,25,7,45,10,23,14,16,15,11,10,42,39,9,112,26,29,4,10,18,21,8,23,54,52,289,8,25,25,42,37,54,24,54,41,27,30,59,85,82,75,103,122,101,118,94,128,155,53,103,79
439956,timor leste import,626,Timor-Leste,9017,"Máquinas de dibujar, pantógrafos, transportadores, estuches para dibujo, reglas y círculos de cálculo y otros instrumentos de dibujo, trazado o cálculo; metros, micrómetros, calibradores, calibres y otros instrumentos de mano de medida de longitudes, n.c.o.p.",,,,,,,,,,,,,,,,,,,,,5,,,,,,,,,,,6,13,26,12,28,4,2,35,3,1,11,34,19,14,7,36,35,33,8,3,19,37,22,19,31,23,47,33,33,17,6,5,3,10,22,4,8,6,17,5,23,7,14,29,22,26,21,31,33,16,27,74,43,40,42,22,75,36,89,53,57,44,98,41,66,29,52
439956,timor leste import,626,Timor-Leste,3824,"Preparaciones aglutinantes para moldes o núcleos de fundición; productos químicos y preparaciones de la industria química o de las industrias conexas, incl. las mezclas de productos naturales, n.c.o.p.",,,,,,,,,,,,,,,,,,,,3,,,,,,,,,8,29,27,3,10,5,32,2534,113,72,14,72,1,17,14,27,295,50,170,99,71,105,53,166,113,67,59,11,6,33,38,61,63,39,10,7,5,23,24,20,2,3,38,30,121,24,47,108,106,72,350,191,3,31,37,28,37,53,64,71,35,51,38,97,59,67,59,259,58,100
439956,timor leste import,626,Timor-Leste,9004,"Gafas ""anteojos"" correctoras, protectoras u otras, y artículos simil. (exc. gafas ""anteojos"" para medir la vista, lentes de contacto y vidrios y monturas para gafas ""anteojos"")",,,,,,,,,3,3,,,1,,3,,,17,1,2,10,6,5,3,19,8,10,41,2,13,15,12,35,54,71,3,37,4,1,20,0,27,19,31,34,2,13,,,2,3,,7,6,1,9,,11,66,137,47,32,13,11,4,12,4,2,8,9,9,23,46,55,81,32,14,11,29,48,40,19,112,41,57,115,32,71,28,54,59,136,57,56,65,91,56,61
439956,timor leste import,626,Timor-Leste,2516,"Granito, pórfido, basalto, arenisca y demás piedras de talla o de construcción, incl. desbastadas o simplemente troceadas por aserrado o de otro modo, en bloques o en placas cuadradas o rectangulares (exc. en gránulos, tasquiles o polvo, así como piedras con las características de adoquines, bordillos de aceras, veredas o losas y piedras calizas de talla o de construcción, de densidad aparente >= 2,5)",,,,,,,,,,,,,,,,,,,,,,,,,,,,,,,,2,,,,6,,,,,5,0,,,,4,,,,,,,,,2,3,,,,,,,,,,,,,,,7,1,,,,,,,,,,,14,,5,,60,70,92,72,4,,57,24,2,13,2,
439956,timor leste import,626,Timor-Leste,8523,"Soportes preparados para grabar sonido o para grabaciones simil., sin grabar (exc. productos del capítulo 37)",,,,,,,,,,,,,,,,,,,,,,,4,,3,2,3,11,3,6,11,2,16,7,17,27,4,12,24,8,39,78,48,70,7,86,139,68,,45,46,47,875,12,73,14,11,12,5,32,157,21,51,20,19,33,17,26,9,26,68,89,29,6,28,142,146,59,27,87,11,42,44,19,131,11,15,70,5,13,20,33,8,77,47,53,2,11
439956,timor leste import,626,Timor-Leste,0105,"Gallos, gallinas, patos, gansos, pavos ""gallipavos"" y pintadas, de las especies domésticas, vivos",,,,,,,,,,,,4,17,11,,3,,,,,,,,,3,,,,,,,,,,,,,,,,,,,13,,,,,,10,2,7,2,,,,,,,10,,,,6,53,22,23,27,38,18,46,210,55,36,119,70,46,57,46,89,58,87,130,173,36,163,93,69,21,70,59,63,38,28,42,93,54,130
439956,timor leste import,626,Timor-Leste,8419,"Aparatos y dispositivos, aunque se calienten eléctricamente, para el tratamiento de materias mediante operaciones que impliquen un cambio de temperatura, tales como calentamiento, cocción, torrefacción, destilación, rectificación, esterilización, pasteurización, baño de vapor de agua, secado, evaporación, vaporización, condensación o enfriamiento (exc. aparatos domésticos, así como los hornos y demás aparatos de la partida 8514); calentadores de agua de calentamiento instantáneo o de acumulación (exc. eléctricos); sus partes",,,,,,,,,,51,35,6,,,,30,,,,,2,4,10,,3,7,3,3,53,76,22,9,17,57,15,24,69,97,93,26,17,112,23,36,27,37,39,61,163,106,35,81,124,162,1034,134,39,99,958,144,619,18,46,154,89,121,99,92,77,33,32,52,150,76,54,172,119,158,346,159,251,124,120,103,28,46,21,69,524,41,190,105,58,128,74,73,378,328
439956,timor leste import,626,Timor-Leste,8527,"Aparatos receptores de radiotelefonía, radiotelegrafía o radiodifusión, incl. combinados en la misma envoltura con grabador o reproductor de sonido o con reloj",,,,,,,,,32,3,,,,,,,,,,3,13,,,,7,4,17,49,36,16,21,18,14,15,27,70,82,4,7,2,47,72,90,17,8,0,106,3,3,22,10,7,25,15,56,15,5,15,3,54,26,44,9,,79,31,77,51,22,1,21,11,5,6,20,,1,,6,8,31,1,6,31,46,129,342,69,62,56,148,246,385,181,183,90,22,183
439956,timor leste import,626,Timor-Leste,9027,"Polarímetros, refractómetros, espectrómetros, analizadores de gases o de humos y demás instrumentos y aparatos para análisis físicos o químicos, para ensayo de viscosidad, porosidad, dilatación, tensión superficial o simil. o para medidas calorimétricas, acústicas o fotométricas, incl. los exposímetros, así como micrótomos",,,,,,,,,,,,,2,,,,48,87,,,,96,139,110,41,134,297,67,103,,1,7,4,67,7,144,9,520,2,8,72,56,30,61,21,25,18,38,46,185,199,12,2,199,28,40,1,7,99,151,44,79,5,111,22,11,6,4,38,6,12,170,1,,191,,19,51,70,162,55,132,295,228,157,50,265,68,21,504,17,31,238,106,54,92,95,102
439956,timor leste import,626,Timor-Leste,9402,"Mesas de operaciones o de reconocimiento, camas con mecanismo para uso clínico, sillones de dentista y demás mobiliario para medicina, cirugía, odontología o veterinaria; sillones de peluquería y sillones simil., con dispositivos de orientación y elevación; sus partes",,,,,,,,,,,,,,,,,,,,,,,,,,6,,,14,1,,8,109,,5,1,1,20,29,313,37,231,322,263,29,5,2,166,89,31,13,41,7,23,6,25,100,28,19,1,2,10,40,17,27,20,1,2,2,6,6,4,66,6,19,56,12,234,124,277,45,212,15,23,31,10,29,66,66,5,52,193,9,14,73,35,16,107
439956,timor leste import,626,Timor-Leste,0304,"Filetes y demás carne de pescado, incl. picada, frescos, refrigerados o congelados",,,,,,,,,,1,1,3,,,2,,2,12,,3,76,,72,,9,7,,6,,,,11,,,,,85,24,76,29,73,114,47,72,156,93,114,25,28,55,41,30,13,6,32,32,2,10,9,6,24,49,22,11,2,9,3,9,5,5,11,4,9,5,54,2,23,28,49,17,25,37,11,37,17,66,3,65,15,33,50,46,7,44,106,17,28,65
439956,timor leste import,626,Timor-Leste,8303,"Cajas de caudales, puertas blindadas y compartimientos para cámaras acorazadas, cofres y cajas de seguridad y artículos simil., de metal común",,,,,,,,,,,,5,,,,,4,,17,,2,,15,,3,9,1,8,18,,24,4,11,19,14,15,5,4,53,9,,13,7,17,0,5,20,20,5,3,3,11,27,139,3,8,7,15,17,35,26,21,21,10,17,9,3,10,19,17,17,10,4,19,30,26,12,16,8,23,13,37,3,89,116,45,133,64,130,180,99,64,72,82,132,111,80,201
439956,timor leste import,626,Timor-Leste,8501,"Motores y generadores, eléctricos (exc. grupos electrógenos)",,,,,,,,,9,,7,4,,,3,4,,2,4,6,56,35,28,450,73,8,162,9,79,26,25,103,62,100,95,191,20,67,233,270,63,61,297,6,481,412,63,712,198,39,115,45,142,81,298,141,141,94,179,28,35,127,117,76,33,24,110,34,29,80,34,64,105,108,30,85,16,42,112,86,53,17,68,71,25,181,47,63,76,254,150,58,94,90,174,383,86,185
439956,timor leste import,626,Timor-Leste,8715,"Coches, sillas y vehículos simil. para transporte de niños, y sus partes, n.c.o.p.",,,,,,,,,,,,,,,,,,,4,1,3,5,7,11,4,2,2,23,5,,1,2,1,1,2,1,1,1,,,,0,150,0,0,1,,2,,13,7,6,1,7,1,8,1,2,23,7,40,19,11,31,2,2,,14,13,38,17,16,37,34,71,23,14,71,31,43,48,57,30,34,32,53,84,62,20,65,88,12,16,19,61,52,21,36
439956,timor leste import,626,Timor-Leste,0709,"Hortalizas, incl. ""silvestres"", frescas o refrigeradas (exc. patatas ""papas"", tomates, hortalizas aliáceas, coles y productos simil. del género ""Brassica"", lechugas ""Lactuca sativa"", achicorias ""Cichorium spp."", zanahorias, nabos, remolachas para ensalada, salsifíes, apionabos, rábanos y raíces comestibles simil., pepinos y pepinillos, así como hortalizas de vaina)",,,,,,,,,32,24,8,11,8,3,,,6,45,76,28,15,16,27,34,27,53,41,22,27,29,32,45,30,38,27,47,44,50,50,35,37,55,45,35,22,93,13,20,35,26,29,21,24,27,17,25,11,10,10,2,31,26,11,8,7,2,2,3,2,8,13,7,19,21,12,27,22,27,24,31,33,38,45,49,48,59,67,60,51,67,73,67,48,82,108,72,76,23
439956,timor leste import,626,Timor-Leste,7321,"Estufas, calderas con hogar, cocinas, incl. las que puedan utilizarse accesoriamente para calefacción central, barcacoas ""parrillas"", braseros, hornillos de gas, calientaplatos y aparatos no eléctricos simil., de uso doméstico y sus partes, de fundición, hierro o acero (exc. calderas y radiadores de calefacción central, calentadores de agua de calentamiento instantáneo o de acumulación y aparatos para cocinas industriales)",,,,,,,,,,2,,1,,4,,,,,,5,,,,4,14,6,15,36,21,13,25,19,23,28,11,23,42,28,27,39,48,14,22,55,46,16,45,51,24,46,19,29,14,35,16,40,51,28,30,68,32,32,28,34,34,16,32,27,36,39,49,44,24,52,64,53,26,30,170,28,74,53,105,57,53,559,60,60,49,102,170,90,59,117,127,56,60,152
439956,timor leste import,626,Timor-Leste,8454,"Convertidores, cucharas de colada, lingoteras y máquinas de colar ""moldear"", para metalurgia, acerías o fundiciones; sus partes (exc. máquinas para el moldeo a presión por sinterizado de polvos metálicos)",,,,,,,,,,,,,,,,,,,,,,3,,,,,,,,,,,,,,,,,,,,,,,0,,,,1,,,,,,,,,,,,,,,,,,,,,,,,,,,,,,,,,,1,,,10,,60,9,8,12,11,6,12,12,4,2,
439956,timor leste import,626,Timor-Leste,8202,"Sierras de mano, con parte operante de metal común (exc. con motor incorporado); hojas de sierra de cualquier clase, incl. las fresas sierra y las hojas sin dentar, de metal común",,,,,,,,,1,,,,,,,,,,,,,,,,,,1,,16,6,26,14,9,15,48,27,5,12,10,16,8,2,50,15,13,13,27,6,32,35,32,12,35,5,44,8,27,11,13,24,8,67,26,6,19,41,37,16,8,31,12,37,24,5,57,21,105,22,81,25,22,85,48,47,20,120,44,59,22,64,61,93,44,310,83,81,82,32
439956,timor leste import,626,Timor-Leste,8422,"Máquinas para lavar vajilla; máquinas y aparatos para limpiar o secar botellas o demás recipientes; máquinas y aparatos para llenar, cerrar, tapar, taponar o etiquetar botellas, botes o latas, cajas, sacos ""bolsas"" o demás continentes; máquinas y aparatos de capsular botellas, tarros, tubos y continentes análogos; las demás máquinas y aparatos para empaquetar o envolver mercancías, incl. las de envolver máquinas con película termoretráctil; máquinas y aparatos para gasear bebidas; sus partes",,2,,,,,,,,1,,1,,4,58,2,6,,,1,,,5,,,,1,,2,,278,324,49,51,3,12,,7,3,4,1,4,6,213,115,3,136,8,110,115,5,1,13,2,36,38,2,18,409,634,99,44,3,686,120,126,1545,259,16,2,12,23,25,8,210,15,40,70,5,1,24,6,51,75,159,10,10,57,10,51,255,64,2951,129,1116,41,11,440
439956,timor leste import,626,Timor-Leste,4810,"Papel y cartón estucados por una o las dos caras con caolín u otras sustancias inorgánicas, incl. con aglutinante, incl. coloreados o decorados en la superficie o impresos, en bobinas ""rollos"" o en hojas de forma cuadrada o rectangular de cualquier tamaño (exc. papel y cartón con cualquier otro estucado o recubrimiento)",,,,,,,,,,,1,,,,,,,,,,,,,,,,9,,,,23,36,1,1,1,2,1,2,15,11,4,2,2,2,1,2,2,1,2,5,8,23,5,4,7,16,7,,,13,,1,144,,,3,,,,10,,,,1,,,,,30,18,58,,,,,,,56,,17,5,11,20,,10,3,17,7
439956,timor leste import,626,Timor-Leste,8462,"Máquinas herramientas, incl. prensas de forja, martilleo o troquelado para trabajar metal (exc. ​​laminadores); máquinas herramienta, incl. prensas, líneas de corte longitudinal y líneas de corte longitudinal, para trabajar metal mediante curvado, plegado, enderezamiento, aplanamiento, cizallamiento, punzonado, entallado o mordisco (exc. ​​bancos de estirado); prensas para trabajar metal o carburos metálicos (exc. ​​máquinas de las partidas 84.56 a 84.61)",,,,,,,,,,,,,,,,,2,,,,,,,,,,,,,,25,29,30,11,12,34,5,9,,4,,10,30,0,1,7,73,101,,6,17,15,27,76,4,22,18,17,42,22,19,5,1,27,1,29,35,23,7,6,21,4,4,13,21,15,31,5,13,8,15,16,27,149,190,301,12,55,35,32,118,104,180,24,25,99,141,76
439956,timor leste import,626,Timor-Leste,8484,"Juntas o empaquetaduras metaloplásticas; surtidos de juntas  o empaquetaduras de distinta composición presentados en bolsitas, sobres o envases análogos; juntas o empaquetaduras mecánicas de estanqueidad",,,,,,,,,,,4,,,,,,,4,,,,,,,,,,,,,,,,,53,136,87,21,21,0,23,8,25,2,8,59,30,,3,85,183,101,16,87,35,,5,48,48,3,50,,67,51,6,5,,1,,9,1,3,2,3,5,24,5,1,7,4,3,13,30,3,20,14,111,55,15,,95,27,11,126,412,15,8,2
439956,timor leste import,626,Timor-Leste,9021,"Artículos y aparatos de ortopedia, incl. las fajas y vendajes medicoquirúrgicos y las muletas; tablillas, férulas u otros artículos y aparatos para fracturas; artículos y aparatos de prótesis; audífonos y demás aparatos que lleve la propia persona o se le implanten para compensar un defecto o incapacidad",,,,,,,,,,,,,,,,,5,,,,,,,,,,,,,,,,,1,,3,,,1,14,16,3,4,,,0,,,1,,,1,,,1,1,,13,2,,,1,1,1,,2,21,,,1,3,1,,,,,,,2,12,1,,,242,5,1,13,55,2,4,,,,4,,,,
439956,timor leste import,626,Timor-Leste,4421,"Manufacturas de madera, n.c.o.p.",,,,,,,,,,,,49,,,,,,,,,,,,,,,,,,,,,4,66,24,1,6,123,3,,2,1,74,2,7,0,,9,27,2,2,2,1,1,5,3,2,1,,9,1,1,18,1,,2,3,3,1,,1,1,168,51,83,77,144,17,107,222,160,242,190,331,143,42,113,54,57,65,56,145,130,113,132,105,103,112
439956,timor leste import,626,Timor-Leste,8547,"Piezas aislantes totalmente de materia aislante o con simples piezas metálicas de ensamblado, p.ej. los casquillos roscados, embutidas en la masa, para máquinas, aparatos o instalaciones eléctricas (exc. aisladores de la partida 8546); tubos aisladores y sus piezas de unión, de metal común, aislados interiormente",,,,,,,,,,,,,,,,,,,,,,,2,,,,,,,1,4,91,17,4,3,9,15,4,14,23,45,7,10,33,17,9,7,9,2,15,1,10,5,3,,6,3,2,1,4,5,1,,6,2,80,12,5,,,2,7,3,2,3,,4,92,73,1,1,2,1,,2,2,8,54,2,,11,3,,7,8,,,4
439956,timor leste import,626,Timor-Leste,9006,"Cámaras fotográficas; aparatos y dispositivos, incl. las lámparas y tubos, para producir destellos para fotografía (exc. lámparas y tubos eléctricos de incandescencia o de descarga)",,,,,,,,,,,2,2,,,,,2,8,,,,17,,,,1,,6,,17,,2,3,2,,,,162,25,1,5,1,,,7,2,,,,58,,1,,,,4,8,,14,26,1,,34,4,4,5,3,,10,,7,5,3,3,36,1,3,5,9,16,,5,2,94,6,18,2,54,24,11,11,13,26,11,6,7,4,10
439956,timor leste import,626,Timor-Leste,7117,Bisutería,,,,,,,,,,0,,,,,3,2,,,2,4,2,4,,,2,4,,9,14,24,14,10,45,70,78,65,1,,,,0,1,0,0,2,0,2,45,1,,3,2,1,,4,26,2,11,18,28,20,14,9,1,3,11,5,5,13,18,20,39,9,19,34,28,34,10,57,36,42,17,38,34,27,34,22,53,27,53,133,75,47,59,95,68,31,43
439956,timor leste import,626,Timor-Leste,8525,"Aparatos emisores de radiotelefonía, radiotelegrafía, radiodifusión o televisión, incl. con aparato receptor o de grabación o reproducción de sonido incorporado; cámaras de televisión; videocámaras, incl. las de imagen fija; cámaras digitales",,,,,,,,,13,7,,,55,,0,,23,141,1568,124,8,120,23,14,95,71,335,106,137,4,212,33,27,60,105,142,46,37,47,32,126,113,67,71,40,78,184,43,48,42,331,177,250,45,119,165,54,97,106,45,81,28,34,91,54,241,248,28,130,11,145,627,45,97,53,23,20,33,22,73,37,31,66,160,67,34,14,53,119,34,169,37,26,135,100,133,29,729
439956,timor leste import,626,Timor-Leste,7019,"Fibra de vidrio, incl. la lana de vidrio, y manufacturas de esta materia ""p.ej. hilados o tejidos"" (exc. lanas minerales y sus manufacturas; fibras ópticas, haces y cables de fibras ópticas; aisladores eléctricos y piezas aislantes; brochas y pinceles de fibra de vidrio y pelucas para muñecas)",,,,,,,,,,,,,,,,,,,,,,,,,,12,3,8,,,1,,4,2,1,,3,5,61,,,44,2,34,35,11,2,1,,,,37,,102,11,7,8,13,3,3,2,3,12,,6,,,7,2,13,12,18,,24,4,16,,44,7,4,32,19,24,1,5,14,8,52,10,12,76,74,31,62,22,8,24,17
439956,timor leste import,626,Timor-Leste,1107,"Malta ""de cebada u otros cereales"", incl. tostada",,,,,,,,,,,,,,,,,,,,,,,,,,,,,,,,,,,,,,,,,,,,,,,,,,,,,,,,,8,,33,,41,40,,14,,,82,,,,14,,,,7,41,,9,9,9,18,71,,16,,16,,51,51,52,32,67,30,21,27,,9,13
439956,timor leste import,626,Timor-Leste,2209,Vinagre y sucedáneos del vinagre obtenidos a partir del ácido acético,,,,,,,,,,,,,,,,,,,,,,,,,3,4,10,7,4,1,7,15,5,3,8,14,7,9,19,18,3,36,12,15,7,11,5,17,8,5,10,6,14,4,8,27,22,5,12,17,11,16,23,21,25,7,20,19,9,17,28,14,12,4,14,19,7,14,38,13,6,11,15,52,7,31,48,51,39,9,15,20,4,6,10,15,11,3
439956,timor leste import,626,Timor-Leste,7212,"Productos planos de hierro o acero sin alear, de anchura < 600 mm, chapados o revestidos",,,,,,,,,,,,,,,,,,,,,2,,,,,,,,,2,,,,9,,,6,190,67,68,33,1,19,3,,0,32,,24,8,41,50,2,14,26,21,13,147,82,73,7,74,,4,4,16,19,13,33,27,18,139,1,132,43,147,8,26,30,45,1,141,437,,31,25,67,51,28,46,46,66,180,273,305,415,397,521
439956,timor leste import,626,Timor-Leste,8204,"Llaves de ajuste de mano, incl. las llaves dinamométricas, de metal común; cubos  de ajuste intercambiables, incl. con mango, de metal común",,,,,,,,,,,,,,,,,,,,,,1,,,5,3,5,1,19,24,21,12,11,18,10,24,22,3,1,15,4,15,26,21,18,16,12,17,5,,46,17,21,28,37,7,41,8,3,37,11,14,8,4,9,18,2,18,24,17,17,26,2,16,22,30,46,47,48,54,12,25,39,114,59,61,77,51,40,57,61,56,59,98,105,158,85,103
439956,timor leste import,626,Timor-Leste,9105,"Relojes (exc. relojes de pulsera, bolsillo y relojes simil., relojes con pequeño mecanismo de relojería y relojes de tablero de instrumentos y relojes simil.)",,,,,,,,,,,,,,,,,,,,,,,,,1,,,,12,5,5,4,12,29,47,17,25,2,31,2,8,1,28,10,3,1,6,1,1,1,10,4,22,1,55,25,6,22,20,90,26,15,3,39,28,6,,3,4,5,11,22,3,,20,9,2,3,14,21,5,3,23,3,8,11,25,50,7,8,38,21,9,18,15,15,10,8
439956,timor leste import,626,Timor-Leste,2204,"Vino de uvas frescas, incl. encabezado; mosto de uva, parcialmente fermentado y de grado alcohólico adquirido > 0,5% vol o de grado adquirido de alcohol añadido > 0,5% vol",,,,,,,,,66,34,33,41,21,11,48,49,63,19,40,50,87,81,105,128,106,121,56,119,99,79,191,188,37,75,167,154,55,166,173,21,80,69,155,306,81,159,29,88,52,72,62,137,92,37,49,160,7,111,58,86,57,19,22,98,35,125,97,29,2,94,35,57,78,17,70,72,39,2,8,30,40,107,10,335,56,63,98,49,127,9,37,127,157,32,87,22,67,18
439956,timor leste import,626,Timor-Leste,8402,"Calderas de vapor ""generadores de vapor"" (exc. las de calefacción central concebidas para producir agua caliente y también vapor a baja presión); calderas denominadas ""de agua sobrecalentada""; sus partes",,,,,,,,,,,,,,,,,,,,,,,,,,,,,1,,,,,2,,,,,,,0,0,,0,0,15,49,,,9,30,30,5,1,,,3,,138,2,,,,,,,,,3,,1,,,,,,30,,,,,,,24,69,24,68,49,25,34,32,36,209,31,41,1,7,22
439956,timor leste import,626,Timor-Leste,2005,"Hortalizas, incl. ""silvestres"", preparadas o conservadas sin vinagre ni ácido acético, sin congelar (exc. confitadas con azúcar, así como tomates, setas y trufas)",,,,,,,,,9,5,,,,1,1,,,6,,,,,,2,,,1,,,79,,,,1,1,16,8,27,26,38,144,27,52,20,15,57,19,16,15,38,52,39,35,36,20,68,35,27,40,36,46,18,19,67,27,53,33,24,39,38,32,47,19,27,30,43,14,36,43,59,47,47,54,119,36,35,55,48,50,47,68,77,90,52,49,33,123,46
439956,timor leste import,626,Timor-Leste,6804,"Muelas y artículos simil., sin bastidor, para triturar, desfibrar, triturar, afilar, pulir, rectificar, cortar o trocear, piedras de afilar o pulir a mano y sus partes, de piedra natural, de abrasivos naturales o artificiales aglomerados o de cerámica, incl. con partes de las demás materias (exc. piedra pómez perfumada, así como pequeñas muelas especiales para tornos de dentista)",,,,,,,,,,,,,,,,,,,,,,,,,,,,,,,,2,4,1,15,1,1,4,3,2,3,12,21,0,10,0,3,13,14,5,3,5,2,4,9,7,6,13,5,24,1,15,1,2,9,12,1,5,2,11,9,16,4,22,9,16,8,9,15,17,7,15,66,22,24,16,25,48,14,59,45,71,24,106,31,17,36,30
439956,timor leste import,626,Timor-Leste,8207,"Útiles intercambiables para herramientas de mano, incl. mecánicas, o para máquinas herramienta ""p.ej. de embutir, estampar, punzonar, roscar ""incl. aterrajar"", taladrar, escariar, brochar, fresar, tornear, atornillar"", incl. las hileras de extrudir metal, así como los útiles de perforación o sondeo",,,,,,,,,,,,,,,,,,,,,,1,2,9,1,48,2,4,,19,2,38,10,35,141,1659,13,84,10,20,13,12,147,26,12,6,40,17,19,9,185,162,107,65,87,67,28,33,72,80,49,21,19,29,11,7,36,111,60,85,100,103,249,4,38,35,58,205,121,249,189,174,251,156,152,61,34,48,41,103,61,60,79,296,183,69,65,17
439956,timor leste import,626,Timor-Leste,8430,"Máquinas y aparatos para explanar, nivelar, traillar ""scraping"", excavar, compactar, apisonar ""aplanar"", extraer o perforar tierra o minerales; martinetes y máquinas para arrancar pilotes, estacas o simil.; quitanieves (exc. aparatos montados en vagones para ferrocarriles ""rieles"", en chasis automóviles o en camiones; máquinas autopropulsadas de la partida 8429; máquinas de elevación, carga, descarga de las partidas 8425-8428; herramientas de uso manual)",,,,,,,,,,,,,,,,16,,,,,,,,2,,2,61,,,1,16,65,83,18,7,20238,39,47,42,7,162,81,469,8,2,183,33,462,5,286,411,50,32,191,52,244,194,14,333,14,18,338,8,389,4,194,9,1,39,1057,705,21,1232,170,374,567,24,2,70,15,5,25,16,421,242,91,412,48,20,138,46,87,102,84,88,367,714,123
439956,timor leste import,626,Timor-Leste,1509,"Aceite de oliva y sus fracciones, obtenidos de la aceituna exclusivamente por medios mecánicos o físicos que no afecten al aceite, ""virgen"", incl. refinados, sin modificar químicamente",,,,,,,,,,,,,,,,1,,,,,,,,,,,,2,,,,,,,,,1,3,3,8,2,6,4,6,4,2,39,90,19,4,5,6,2,7,,10,3,2,4,8,10,,10,6,2,16,7,19,8,36,13,13,9,10,18,18,7,24,62,27,17,27,59,14,33,43,47,47,47,87,52,122,64,43,81,41,124,23
439956,timor leste import,626,Timor-Leste,0810,"Fresas, frambuesas, zarzamoras, grosellas y demás frutos comestibles, frescos (exc. frutos de cáscara; bananas o plátanos; dátiles, higos, piñas ""ananás"", aguacates ""paltas"", guayabas, mangos y mangostanes; agrios ""cítricos""; uvas; melones, sandías y papayas; manzanas, peras y membrillos; albaricoques ""damascos, chabacanos"", cerezas, melocotones ""duraznos"", incl. los griñones y nectarinas, ciruelas y endrinas)",,,,,,,,,19,17,11,18,10,13,28,24,10,6,13,24,26,7,9,26,10,7,1,1,1,1,1,4,1,2,2,3,6,6,14,6,12,13,8,12,6,11,8,14,10,20,15,17,11,16,14,27,10,10,8,7,14,9,19,11,3,6,11,6,4,5,15,14,10,8,12,14,16,20,35,30,25,32,33,49,27,39,71,46,32,59,52,50,32,64,78,92,56,35
439956,timor leste import,626,Timor-Leste,3907,"Poliacetales, los demás poliéteres y resinas epoxi, en formas primarias; policarbonatos, resinas alcídicas, poliésteres alílicos y demás poliésteres, en formas primarias",,,,,,,,,,,,,,,,,,,,,114,,,,1,,,,,2,2,2,,113,,5,,,,,1,0,,,3,0,,1,,,9,5,,,10,,2,,1,,1,,2,,,,,,1,,,1,1,,,3,,4,2,16,5,11,4,8,26,30,84,46,39,1,38,51,67,13,166,216,178,331
439956,timor leste import,626,Timor-Leste,4418,"Obras y piezas de carpintería para construcciones, incluidos los tableros celulares, los tableros para parqués  y tablillas para cubierta de tejados o fachadas [""shingles"" y ""shakes""], de madera (exc. tableros de madera contrachapada para encofrado, tablillas y frisos sin ensamblar para parqués y construcciones prefabricadas)",,,,,,,,,,2,,54,,,5,,45,,4,5,84,,18,,35,9,123,16,14,19,155,45,51,83,24,33,17,104,224,127,51,16,36,10,52,22,28,40,,13,81,8,18,27,33,17,26,20,131,13,28,92,117,76,14,35,19,25,31,21,19,38,10,6,28,31,6,27,145,31,34,122,203,111,42,12,205,46,38,139,13,37,33,79,166,33,61,55
439956,timor leste import,626,Timor-Leste,5701,"Alfombras de nudo de materia textil, incl. confeccionadas",,,,,,,,,,,,,,,,,,,,,,,11,,,,,,,2,13,1,2,7,2,1,2,1,12,4,2,1,0,6,2,1,5,5,1,1,15,8,9,30,2,54,14,11,25,28,14,21,19,38,7,8,31,29,22,2,11,3,3,2,3,,,2,1,2,5,10,,,1,15,10,46,8,15,1,17,6,13,1,2,1,8
439956,timor leste import,626,Timor-Leste,8428,"Ascensores, escaleras mecánicas, transportadores, teleféricos y demás máquinas y aparatos de elevación, carga, descarga o manipulación (exc. polipastos; tornos y cabrestantes; gatos; grúas de todo tipo; puentes grús, carretillas puente y carretillas grúa; carretillas apiladoras y demás carretillas con dispositivo de elevación incorporado)",,,,,,,,,,,,,,,,,9,9,4,,19,63,12,12,,,,140,70,1,4,11,4,36,,1134,134,178,108,42,46,,45,70,24,42,17,122,36,174,75,40,68,232,30,12,27,88,102,350,89,11,128,366,10,371,17,33,12,141,207,30,75,,69,103,36,54,4,95,5,32,18,392,70,205,56,46,152,79,272,147,409,35,262,36,172,628
439956,timor leste import,626,Timor-Leste,0902,"Té, incl. aromatizado",,,,,,,,,,,,,,,,1,2,,,10,23,27,1,,16,,9,18,9,5,11,9,11,19,10,34,19,22,20,19,56,45,41,27,32,34,37,37,24,29,60,116,26,87,80,42,42,161,50,78,41,53,40,150,33,17,59,104,46,15,88,46,29,36,91,116,53,65,199,94,84,133,126,103,40,16,95,45,82,51,48,28,138,84,80,103,68,62
439956,timor leste import,626,Timor-Leste,3214,"Masilla, cementos de resina y otros mástiques; plastes ""enduidos"" utilizados en pintura; plastes ""enduidos"" no refractarios de los tipos utilizados en ambañilería",,,,,,,,,,,,,,,,,1,,,,,,4,,,,,,1,1,1,6,28,17,2,16,12,11,32,15,5,5,12,7,5,12,25,25,6,13,8,10,34,16,71,24,58,92,36,217,198,237,281,11,149,168,122,114,262,230,148,105,98,123,176,193,26,236,1298,62,194,415,1073,408,110,228,204,45,332,257,250,463,124,251,576,193,344,352
439956,timor leste import,626,Timor-Leste,6901,"Ladrillos, placas, baldosas y demás piezas cerámicas de harinas silíceas fósiles, p.ej. ""Kieselguhr"", tripolita o diatomita, o de tierras silíceas simil.",,,,,,,,,,,,,,,,,,,,,,,,,,,,,1,,,,6,8,,,,,,36,11,2,1,23,,5,,,,,,,,,1,,26,22,30,18,14,9,23,31,8,5,27,21,6,14,11,13,10,5,9,6,2,20,42,10,19,42,13,29,38,42,47,45,40,46,96,162,89,92,73,121,51,92
439956,timor leste import,626,Timor-Leste,8306,"Campanas, campanillas, gongos y artículos simil., que no sean eléctricos, de metal común (exc. instrumentos de música); estatuillas y demás artículos de adorno, de metal común (exc. objetos de arte o de colección y antigüedades); marcos para fotografías, grabados o simil., de metal común; espejos de metal común (exc. elementos de óptica)",,,,,,,,,,,,,,,,1,,,,,5,,,,,3,5,5,,,4,13,3,1,23,3,3,,2,7,6,15,212,195,2,1,1,,7,12,1,36,5,33,,212,,11,3,5,8,3,10,1,1,9,4,3,5,4,3,7,10,,9,10,1,92,3,25,29,6,27,14,4,17,12,45,14,22,41,105,6,17,81,10,47,4
439956,timor leste import,626,Timor-Leste,7010,"Bombonas ""damajuanas"", botellas, frascos, bocales, tarros, envases tubulares, ampollas y demás recipientes para transporte o envasado comerciales, de vidrio; bocales para conservas, de vidrio; tapones, tapas y demás dispositivos de cierre, de vidrio (exc. ampollas y demás recipientes isotérmicos aislados por vacío y pulverizadores de tocador, así como botellas, frascos, etc. para pulverizadores)",,,,,,,,,,,,,,,,,,,,,,,,,14,,,,6,,15,10,8,10,7,11,5,15,5,9,3,7,15,14,4,3,3,11,3,1,16,8,30,4,24,3,3,2,11,3,1,3,6,3,,10,7,3,15,8,25,17,10,15,26,34,37,84,30,8,6,8,69,53,16,22,30,43,116,94,6,,31,18,11,137,65,1
439956,timor leste import,626,Timor-Leste,6115,"Calzas, ""panty-medias"", leotardos, medias, calcetines y demás artículos de calcetería, incl. para varices, de punto (exc. para bebés)",,,,,,,,,,,,,4,,17,45,15,4,36,13,22,23,14,31,46,26,21,37,49,52,45,54,54,67,71,58,11,2,,,0,72,43,45,30,2,9,13,1,2,16,2,16,10,18,15,20,11,28,36,30,20,5,5,14,14,10,6,29,19,11,96,29,21,50,64,53,13,44,205,33,56,79,51,25,54,70,42,57,55,55,53,71,77,90,87,85,70
439956,timor leste import,626,Timor-Leste,7804,"Chapas, hojas y tiras, de plomo; polvo y escamillas, de plomo (exc. granallas de plomo y lentejuelas de la partida 8308)",,,,,,,,,,,,,,,,,,,,,,,,,,,1,,,,,,,,,,,,,,,,0,,,,,,,,,,1,1,4,,,2,,3,1,3,5,1,,,6,1,,,,,,,,2,,,2,,,,,,,27,,42,2,,,,,,,,,
439956,timor leste import,626,Timor-Leste,0203,"Carne de animales de la especie porcina, fresca, refrigerada o congelada",,,,,,,,,57,29,11,18,22,5,7,7,7,7,2,1,3,11,1,3,5,4,2,1,1,4,15,3,,,20,12,150,57,242,122,104,84,328,58,154,364,295,50,219,280,305,73,21,25,41,85,24,29,20,100,74,20,73,138,15,13,269,68,9,127,36,20,32,19,34,50,68,54,90,62,98,65,22,124,210,74,29,41,27,26,84,28,17,1,,36,,68
439956,timor leste import,626,Timor-Leste,7004,"Hojas de vidrio estirado o soplado, incl. con capa absorbente, reflectante o antirreflectante, pero sin trabajar de otro modo",,,,,,,,,,,,,,,,,1,,,,,,,,,,,,,,3,1,,,,,6,26,,15,3,43,10,1,7,0,68,2,,,,,,,2,2,1,,,,1,,,1,,,1,,4,2,14,1,,5,,1,1,1,10,1,1,2,,,30,4,40,41,15,,,,,,,,,5
439956,timor leste import,626,Timor-Leste,8903,"Yates y demás barcos y embarcaciones de recreo o deporte; barcas ""botes"" de remo y canoas",,,,,,,,,,4,2,,20,28,,,,6,,0,,,49,11,,,,15,9,37,55,0,,44,45,143,4,1,147,8,10,3,3,44,21,5,,,,,25,37,48,19,,33,34,23,4,47,1,10,,2,,45,,42,4,209,103,30,,1,21,62,,29,,37,13,1,40,136,19,31,31,41,4,,292,227,5,122,32,82,15,26
439956,timor leste import,626,Timor-Leste,2909,"Éteres, éteres-alcoholes, éteres-fenoles, éteres-alcoholes-fenoles, peróxidos de alcoholes, peróxidos de éteres, peróxidos de cetonas, aunque no sean de constitución química definida, y sus derivados halogenados, sulfonados, nitrados o nitrosados",,,,,,,,,,,,,,,,,,,,,,,,,,,,,,,,,,,,54,,,,,,,,,1,17,,,,,,,,,,1,,,,,,,,,,,,,,,15,95,123,84,33,109,71,70,68,64,51,10,45,25,45,52,59,40,15,17,37,,24,64,66,33,,
439956,timor leste import,626,Timor-Leste,5209,"Tejidos de algodón, con un contenido de algodón >= 85% en peso, de peso > 200 g/m²",,,,,,,,,,,,,,,,,,,,,,,,,,,8,,2,,,,7,1,,3,3,33,9,1,29,2,0,0,4,0,,1,,1,1,5,,7,1,1,,145,,,,,,,,,,,25,7,8,1,,12,8,33,,1,1,,11,6,11,,,10,,40,16,,,,16,2,,,2,
439956,timor leste import,626,Timor-Leste,4010,"Correas transportadoras o de transmisión, de caucho vulcanizado",,,,,,,,,,,,,9,,,,,,1,2,,,,,,,,,1,2,3,1,,2,,1,,3,1,23,1,5,1,7,,0,,,7,6,,14,3,8,35,27,16,15,19,14,11,32,39,24,15,2,21,44,93,32,78,21,55,97,99,86,113,175,123,20,93,56,45,15,26,17,73,39,27,9,54,22,15,144,34,46,47,36
439956,timor leste import,626,Timor-Leste,7315,"Cadenas y sus partes, de fundición, hierro o acero (exc. cadenas de reloj, cadenas de joyería, etc.; cadenas cortantes; orugas para vehículos; cadenas con tope de arrastre para transportadores mecánicos; cadenas de pinzas para máquinas textiles; cadenas de dispositivos de seguridad para cerrar puertas; cadenas de agrimensor)",,,,,,,,,,,,,31,,,,,,,,,,,,33,,,7,3,,,3,4,2,1,170,72,9,,1,2,3,1,7,17,0,1,3,4,1,1,1,3,,2,5,7,11,10,18,18,20,6,3,,5,12,7,3,28,11,12,18,40,24,10,67,37,26,7,4,9,53,9,80,20,15,39,10,30,10,29,24,4,23,30,11,41
439956,timor leste import,626,Timor-Leste,4012,"Neumáticos ""llantas neumáticas"" recauchutados o usados, de caucho; bandajes ""llantas macizas o huecas"", bandas de rodadura para neumáticos ""llantas neumáticas"" y protectores ""flaps"", de caucho",,,,,,,,,,,,17,3,,,,3,,,,,,,,3,8,,,,,17,3,5,1,2,1,44,20,84,55,47,72,96,91,84,27,30,27,54,10,35,84,93,48,35,54,202,79,50,214,25,98,13,73,27,42,26,58,31,45,47,31,132,16,79,39,171,34,70,76,120,38,130,25,40,37,110,38,97,57,60,151,78,114,93,31,22,30
439956,timor leste import,626,Timor-Leste,5208,"Tejidos de algodón, con un contenido de algodón >= 85% en peso, de peso <= 200 g/m²",,,,,,,,,,,,,,,,,,,,,,,,,,,,,,,,,,,,,,1,3,2,1,1,10,5,,0,,,,,,,,1,86,2,,7,,,,,,65,,,5,13,,6,58,10,37,15,37,12,31,17,23,118,9,11,5,8,15,9,100,38,5,38,17,5,9,10,20,19,21,47
439956,timor leste import,626,Timor-Leste,6006,"Tejidos de punto, de anchura > 30 cm (exc. tejidos de punto por urdimbre, incl. los obtenidos en telares de pasamanería; tejidos de punto con un contenido de hilados de elastómeros o hilos de caucho >= 5% en peso; terciopelo, felpa, incl. los tejidos ""de pelo largo"", y tejidos con bucles, de punto; etiquetas, escudos y artículos similares, así como tejidos de punto impregnados, recubiertos, revestidos o estratificados)",,,,,,,,,,,,,,,,,,,,,,,,,,,,,,,,,2,3,1,2,7,1,1,1,2,4,1,2,1,1,1,1,1,,6,8,19,17,8,2,3,3,,10,16,7,35,4,1,15,4,2,4,,17,2,3,5,25,6,3,2,3,198,182,3,6,9,16,35,49,38,26,128,2,23,11,30,67,2,11,59
439956,timor leste import,626,Timor-Leste,6105,"Camisas de punto, para hombres o niños (exc. camisones, ""T-shirts"" y camisetas)",,,,,,,,,,,,3,,,,,,,,,,,5,,,,2,14,,,,5,,3,,,2,1,,1,47,9,3,4,3,10,2,8,1,2,7,18,,,2,3,10,17,30,34,20,21,6,7,9,6,4,55,1,,1,1,3,,6,5,2,4,13,19,18,22,23,24,18,61,25,38,34,34,35,72,29,33,50,57,52,44
439956,timor leste import,626,Timor-Leste,7312,"Cables, trenzas, eslingas y artículos simil., de hierro o acero (exc. artículos aislados para electricidad, así como alambre con púas y alambre torcido para cercar)",,,,,,,,,1,,,6,4,,,,1,4,,,,,,,3,25,7,48,21,40,7,77,58,54,83,438,57,29,16,22,6,791,13,56,10,13,60,70,31,19,9,52,269,83,54,40,34,32,34,603,27,172,86,149,24,87,42,52,28,44,81,212,221,50,39,76,18,35,23,94,33,20,62,54,73,150,76,38,68,62,104,242,13,91,65,33,33,28
439956,timor leste import,626,Timor-Leste,8203,"Limas, escofinas, alicates, incl. cortantes, tenazas, pinzas, cizallas para metal, cortatubos, cortapernos, sacabocados y herramientas simil., de mano, de metal común (exc. pinzas de medicina)",,,,,,,,,,,,,,,,5,2,,,,,2,,,,1,5,1,,3,5,1,16,15,15,41,21,12,12,16,46,13,40,29,10,28,20,37,13,12,6,28,4,21,8,36,13,23,78,35,40,27,10,11,4,11,3,11,7,38,30,19,41,23,43,26,34,17,74,47,36,72,176,156,17,70,31,38,40,56,30,69,34,42,84,68,39,64
439956,timor leste import,626,Timor-Leste,8213,"Tijeras y sus hojas, de metal común (exc. cizallas para setos, tijeras de podar y herramientas simil. para usar con las dos manos; tijeras de podar para usar con una sola mano; tijeras especiales de herradores para cortar cascos)",,,,,,,,,,,,,,1,,,,,,,,,,,,1,6,2,,3,2,13,19,29,23,20,9,2,,1,,11,21,11,0,5,,2,4,2,5,,29,8,24,2,3,3,14,9,4,7,1,1,6,6,,5,8,6,3,10,2,8,19,26,19,10,34,36,24,8,27,24,34,34,16,38,25,15,42,26,37,40,54,31,43,51
439956,timor leste import,626,Timor-Leste,0811,"Frutas y otros frutos, sin cocer o cocidos en agua o vapor, congelados, incl. con adición de azúcar u otro edulcorante",,,,,,,,,,2,,,,,,,,,,,,,,,,,,,,,,,2,,1,5,,,,,,,1,,,0,,1,,1,1,5,,,1,,,1,1,,,,,,,,,,,,,8,,2,,,1,,4,1,1,3,5,2,,,4,37,2,3,3,3,,5,3,26,,21
439956,timor leste import,626,Timor-Leste,2714,Betunes y asfaltos naturales; pizarras y arenas bituminosas; asfaltitas y rocas asfálticas,,,,,,,,,,,,10,,,,,,,,9,8,,,,61,140,,165,148,24,35,,,,,,446,,161,1,0,180,251,795,656,,154,138,104,35,19,43,312,618,856,405,372,528,148,467,108,192,2235,386,2320,347,1218,891,596,357,803,445,130,,194,151,892,416,533,77,270,172,314,156,231,102,336,37,478,257,135,456,,53,568,196,271,
439956,timor leste import,626,Timor-Leste,4803,"Papel del tipo utilizado para papel higiénico, toallitas para desmaquillar, toallas, servilletas o papeles simil. de uso doméstico, de higiene o tocador, guata de celulosa y napa de fibras de celulosa, incluso rizados [""crepes""], plisados, gofrados, estampados, perforados, coloreados o decorados en la superficie o impresos, en bobinas ""rollos"" de anchura > 36 cm o en hojas cuadradas o rectangulares > 36 cm en un lado y > 15 cm en el otro sin plegar",,,,,,,,,,,,,1,,,,,,3,,,,,,,,,,,,44,4,,5,,7,9,,,4,0,10,2,0,2,0,9,3,52,2,58,9,17,28,29,15,76,27,32,10,29,29,8,5,9,27,22,5,14,12,24,6,5,8,8,5,3,3,34,18,25,36,28,18,18,10,121,37,138,123,145,102,70,49,154,94,63,86
439956,timor leste import,626,Timor-Leste,5512,"Tejidos de fibras sintéticas discontinuas, con un contenido de fibras sintéticas discontinuas >= 85% en peso",,,,,,,,,,,,,,,,,,,,,33,,17,,,,,,,,,,,,,,,,,,,,5,,,,,3,,,,,,,,,,,,,,,,,,3,,,,,,,,,11,,,,7,24,8,50,78,45,39,4,95,37,34,39,,7,14,9,26,11,,9
439956,timor leste import,626,Timor-Leste,6812,"Amianto ""asbesto"" en fibras trabajado; mezclas a base de amianto o a base de amianto y carbonato de magnesio; manufacturas de estas mezclas o de amianto, p.ej. hilados, tejidos, prendas de vestir, sombreros y demás tocados, calzado, juntas, incl. armadas (exc. guarniciones de fricción a base de amianto ""asbesto"" y manufacturas de amiantocemento)",,,,,,,,,,,,,,7,,,,,,,,,,,,1,,,,5,,,,,,,,,,17,,0,,,1,1,13,2,4,4,4,6,3,3,1,4,,1,3,1,,,,3,17,10,3,3,31,9,34,4,26,3,10,3,15,3,10,13,15,42,49,20,73,35,84,37,80,26,213,21,28,23,26,13,54,72
439956,timor leste import,626,Timor-Leste,2004,"Hortalizas, incl. ""silvestres"", preparadas o conservadas sin vinagre ni ácido acético, congeladas (exc. confitadas con azúcar, así como tomates, setas y demás hongos y trufas)",,,,,,,,,,,,,1,1,,,,,,,,,,,,,,1,1,251,443,728,1123,109,67,192,32,266,32,18,9,16,14,23,8,54,91,28,12,70,10,58,128,95,20,141,37,103,100,103,135,218,83,69,72,55,51,66,13,161,116,166,83,137,95,114,304,735,434,64,243,78,72,105,75,78,63,36,54,158,92,95,26,93,147,183,72,100
439956,timor leste import,626,Timor-Leste,6809,"Manufacturas de yeso fraguable o de preparaciones a base de yeso fraguable (exc. vendas enyesadas para fracturas, acondicionadas para la venta al por menor, así como tablillas enyesadas para fracturas; placas aglomeradas con yeso para construcciones ligeras; manufacturas para aislamiento térmico o acústico; modelos anatómicos y de otro tipo para demostraciones; obras originales de estatuaria o de escultura)",,,,,,,,,,2,,,,,,,,,,,,1,,,,,,3,11,5,,24,3,14,22,17,19,13,24,57,14,20,35,117,8,12,35,33,19,34,22,46,,28,45,379,22,85,59,269,39,34,22,100,56,34,18,103,32,61,37,63,24,29,123,138,3,20,16,46,36,15,53,40,180,57,124,36,116,119,54,78,293,199,107,162,40,169
439956,timor leste import,626,Timor-Leste,8512,"Aparatos eléctricos de alumbrado o señalización (exc. los artículos de la partida 8539), limpiaparabrisas, eliminadores de escarcha o vaho, eléctricos, de los tipos utilizados en velocípedos o vehículos automóviles; sus partes",,,,,,,,,,,,,,,,,,,,,,6,,1,,18,,15,,,2,,,1,2,,33,3,7,157,0,15,1,3,7,18,132,67,12,6,5,126,6,14,26,4,135,47,67,22,24,34,41,27,4,10,24,19,3,54,32,7,7,28,12,22,3,23,4,221,43,78,84,80,28,14,2,36,21,27,79,73,9,47,26,44,26,24
439956,timor leste import,626,Timor-Leste,9010,"Aparatos y material para laboratorios fotográfico o cinematográfico, incl. los aparatos para proyectar o realizar esquemas ""trazas"" de circuitos sobre superficies sensibilizadas de material semiconductor, n.c.o.p.; negatoscopios; pantallas de proyección",,,,,,,,,,,,,,5,,,,,,,,,,,,,,,2,,,,,,,,,,,,0,0,,6,,0,,4,,,12,,,1,10,,1,9,2,,1,,9,2,4,1,,2,,1,,,,,,1,,,,,1,,4,3,,61,,36,,,3,2,,1,2,,,5
439956,timor leste import,626,Timor-Leste,3215,"Tintas de imprenta, tintas para escribir o dibujar y demás tintas, incl. concentradas o sólidas",,,,,,,,,6,6,,3,32,27,8,8,4,5,3,1,23,12,6,7,10,13,23,10,7,,16,25,12,13,50,43,27,34,36,33,24,39,14,25,43,71,47,49,49,26,89,39,12,34,68,17,22,70,46,66,207,30,51,79,68,50,45,27,23,95,114,51,42,38,33,60,59,30,54,167,110,72,42,57,32,39,41,35,31,47,45,42,40,41,41,38,24,36
439956,timor leste import,626,Timor-Leste,8510,"Afeitadoras, máquinas de cortar el pelo o esquilar y aparatos de depilar, con motor eléctrico incorporado; sus partes",,,,,,,,,,,,,,,,,,,,,,,,,,,,1,,,,,,,5,3,1,,1,,0,3,8,1,6,1,,,,1,1,10,8,12,1,10,6,3,,10,8,4,3,8,,1,3,,1,21,10,4,5,8,27,13,15,11,3,20,6,12,26,6,18,51,42,35,14,37,18,37,24,6,15,29,10,51
439956,timor leste import,626,Timor-Leste,4417,"Herramientas, monturas y mangos de herramientas, monturas y mangos de cepillos, brochas o escobas, de madera; hormas, ensanchadores y tensores para el calzado, de madera (exc. hormas para sombrerería, moldes de madera de la partida 8480 y máquinas o partes de máquinas de madera)",,,,,,,,,,,,,,,,,,,,,2,6,,,,1,,,,,,,,8,,,,22,,,,,,,,1,,,,,,,,,,,,4,,,,,,,,,,,,,,,,,1,1,,1,151,17,3,3,6,4,2,5,28,34,4,,,3,7,,,7,1,1
439956,timor leste import,626,Timor-Leste,8408,"Motores de émbolo ""pistón"" de encendido por compresión ""motores diesel o semi-diesel""",,,,,,,,,,,,2,23,,,,,,,,,9,,,0,1,0,0,3,,164,1,1,,180,143,38,55,168,56,27,154,6,33,29,97,77,70,44,25,15,4,8,1,12,8,71,161,19,25,17,26,16,94,36,58,47,18,12,35,13,19,518,61,43,43,35,22,59,18,32,28,44,49,55,25,52,34,86,40,13,45,18,70,93,59,80,439
439956,timor leste import,626,Timor-Leste,0306,"Crustáceos, incluso pelados, vivos, frescos, refrigerados, congelados, secos, salados o en salmuera, incluso ahumados, incl. crustáceos con cáscara cocidos al vapor o hirviendo en agua",,,,,,,,,,,,,10,0,,7,0,,,,2,1,2,0,,0,0,0,,,6,1,13,73,160,539,371,156,23,31,28,88,56,37,56,10,21,19,44,12,44,44,4,2,1,1,11,3,3,2,8,11,8,4,9,3,1,2,4,3,1,4,4,6,2,12,5,1,38,78,63,9,26,53,25,6,35,33,9,27,86,109,,146,60,112,108,11
439956,timor leste import,626,Timor-Leste,7313,"Alambre de púas, de hierro o acero; alambre ""simple o doble"" y fleje, torcidos, incl. con púas, de hierro o acero, del tipo utilizado para cercar",,,,,,,,,,,,2,,,,,1,,,,,9,7,,10,23,13,11,3,21,15,117,14,40,9,13,24,29,4,64,2,3,14,33,30,19,36,36,20,5,23,20,25,11,47,29,53,66,7,9,7,28,19,21,153,8,14,20,54,7,11,50,63,70,182,286,3,250,163,62,8,11,658,272,87,18,45,33,61,52,70,77,65,141,125,142,59,74
439956,timor leste import,626,Timor-Leste,8423,"Instrumentos e aparatos de pesar, incl. las básculas y balanzas para comprobar o contar piezas fabricadas (exc. las balanzas sensibles a un peso <= 5 cg); pesas para toda clase de básculas o balanzas; sus partes",,,,,,,,,,,,8,,,,,,,,,1,,,,7,1,,1,,,3,3,14,22,3,5,8,9,11,7,8,20,27,24,6,17,14,50,5,80,15,22,55,35,6,1,10,48,54,17,22,39,30,30,3,17,13,23,28,28,13,13,6,14,35,113,92,29,35,22,8,71,40,9,29,148,36,33,16,43,213,59,37,50,37,33,70,31
439956,timor leste import,626,Timor-Leste,8482,"Rodamientos de bolas, de rodillos o de agujas; sus partes (exc. bolas de acero de la partida 7326)",,,,,19,,,,,,,,,,,,,,,,,,,,,,,,,,1,,3,4,,1,,14,,16,31,53,2,0,2,12,2,,5,5,73,4,16,29,31,1,2,15,13,52,37,4,5,11,36,7,19,29,6,8,3,17,25,19,26,20,9,11,36,7,16,8,14,15,8,62,25,33,23,12,19,39,22,14,78,15,19,25
439956,timor leste import,626,Timor-Leste,8538,"Partes identificables como destinadas, exclusiva o principalmente, a los aparatos de las partidas 8535, 8536 u 8537, n.c.o.p.",,,,,,,,,,,,,,,,,,,,183,19,7,,0,,5,2,,31,17,18,2,8,,4,1021,4,28,166,69,13,10,132,113,14,11,6,4,,9,3,6,21,59,14,9,1,18,104,39,,84,11,12,18,1,,2,6,5,2,34,12,2,10,7,4,13,33,23,16,35,28,37,39,26,24,33,76,7,9,25,34,12,37,47,20,20
439956,timor leste import,626,Timor-Leste,6811,"Manufacturas de amiantocemento, celulosacemento o simil.",,,,,,,,,,,7,,,,,,,,,,25,4,3,,7,1,,4,,231,201,1752,36,12,33,13,20,56,43,23,48,20,31,22,23,35,35,51,70,108,92,17,5,7,55,3,35,17,7,29,45,111,161,14,10,63,58,49,5,33,85,81,74,65,37,9,17,276,44,15,39,19,24,34,17,9,29,32,2,27,16,50,121,127,157,429,95,101
439956,timor leste import,626,Timor-Leste,8511,"Magnetos, dinamomagnetos, bobinas de encendido, bujías de encendido o calentamiento, motores de arranque y demás aparatos y dispositivos eléctricos de encendido o de arranque, para motores de encendido por chispa o compresión; dínamos, alternadores y demás generadores y reguladores disyuntores utilizados con estos motores; sus partes",,,,,,,,,3,1,,1,,,,,,0,,,19,,11,,,3,1,3,25,2,9,28,9,21,26,76,118,905,84,297,15,370,114,13,15,10,24,30,34,5,5,22,36,14,34,8,10,11,14,62,14,37,46,42,34,5,27,46,46,4,39,16,42,15,15,16,15,69,4,57,26,21,28,78,46,46,169,32,16,10,29,16,24,41,27,82,50,32
439956,timor leste import,626,Timor-Leste,9007,"Cámaras y proyectores cinematográficos, incl. con grabador o reproductor de sonido (exc. aparatos de magnetoscopia)",,,,,,,,,,,,,16,,163,32,,,,,,,,,,,16,,,,,,,,,,,,1,,3,0,4,11,2,0,,2,,10,1,,1,,1,,,,,282,,,1,,,,1,,1,,13,,1,5,20,1,22,4,12,16,13,17,9,19,11,7,8,32,10,9,6,2,3,8,2,1,3,1
439956,timor leste import,626,Timor-Leste,3916,"Monofilamentos cuya mayor dimensión del corte transversal sea > 1 mm, barras, varillas y perfiles, incl. trabajados en la superficie, pero sin otra labor, de plástico",,,,,,,,,,,,,,,,,,,,,,,,,,,,,,,3,,,1,,1,,4,,1,0,1,0,0,0,10,,,,,3,12,14,24,15,10,7,36,10,35,21,6,,17,,2,50,15,1,2,2,55,44,4,1,3,49,1,30,1,1,5,84,56,,13,62,31,1,47,34,135,4,65,53,48,35,190
439956,timor leste import,626,Timor-Leste,8211,"Cuchillos con hoja cortante o dentada, incl. las navajas de podar, y sus hojas, de metal común (exc. cuchillas para heno y para paja, machetes y cuchillos de injertar para jardineros, cuchillas y hojas cortantes para máquinas o para aparatos mecánicos, cuchillos para pescado, cuchillos para mantequilla, navajas de afeitar y sus hojas, así como los cuchillos de la partida 8214)",,,,,,,,,,,,,,,,,,,,2,7,17,36,4,8,10,2,6,13,1,18,7,11,7,30,33,13,10,,1,3,19,24,8,,1,0,11,7,2,8,15,7,3,10,35,17,17,77,86,36,17,4,1,13,33,13,20,44,41,6,24,8,34,53,46,13,17,64,78,42,19,94,47,59,44,72,30,52,39,52,57,64,22,101,54,47,9
439956,timor leste import,626,Timor-Leste,0706,"Zanahorias, nabos, remolachas para ensalada, salsifíes, apionabos, rábanos y raíces comestibles simil., frescos o refrigerados",,,,,,,,,10,9,1,2,2,1,,,,3,6,4,3,5,7,8,5,7,9,6,7,6,7,10,7,8,7,10,12,13,12,9,13,9,11,8,6,15,4,11,15,5,10,16,18,16,6,29,4,4,5,,13,12,1,5,2,4,7,4,5,7,9,8,7,11,7,23,15,29,8,17,21,15,30,21,28,32,32,29,20,31,27,37,19,45,41,20,37,8
439956,timor leste import,626,Timor-Leste,6107,"Calzoncillos, incl. los largos y los ""slips"", camisones, pijamas, albornoces de baño, batas de casa y artículos simil., de punto, para hombres o niños (exc. camisetas)",,,,,,,,,,,,,,,,,,,4,,9,40,28,10,5,2,23,45,2,,,,,,,,,,,38,1,0,0,0,0,2,2,6,5,5,6,5,20,6,15,4,20,5,15,10,18,3,,4,4,10,4,3,8,5,14,9,4,2,27,6,,20,22,39,14,19,36,16,48,35,43,28,56,51,23,59,43,24,25,20,39,50
439956,timor leste import,626,Timor-Leste,6505,"Sombreros y demás tocados, de punto o confeccionados con encaje, fieltro u otro producto textil, en pieza (pero no en tiras), incluso guarnecidos; redecillas para el cabello de cualquier materia, incluso guarnecidos ( excl. cascos de los animales, y juguetes y sombreros de carnaval)",,,,,,,,,,,,,,,,24,,4,8,3,,30,17,,,2,30,60,38,58,71,17,17,37,25,20,7,,,7,4,10,31,37,2,0,1,3,,,2,19,,25,,10,4,22,19,47,76,32,28,13,1,9,18,40,22,50,22,38,21,15,31,30,7,25,36,50,18,32,24,24,24,43,50,28,27,61,80,50,79,31,30,26,25,42
439956,timor leste import,626,Timor-Leste,8468,"Máquinas y aparatos para soldar, aunque puedan cortar (exc. aparatos de la partida 8515); máquinas y aparatos de gas para temple superficial; sus partes",,,,,,,,,,,,,,,,,,,,,,,,,,,41,24,21,1,47,,7,1,15,21,22,4,,,28,,42,5,2,0,,,18,1,8,4,,,3,,28,1,2,,2,12,3,5,9,6,66,3,5,14,5,4,1,5,4,4,1,45,4,4,4,3,8,,3,19,12,28,11,,1,7,8,1,1,18,5,9
439956,timor leste import,626,Timor-Leste,8508,"Aspiradoras, incl. las de limpiado en seco o en húmedo",,,,,,,,,,,,,,,,,,7,,,,,,,,,,,5,6,5,12,2,5,1,3,5,2,2,1,3,8,1,6,3,2,2,9,4,6,14,5,4,4,2,3,1,3,5,3,3,5,11,2,1,2,3,3,4,3,12,10,3,2,9,12,12,6,18,9,8,4,1,6,4,6,7,28,14,12,15,4,6,37,18,12,8,8
439956,timor leste import,626,Timor-Leste,5603,"Tela sin tejer, incl. impregnada, recubierta, revestida o estratificada, n.c.o.p.",,,,,,,,,,,,,,,,,,,,,,,,,,,2,,,,,9,10,6,12,10,23,14,21,32,9,4,53,9,0,37,,47,2,2,19,21,2,30,9,1,1,18,36,,11,28,45,27,1,20,21,33,22,14,7,57,111,7,1,2,11,1,39,1,22,92,51,1,2,2,67,27,12,26,346,27,30,,22,35,10,67
439956,timor leste import,626,Timor-Leste,3407,"Pastas para modelar, incl. las presentadas para entretenimiento de los niños; preparaciones llam. ceras para odontología o ""compuestos para impresión dental"", presentadas en juegos o en juegos, en envases para la venta al por menor o en plaquitas, herraduras, barritas o formas simil.; las demás preparaciones para odontología a base de yeso fraguable",,,,,,,,,,,,,,,,,,,,,,,,,,,,,,,2,,,,,,1,,2,,,,,0,12,15,,7,,2,,,,,,2,,,1,,,,,,,1,5,3,5,7,42,6,,,3,2,1,16,15,11,5,41,30,6,6,2,4,26,,28,13,73,20,34,61,46,9,64
439956,timor leste import,626,Timor-Leste,7322,"Radiadores para la calefacción central, de calentamiento no eléctrico, y sus partes, de fundición, hierro o acero; generadores y distribuidores de aire caliente, incl. los distribuidores que puedan funcionar también como distribuidores de aire fresco o acondicionado, de calentamiento no eléctrico, que lleven un ventilador o un soplador con motor, y sus partes, de fundición, hierro o acero",,,,,,,,,,,,,,,,,,,,,,,,,,,,,,,,,34,1,31,338,136,51,34,70,8,22,22,28,20,24,29,64,23,8,3,3,1,1,1,2,6,2,9,26,24,4,19,3,3,1,4,24,12,33,17,24,13,7,2,7,1,3,7,9,10,3,7,17,6,12,21,26,5,2,3,3,7,57,78,37,53,54
439956,timor leste import,626,Timor-Leste,8519,"Giradiscos, tocadiscos, reproductores de casetes ""tocacasetes"" y demás reproductores de sonido, sin dispositivo de grabación de sonido incorporado (exc. combinados con un aparato receptor de radiodifusión o de televisión)",,,,,,,,,15,,,,1,,,,,,,,2,,,,,21,15,1,4,,6,7,18,21,1,3,2,20,3,8,9,4,0,0,3,3,7,5,8,,16,33,,,1,2,5,23,1,7,,1,11,9,14,20,14,10,12,26,29,10,4,16,26,14,28,26,12,9,14,6,10,14,3,8,6,26,72,26,16,53,137,9,21,63,53,53
439956,timor leste import,626,Timor-Leste,1302,"Jugos y extractos vegetales, materias pécticas, pectinatos y pectatos, agar-agar y demás mucílagos y espesativos derivados de los vegetales, incl. modificados",,,,,,,,,,,,,,,,,,,,4,,,,,1,,,,,1,1,0,,4,3,19,9,6,22,13,31,41,5,13,0,0,2,2,2,19,29,6,7,10,12,23,53,62,57,84,183,93,183,103,68,55,61,49,95,64,32,57,42,6,69,67,20,31,22,45,24,9,20,14,1,9,15,25,7,8,17,5,21,21,45,36,5,20
439956,timor leste import,626,Timor-Leste,6117,"Complementos ""accesorios"" de vestir confeccionados, de punto; partes de prendas o de complementos ""accesorios"" de vestir, de punto, n.c.o.p.",,,,,,,,,,,,,1,,,,,3,,1,,,,,,,,16,6,30,95,64,50,34,51,114,44,55,28,73,29,282,200,283,327,244,284,251,271,167,308,357,187,161,290,364,130,37,41,48,73,37,51,224,350,140,7,3,27,12,9,16,12,20,112,58,16,6,29,36,17,33,40,22,39,74,53,25,34,25,77,85,44,41,44,70,46,34
439956,timor leste import,626,Timor-Leste,6913,"Estatuillas y demás artículos para adorno, de cerámica, n.c.o.p.",,,,,,,,,,,,,1,,,,,,,,3,,,,2,,5,1,8,11,5,12,13,11,40,9,4,,1,,,21,315,261,18,76,57,7,9,16,48,34,30,42,53,23,22,15,119,71,22,4,28,12,3,77,8,3,13,1,79,127,4,6,41,25,58,18,20,66,1,24,375,2,4,18,19,25,18,30,12,18,6,41,34,28,9,6
439956,timor leste import,626,Timor-Leste,9102,"Relojes de pulsera, bolsillo y simil., incl. los contadores de tiempo de los mismos tipos (exc. con caja de metal precioso o chapado de metal precioso ""plaqué"")",,,,,,,,,,,,,,,,,,,,,,,,,,,,,,,,,,,,6,1,,,,,8,7,5,,3,,11,,4,5,13,1,1,10,26,34,35,48,38,100,23,26,45,13,38,9,9,22,42,21,55,18,32,46,50,37,1,74,12,15,17,33,7,10,21,12,25,8,51,42,35,39,57,67,35,38,39
439956,timor leste import,626,Timor-Leste,3006,Preparaciones y productos farmacéuticos de las subpartidas 3006.10.10 a 3006.93.00,,,,,,,,,40,46,30,30,41,9,,10,9,31,48,2,33,,13,12,109,104,148,58,47,118,43,36,1,113,125,9,21,0,17,121,16,3,0,0,28,9,601,,16,,2,,6,3,3,6,1,10,270,,4,6,37,22,,3,8,32,127,108,144,32,149,207,7,45,7,7,144,65,,15,95,25,49,45,17,24,56,24,122,95,51,9,38,81,34,100
439956,timor leste import,626,Timor-Leste,4817,"Sobres, sobres carta, tarjetas postales sin ilustrar y tarjetas para correspondencia, de papel o cartón, así como cajas, sobres y presentaciones simil., de papel o cartón, con un surtido de artículos de correspondencia (exc. tarjetas postales, sobres carta y sobres franqueados con el valor postal impreso)",,,,,,,,,,8,4,,,,,,,,,,,,,,,,1,1,6,4,14,3,6,3,2,2,22,2,6,6,4,10,4,2,4,2,,,11,43,1,1,2,2,3,1,6,1,1,2,9,2,,1,2,,,,,19,4,,,,,,10,,4,12,,22,1,,,5,1,24,,,10,2,1,1,,,,
439956,timor leste import,626,Timor-Leste,6106,"Camisas, blusas y blusas camiseras, de punto, para mujeres o niñas (exc. ""T-shirts"" y camisetas)",,,,,,,,,,,,,,,,,,,,,,,6,,,,,,,,1,1,,,,,3,3,3,,0,1,1,3,42,1,1,3,5,4,5,6,2,6,4,5,2,1,,,39,20,,,,,,,1,,1,,,,1,2,,,1,100,9,6,15,31,24,11,13,24,12,14,27,46,17,23,34,44,20,25
439956,timor leste import,626,Timor-Leste,7310,"Depósitos, barriles, tambores, bidones, latas o botes, cajas y recipientes simil., de fundición, hierro o acero, para cualquier materia, de capacidad <= 300 l, sin dispositivos mecánicos ni térmicos, incl. con revestimiento interior o calorífugo, n.c.o.p. (exc. recipientes para gas comprimido o licuado)",,,,,,,,,,11,,1,,,,18,27,9,,,2,1,,,62,,,,19,,2,58,25,73,38,74,11,134,21,26,17,7,59,34,11,179,57,150,195,395,225,38,32,83,10,6,32,22,24,21,36,62,17,15,3,6,13,7,4,15,38,8,14,5,31,8,13,37,15,72,62,24,57,19,114,26,157,24,28,20,38,110,19,38,27,33,59,52
439956,timor leste import,626,Timor-Leste,0405,"Mantequilla ""manteca"", incl. mantequilla deshidratada y ""ghee"", y demás materias grasas de la leche, así como pastas lácteas para untar",,,,,,,,,4,10,3,5,4,6,2,1,1,8,3,1,1,1,1,1,1,1,1,26,1,1,4,30,30,63,78,156,52,82,61,48,23,113,39,10,11,13,11,24,20,5,36,10,2,4,27,19,16,11,48,35,2,26,26,22,12,4,1,8,2,3,30,5,1,4,9,13,14,6,19,45,29,10,64,21,16,1,29,23,3,61,10,29,24,2,81,243,80,
439956,timor leste import,626,Timor-Leste,0809,"Albaricoques ""damascos, chabacanos"", cerezas, melocotones ""duraznos"", incl. los griñones y nectarinas, ciruelas y endrinas, frescos",,,,,,,,,1,,,1,1,,5,,,,,6,2,58,,2,,,,,,,,,,,,1,1,1,4,1,1,1,5,5,,,,,1,,1,,1,2,1,1,,,1,1,,1,3,2,,,,,,,,,,,136,2,2,6,17,3,13,7,6,5,16,15,13,23,12,21,11,14,13,12,21,13,14,4
439956,timor leste import,626,Timor-Leste,4409,"Madera, incl. las tablillas y frisos para parqués sin ensamblar, perfilada longitudinalmente con lengüetas, ranuras, rebajes, acanalados, biselados, con juntas en V, moldurados, redondeados o similares, en una o varias caras, cantos o extremos, incl. cepillada, lijada o unida por los extremos",,,,,,,,,,,,,,,,,,,,,,,,,16,17,,,1,,38,,,,50,11,30,14,82,8,45,263,14,,,,5,,,,,3,2,,,,,6,2,,,,1,,,,,,1,,,,,10,,,,1,,,,,1,,,17,,23,6,6,,27,,,6,14,,2
439956,timor leste import,626,Timor-Leste,8452,"Máquinas de coser (distintas de las de coser pliegos de la partida 8440); muebles, basamentos y tapas o cubiertas especialmente concebidos para máquinas de coser; agujas para máquinas de coser; sus partes",,,,,,,,,,,,,,,,,,,,,,,,,,6,26,23,47,3,3,15,11,14,10,15,18,29,8,19,18,12,42,14,25,29,6,9,11,9,14,8,20,4,36,12,12,6,6,4,24,11,13,11,8,11,5,12,6,3,10,13,14,42,28,3,21,16,3,2,24,17,48,15,208,24,12,23,18,45,17,2,15,41,24,9,6,12
439956,timor leste import,626,Timor-Leste,0807,"Melones, sandías y papayas, frescos",,,,,,,,,10,6,2,4,4,1,,,,1,11,9,8,10,13,12,15,17,15,10,11,12,19,22,16,17,13,24,15,22,28,21,16,24,22,14,2,2,2,1,1,2,2,1,3,1,4,4,4,2,3,3,2,9,7,6,1,4,4,4,1,2,4,3,1,,3,6,6,4,13,2,3,6,5,14,9,22,19,22,9,16,44,34,27,29,46,36,21,44
439956,timor leste import,626,Timor-Leste,5705,"Alfombras y demás revestimientos para el suelo, de materia textil, aunque estén confeccionados (exc. tejidos o con pelo insertado)",,,,,,,,,,,,,,,,,,,,0,0,0,,,2,3,2,24,,4,4,12,15,35,37,88,16,35,25,10,8,22,52,47,10,15,14,9,15,7,50,22,11,16,20,10,11,27,77,59,42,36,32,48,17,39,27,15,17,26,16,37,10,11,25,21,17,13,34,24,11,30,45,36,20,29,17,22,76,113,42,57,61,75,87,93,51,34
439956,timor leste import,626,Timor-Leste,3823,Ácidos grasos monocarboxílicos industriales; aceites ácidos del refinado; alcoholes grasos industriales,,,,,,,,,,,,,,,,,4,,,,,,,,,,,,,,,,,,,8,,,,,,,,,,,,,4,5,,,,,,,,,,17,,16,14,38,,16,16,16,16,31,15,89,94,,15,18,,26,,29,,42,,21,,21,,21,,27,23,,,23,,26,,29
439956,timor leste import,626,Timor-Leste,8417,"Hornos industriales o de laboratorio, incl. los incineradores, que no sean eléctricos, incl. los incineradores; sus partes (exc. hornos de secado y hornos de craqueo)",,,,,,,,,,102,,,78,78,,,,,,,,,,29,,44,,,52,,6,2,2,1,14,3,1,32,1,7,11,2,38,17,3,9,10,5,5,2,5,13,9,23,20,106,21,15,96,19,23,9,14,28,28,10,13,19,15,13,13,8,12,11,7,5,9,8,6,8,11,4,95,3,7,2,1,21,,9,4,18,1,134,13,11,2,2
439956,timor leste import,626,Timor-Leste,8480,"Cajas de fundición; placas de fondo para moldes; modelos para moldes; moldes, distintos de las lingoteras, para metal, carburos metálicos, vidrio, materia mineral, caucho o plástico (exc. moldes de grafito u otros carbonos, de materia cerámica o de vidrio, así como cartones de estereotipia, matrices o moldes para linotipias de la partida 8442)",,,,,,,,,,,,,,,,,,,,,,,67,,,,13,,,15,13,6,5,6,,,,9,,4,7,10,8,19,2,5,1,43,113,86,17,29,27,107,63,36,43,18,30,13,51,52,93,18,7,5,8,49,14,39,16,23,9,30,31,126,26,13,9,38,51,6,45,28,22,74,33,21,7,211,89,229,113,487,33,149,169,86
439956,timor leste import,626,Timor-Leste,9618,"Maniquíes y artículos simil., autómatas y escenas animadas para escaparates (exc. modelos para demostraciones, muñecas de juguete y los propios artículos expuestos)",,,,,,,,,,2,,,,,,,,,,,,,,,,,,,,,,1,,,,6,11,,,,,,1,0,0,,,,3,,,1,,2,2,2,,1,9,,,2,,1,3,1,,8,4,2,6,8,6,66,3,8,5,1,252,17,1,69,33,22,9,14,63,21,16,21,103,38,21,36,23,16,3,4
439956,timor leste import,626,Timor-Leste,6209,"Prendas y complementos ""accesorios"", de vestir, de todo tipo de materia textil, para bebés (exc. de punto, así como las gorras)",,,,,,,,,,,,,,,,,,,,,,,,,,,7,,,,,,,1,,,1,1,,5,0,0,0,0,2,1,4,5,,2,,10,3,25,16,21,47,5,10,6,4,5,7,10,5,6,7,9,11,5,11,13,7,4,13,7,5,9,72,14,12,10,8,17,16,24,37,20,10,13,15,18,23,24,27,25,13,14
439956,timor leste import,626,Timor-Leste,8412,"Motores y máquinas motrices; sus partes (exc. turbinas de vapor, motores de émbolo ""pistón"", turbinas hidráulicas, ruedas hidráulicas, turbinas de gas y motores eléctricos)",,,,,,,,,,8,,,13,,,,,,,4,,,,,2,,0,4,,9,,,,1,5,1,,,6,72,502,6,11,4,18,29,5,8,126,3,179,140,108,4,50,4,,121,2,11,105,3,13,3,1,16,92,13,18,1,12,27,52,24,64,13,31,26,5,215,35,4,13,12,38,3,134,20,74,1286,271,37,66,23,21,27,82,77
439956,timor leste import,626,Timor-Leste,8461,"Máquinas de cepillar, limar, mortajar, brochar, tallar o acabar engranajes, aserrar, trocear y demás máquinas herramienta que operen por arranque de metal, carburos metálicos sinterizados o cermet, n.c.o.p.",,,,,,,,,,,,,,,,,,,,,,,,,,,1,,,,7,34,33,1,2,6,17,9,10,2,12,1,0,5,0,1,2,1,30,2,6,7,1,7,11,9,3,7,23,10,6,12,11,6,1,5,4,3,2,,1,25,2,11,7,2,4,6,6,21,6,8,5,9,8,3,6,20,23,6,10,13,7,8,27,31,37,4
439956,timor leste import,626,Timor-Leste,8535,"Interruptores, conmutadores, cortacircuitos, pararrayos, limitadores de tensión, supresores de sobretensión transitoria, tomas de corriente, cajas de empalme y demás aparatos para corte, seccionamiento, protección, derivación, empalme o conexión de circuitos eléctricos, para una tensión > 1.000 V (exc. armarios y pupitres de interruptores, controles, etc. de la partida 8537)",,,,,,,,,,,,56,,,,,,,,,,6,,,3,40,39,16,10,18,15,129,37,18,23,329,500,1044,1612,2915,951,212,37,242,318,544,278,539,360,196,202,161,103,98,580,155,130,195,149,189,314,81,74,112,41,27,78,43,32,55,94,34,24,22,71,25,,5,15,1,131,36,33,43,198,315,66,20,168,15,35,98,182,114,383,67,3401,76
439956,timor leste import,626,Timor-Leste,0904,"Pimienta del género ""Piper""; frutos de los géneros ""Capsicum"" o ""Pimenta"", secos, triturados o pulverizados",,,,,,,,,,,,,,,,,,,,,,,,,,,,,,,1,2,3,,3,4,9,4,13,8,70,31,37,74,19,3,28,10,7,5,45,6,2,15,32,37,20,19,18,17,9,17,20,17,7,16,16,16,11,8,12,10,14,9,16,18,19,14,11,19,20,15,26,30,17,19,19,19,13,8,12,19,14,8,19,25,10,8
439956,timor leste import,626,Timor-Leste,1214,"Nabos forrajeros, remolachas forrajeras, raíces forrajeras, heno, alfalfa, trébol, esparceta, coles forrajeras, altramuces, vezas y productos forrajeros simil., incl. en ""pellets""",,,,,,,,,,,,,,,,,,,,3,,,,,,,,,,,,,,,,,,,,,48,86,60,46,78,81,85,90,60,85,121,15,,,1,,1,,,,,,,,,1,5,4,3,1,2,6,8,4,2,3,2,2,4,2,6,2,4,12,20,10,13,19,24,33,15,25,14,10,,,,
439956,timor leste import,626,Timor-Leste,3904,"Polímeros de cloruro de vinilo o de otras olefinas halogenadas, en formas primarias",,,,,,,,,,,,,,13,,,27,70,,,,,,,,,,,,,,,,41,,,,,,,1,,,,,,,,,21,,,,,,,,21,,,,,,23,,14,,,,,,17,,,,,18,1,23,3,13,,,151,,,110,19,,10,1,13,12,,100,14,,2
439956,timor leste import,626,Timor-Leste,4911,"Impresos, incl. las estampas, grabados y fotografías, n.c.o.p.",,,,,,,,,12,140,77,21,2,50,,5,14,,,39,8,,,33,4,10,,3,13,1,2,,,32,70,59,92,28,56,38,179,182,125,220,456,53,85,54,55,102,72,72,56,33,97,82,34,11,130,33,8,139,46,25,80,60,50,68,20,46,102,24,17,26,127,100,17,35,129,51,39,10,6,22,22,4,6,19,25,28,6,260,240,23,23,135,167,4
439956,timor leste import,626,Timor-Leste,6116,"Guantes, mitones y manoplas, de punto (exc. para bebés)",,,,,,,,,,,,,,,,3,,,2,,,,,,3,,1,12,11,,5,19,11,9,14,34,9,9,,,1,22,32,21,4,5,13,6,4,99,35,6,7,2,8,25,5,16,42,59,38,25,5,6,22,14,15,11,37,40,26,60,17,8,14,23,56,11,29,20,70,13,35,44,13,36,23,19,25,73,43,67,35,62,30,47,69,42
439956,timor leste import,626,Timor-Leste,8210,"Aparatos mecánicos accionados a mano, de metal común, con un peso <= 10 kg, utilizados para preparar, acondicionar o servir alimentos o bebidas",,,,,,,,,,,,,,,,,,,,,,,,,,,,,,,,,5,,5,,,,,,0,0,1,2,0,0,,1,,6,,7,4,12,2,1,9,,,4,3,1,1,22,1,,,1,3,3,6,3,3,4,11,5,2,2,13,14,15,9,6,8,3,15,7,19,6,15,1,9,,35,2,21,21,5
439956,timor leste import,626,Timor-Leste,0713,"Hortalizas de vaina secas desvainadas, incl. ""silvestres"", aunque estén mondadas o partidas",,,,,,,,,,,,,,,41,,,,531,,2,237,162,,,,,,,,,4,,,,151,3,230,235,3,0,14,1,1,2,3,3,35,,1,78,2,1,,38,6,3,5,1,7,,5,7,5,1,4,2,2,1,1,183,,10,2,551,23,164,20,161,234,8,69,59,17,44,24,323,18,54,19,221,4,1,190,8,16,10,45
439956,timor leste import,626,Timor-Leste,6206,"Camisas, blusas y blusas camiseras, para mujeres o niñas (exc. de punto y camisetas)",,,,,,,,,,,,,,,,,,,,,,,,,2,,2,1,,1,3,4,1,1,,,,,1,5,84,4,4,2,6,3,4,24,50,56,71,101,119,74,96,151,40,19,13,28,10,12,13,7,7,7,2,,9,8,15,22,11,5,17,5,8,3,7,46,59,28,6,21,7,59,10,18,20,8,4,3,11,20,20,18,26,17
439956,timor leste import,626,Timor-Leste,7227,"Alambrón de aceros aleados, distinto del acero inoxidable, enrollado en espiras irregulares ""coronas""",,,,,,,,,,,,,,,,,,,,,,,,169,,,,11,,,,,,,,531,,,,,65,,,,,232,,229,,201,188,,214,244,,74,,,72,,,101,99,,113,,125,,,112,58,231,175,30,440,265,101,,7,62,54,,,5,220,,23,18,16,,14,20,7,7,7,13,,48
439956,timor leste import,626,Timor-Leste,8206,"Herramientas de dos o más de las partidas 8202 a 8205, acondicionadas en juegos para la venta al por menor",,,,,,,,,,,19,,4,4,,,,,5,70,32,150,490,154,39,5,,8,14,32,83,8,15,10,72,28,54,44,20,4,26,12,24,50,54,2,1,15,9,,4,2,5,10,48,37,41,4,39,26,6,13,33,5,8,2,5,15,4,2,32,51,14,30,23,8,23,2,39,17,32,17,41,25,14,25,12,18,28,17,6,26,18,31,18,48,27,18
439956,timor leste import,626,Timor-Leste,8304,"Clasificadores, ficheros, cajas de clasificación, bandejas de correspondencia, plumeros ""vasos o cajas para plumas de escribir"", portasellos y material similar para oficina, de metal común (exc. muebles para oficina de la partida 9403 y papeleras)",,,,,,,,,2,,3,11,5,1,,2,1,113,4,,4,,,4,7,11,31,115,8,7,28,22,14,55,29,55,26,28,46,38,20,27,24,37,24,5,10,22,260,25,47,37,120,20,45,23,17,8,44,25,20,8,12,11,12,33,28,30,16,27,30,44,14,34,16,16,39,18,41,27,49,15,80,36,45,33,14,18,33,40,26,51,45,23,20,22,8,7
439956,timor leste import,626,Timor-Leste,8407,"Motores de émbolo ""pistón"" alternativo de encendido por chispa y motores rotativos, de encendido por chispa ""motores de explosión""",,,,,,,,,,7,,,,,8,,,,,14,,3,127,,2,2,,35,12,1,6,9,,,20,5,2,33,1,1,11,0,7,5,4,17,12,6,4,6,4,11,15,3,2,46,18,25,1,44,2,6,2,32,2,,,,,42,57,49,1,28,,48,4,1,5,76,1,47,108,46,16,64,3,18,214,27,81,7,40,277,84,53,15,57
439956,timor leste import,626,Timor-Leste,0712,"Hortalizas, incl. ""silvestres"", secas, incl. las cortadas en trozos o en rodajas o las trituradas o pulverizadas, pero sin otra preparación",,,,,,,,,,,,,,,,,,,,,,,,,,,,,,,,,,,1,2,42,2,5,8,2,3,10,1,2,,8,2,2,3,17,5,5,,2,10,3,3,5,8,23,,1,1,29,,1,2,4,,3,,1,2,1,1,1,,,6,4,,4,6,1,3,8,17,1,,2,3,4,,22,7,9,
439956,timor leste import,626,Timor-Leste,6208,"Camisetas interiores, combinaciones, enaguas, bragas ""bombachas, calzones"", incl. las que no llegan hasta la cintura, camisones, pijamas, saltos de cama, albornoces de baño, batas de casa y artículos simil., para mujeres o niñas (exc. de punto, así como sostenes, fajas, corsés y artículos simil.)",,,,,,,,,,,,,,,,,,,,,,,,,,,,,,,15,5,5,,,1,2,1,2,,,0,0,3,0,,,,,,,,,,1,,,,,,3,,,1,,,,1,,,,,,1,7,4,2,2,2,3,11,11,19,15,17,17,15,17,12,12,11,13,19,18,8,13,3,4
439956,timor leste import,626,Timor-Leste,7305,"Tubos de sección circular, de diámetro exterior > 406,4 mm, fabricados a partir de productos laminados planos, de fundición, hierro o acero, p.ej. soldados o remachados",,,,,,,,,,,,,,,,,,,,16,,,,4,77,38,39,16,78,87,58,48,2,6,6,334,220,92,5,3,20,3,32,11,121,4,11,13,347,391,16,10,20,13,11,11,887,2,10,3,19,1,1,3,37,1,157,,471,,359,1,47,,,,,,2,,7,1,77,36,1098,22,92,17,59,3,1,,156,,,13,26,127
439956,timor leste import,626,Timor-Leste,3102,Abonos minerales o químicos nitrogenados (exc. en tabletas o formas simil. o en envases de un peso bruto <= 10 kg),,,,,,,,,,,,,,,,,,,,,,,,,,,,,,,,,,4,,,,,,,1,,,3,1,,,14,,,,3,,1,,97,25,,26,,15,30,,25,22,,17,29,,,113,19,,,17,14,22,3,38,46,25,38,61,,42,16,17,16,26,16,21,4,18,18,,34,,73
439956,timor leste import,626,Timor-Leste,4007,"Hilos y cuerdas, de caucho vulcanizado (exc. hilos desnudos sencillos cuya mayor dimensión del corte transversal sea > 5 mm, así como los hilos y cuerdas de caucho recubiertos de textiles y las demás materias textiles combinadas con hilos de caucho)",,,,,,,,,,,,,,,,,,,1,1,,2,3,,,1,,2,,,2,2,1,8,7,8,,,,,0,7,12,1,9,,,8,,2,2,,,2,2,,,5,13,11,7,11,1,1,5,13,7,2,9,21,19,18,7,19,24,5,13,4,24,16,7,17,52,20,15,40,42,16,12,42,42,24,24,49,31,35,19,23
439956,timor leste import,626,Timor-Leste,6210,"Prendas de vestir confeccionadas con fieltro y tela sin tejer, incl. impregnadas, recubiertas, revestidas o estratificadas, así como prendas confeccionadas con tejidos distintos de los de punto, cauchutados o impregnados, recubiertos o revestidos de plástico (exc. prendas para bebés y complementos ""accesorios"" de vestir)",,,,,,,,,,,,,,,,,,,,,,19,,,,4,,,1,1,,1,1,1,,,39,54,1,30,0,3,2,7,0,3,12,7,27,2,2,,4,6,3,7,,4,45,,,404,2,,,,1,3,,,,4,,199,700,64,70,97,207,267,41,81,31,255,12,6,26,16,21,20,31,45,29,16,10,42,36,51
439956,timor leste import,626,Timor-Leste,7211,"Productos planos de hierro o acero sin alear, de anchura < 600 mm, laminados en frío o en caliente, sin chapar ni revestir",,,,,,,,,,,,,,,,,,,3,,5,,,,,,,,,,,,,,7,25,,7,,,,,,,,,,1,,,4,70,,2,1,,,,,8,1,,3,,,12,,7,5,,,11,,,,,2,8,,76,89,1,14,,1,1,2,16,12,2,6,2,27,3,3,2,,2
439956,timor leste import,626,Timor-Leste,8309,"Tapones y tapas, incl. las tapas corona, las tapas roscadas y los tapones vertedores, cápsulas para botellas, tapones roscados, sobretapas, precintos y demás accesorios para envases, de metal común",,,,,,,,,,,,,,,,,,,,,,,,,,,,,,,10,,,,,,,,,,66,4,,,,10,,,1,,1,,,,,,12,,,33,68,67,63,97,,39,,13,11,4,19,13,15,,29,23,21,8,34,20,28,3,,31,37,57,45,16,7,,99,42,44,48,53,22,99,53
439956,timor leste import,626,Timor-Leste,8470,"Máquinas de calcular y máquinas de bolsillo ""dimensiones <= 170 mm x 100 mm x 45 mm"" registradoras, reproductoras y visualizadoras de datos, con función para cálculo; máquinas de contabilidad, máquinas de franquear, expedir boletos ""tiques"" y máquinas simil., con dispositivo para cálculo incorporado; cajas registradoras (exc. máquinas para tratamiento de la información de la partida 8471 y máquinas automáticas para la venta de productos)",,,,,,,,,,,,,,,,,,,,,5,10,2,,,8,3,47,1,46,37,6,4,5,21,11,20,1,26,57,2,13,65,8,4,2,5,2,4,13,3,21,,87,10,38,1,5,18,3,10,9,3,4,36,5,20,10,2,7,2,5,1,,4,6,9,6,4,50,8,21,47,27,12,22,21,16,34,13,64,9,4,12,51,93,20,14
439956,timor leste import,626,Timor-Leste,9032,Instrumentos y aparatos automáticos para regulación o control (exc. artículos y órganos de la partida 8481),,,,,,,,,,,,,,,5,,,24,,4,6,,2,8,,8,,10,,14,12,12,1,62,5,,,1,15,49,73,62,139,64,6,27,0,,9,4,3,1,14,23,11,7,,27,8,123,28,15,5,14,34,1,1,40,,10,5,2,26,23,2,1,4,4,24,6,5,19,11,4,2,16,24,16,4,6,19,167,8,9,855,27,8,4
439956,timor leste import,626,Timor-Leste,1005,Maíz,,,,,,,,,,,,,,,,,,,,,,,,,,,,272,106,,1,,,2,1,141,2,3,3,228,4,3,2,27,2,0,4,50,,5,1,20,5,1,2,2,,1,2,14,,11,3,1,4,3,5,4,1,3,2,4,5,1,,4,24,17,1,13,8,33,16,25,34,1,3,15,7,8,4,2,27,,5,7,36,55
439956,timor leste import,626,Timor-Leste,1702,"Los demás azúcares, incl. la lactosa, maltosa, glucosa y fructosa ""levulosa"" químicamente puras, en estado sólido; jarabe de azúcar sin adición de aromatizante ni colorante; sucedáneos de la miel, incl. mezclados con miel natural; azúcar y melaza caramelizados",,,,,,,,,,,,,,,,,8,,,,,,,,,,7,10,5,4,10,11,20,20,13,36,17,13,7,22,16,48,21,8,5,5,3,5,9,23,21,7,12,17,2,18,27,7,13,21,5,3,48,15,12,3,7,13,4,7,14,10,19,17,10,26,8,16,24,21,49,18,15,24,13,7,16,15,15,19,21,25,16,9,50,44,20,12
439956,timor leste import,626,Timor-Leste,6914,"Manufacturas de cerámica, n.c.o.p.",,,,,,,,,,,,,,,,,1,,,,,3,20,,86,100,240,291,206,278,261,363,308,83,314,171,90,84,43,96,190,250,103,174,77,30,45,51,139,204,144,187,113,140,68,134,54,54,59,35,45,77,90,60,55,66,80,93,12,19,24,15,10,1,12,149,19,8,175,13,61,57,70,35,125,44,21,15,10,6,23,13,23,15,22,13,7,4
439956,timor leste import,626,Timor-Leste,7413,"Cables, trenzas y artículos simil., de cobre (excl. productos aislados para electricidad)",,,,,,,,,,,,,,,,,,,,,,,,,,,,,,,,2,,,,67,140,100,,131,312,2,37,,2,1,3,1,,,,,,,,1,,1,,2,17,10,15,,,,,,,2,,,,,,,15,,,,5,,5,,1,6,12,15,4,,1,3,2,139,35,20,3,
439956,timor leste import,626,Timor-Leste,9025,"Densímetros, areómetros, pesalíquidos e instrumentos flotantes simil., termómetros, pirómetros, barómetros, higrómetros y sicrómetros, incl. registradores o combinados entre sí",,,,,,,,,,,,,,,,,,,,,,,,,,43,,,0,,,1,,12,,,,,,54,23,1,,4,0,0,2,19,12,3,,15,,11,,7,11,8,57,4,2,,1,4,7,5,1,1,13,9,1,,1,55,6,3,7,7,6,3,51,7,10,1,1,18,20,15,7,,2,4,14,,3,5,2,
439956,timor leste import,626,Timor-Leste,0910,"Jengibre, azafrán, cúrcuma, tomillo, hojas de laurel, ""curry"" y demás especias (exc. pimienta del género ""Piper""; pimientos de los géneros ""Capsicum"" o ""Pimenta""; vainilla; canela y flores de canelero; clavo ""frutos, clavillos y pedúnculos""; nuez moscada, macis, amomos y cardamomos; semillas de anís, badiana, hinojo, cilantro, comino y alcaravea, así como bayas de enebro)",,,,,,,,,,,1,,,,,,,,0,,,,,,,,,,,2,1,1,3,3,1,14,5,11,6,13,21,25,22,13,8,16,7,25,5,9,19,9,9,9,16,6,7,9,3,7,12,7,17,20,2,15,23,10,2,,14,1,2,6,37,12,12,2,4,7,7,3,4,4,6,8,6,14,12,10,9,18,13,10,23,16,23,2
439956,timor leste import,626,Timor-Leste,2003,"Setas y demás hongos y trufas, preparados o conservadoos sin vinagre ni ácido acético",,,,,,,,,,,,,,,,,,,,,,,,,,,,,,,,,,,,,4,25,7,11,2,43,59,23,2,12,19,5,3,14,12,25,9,52,9,6,18,17,21,17,19,7,17,36,10,17,8,8,9,16,12,11,13,3,11,20,5,8,22,25,24,21,21,19,10,19,19,14,9,17,21,24,17,20,12,8,29,
439956,timor leste import,626,Timor-Leste,5601,"Guata de materia textil y artículos de esta guata; fibras textiles de longitud <= 5 mm ""tundiznos"", nudos y motas de materia textil (exc. guata y artículos de guata impregnados o recubiertos de sustancias farmacéuticas o acondicionados para la venta al por menor con fines médicos, quirúrgicos, odontológicos o veterinarios, así como impregnados, recubiertos o revestidos de perfume, maquillaje, jabón o detergentes)",,,,,,,,,,,,,,,,,,,,,2,,,,,,,,,3,8,6,3,2,4,4,14,5,18,11,1,13,12,11,3,0,2,3,1,1,3,1,8,,1,,,5,3,33,,1,,6,6,3,,3,5,7,13,7,3,20,3,5,1,8,6,15,,4,7,11,12,15,18,14,11,18,19,36,33,6,28,85,21,18
439956,timor leste import,626,Timor-Leste,9202,"Guitarras, violines, arpas y demás instrumentos musicales de cuerda (exc. con teclado)",,,,,,,,,,,,,,,,,,,,,4,5,,,1,1,,1,,,10,10,15,12,22,19,22,5,27,9,4,7,6,2,3,2,,,9,2,4,7,9,5,1,15,2,5,10,23,14,15,6,10,3,5,1,3,,11,13,6,4,11,24,6,3,3,15,21,45,19,7,13,11,4,28,14,15,19,37,11,23,12,14,17,17,15
439956,timor leste import,626,Timor-Leste,3820,Preparaciones anticongelantes y líquidos preparados para descongelar (exc. aditivos preparados para aceites minerales o para otros líquidos utilizados para los mismos fines que los aceites minerales),,,,,,,,,,,,,,1,,,,,,,,,,,,,,,,,,,,,,,,,,,,,,,,,19,,,,,4,,,,,,,,,1,,,,,,,,,,3,,1,,11,,5,13,21,9,35,8,7,3,4,6,11,13,3,8,4,1,,,83,58,70,38
439956,timor leste import,626,Timor-Leste,6111,"Prendas y complementos ""accesorios"" de vestir, de punto, para bebés (exc. gorras)",,,,,,,,,,,,,,,7,,1,,,,1,,,,,,,1,,,10,3,7,4,6,6,6,4,4,3,4,6,10,9,7,9,8,14,6,7,8,9,4,4,5,9,5,51,4,1,2,12,,,1,4,1,,1,2,3,8,3,7,9,4,,1,3,15,3,6,9,10,8,20,19,13,8,6,15,9,17,10,21,31,20,19
439956,timor leste import,626,Timor-Leste,6815,"Manufacturas de piedra o de otras materias minerales, incl. las fibras de carbono y sus manufacturas y las manufacturas de turba, n.c.o.p.",,,,,,,,,,,,,,,,,,,,,,,,,4,19,26,,,3,,2,2,7,5,7,4,15,15,16,25,22,4,6,20,54,11,9,9,8,6,6,22,11,16,17,45,8,3,36,7,5,10,9,5,43,38,21,19,3,1,5,4,4,14,7,,1,,2,3,4,20,7,9,11,17,13,12,18,42,18,5,6,7,9,28,13
439956,timor leste import,626,Timor-Leste,7907,"Manufacturas de cinc, n.c.o.p.",,,,,,,,,,,,,,2,,,16,32,117,137,29,,134,5,146,3,10,399,150,59,194,486,129,120,193,125,89,268,42,59,61,35,37,56,41,36,18,40,12,3,5,85,2,6,202,15,16,274,8,22,5,7,3,4,2,7,3,4,22,,6,6,1,1,19,3,14,2,7,2,11,4,3,13,2,17,2,13,10,8,4,5,12,9,9,9,13,7
439956,timor leste import,626,Timor-Leste,8455,Laminadores para metal y sus cilindros; sus partes,,,,,,,,,,,,,,,,,,,,,,17,,,,,,,,,,,8,,96,4,26,23,,,,20,,13,23,,52,146,,18,,,,4,1,16,83,,,64,,,,4,4,,,4,,25,13,,,40,23,12,1,2,51,1,1,152,18,247,344,114,8,13,19,2,37,41,17,3,111,30,114,39
439956,timor leste import,626,Timor-Leste,9024,"Máquinas y aparatos para ensayos de dureza, tracción, compresión, elasticidad u otras propiedades mecánicas de materiales ""p.ej. metal, madera, textil, papel, plástico""",,,,,,,,,,,,,,,20,,,,,1,,,,,,,,,,,28,3,,,,,10,,,2,3,,,,5,,,129,,3,,101,4,95,13,60,31,33,82,,,,1,,,12,5,17,34,44,,132,12,,5,4,3,4,1,,,,,,19,9,20,13,1,4,4,27,9,9,1,17,,5
439956,timor leste import,626,Timor-Leste,9205,"Clarinetes, trompetas, gaitas y demás instrumentos musicales de viento (exc. órganos)",,,,,,,,,,,,,,,,,,,,,,,,,,,,,,0,,,,,5,,4,2,,,,2,1,0,0,0,,,1,,,,2,,,1,3,1,,,1,1,15,4,,1,22,13,97,351,5,3,1,1194,536,132,7,,19,4,3,1,7,7,1,3,2,13,,2,3,,3,7,,,2,5
439956,timor leste import,626,Timor-Leste,0210,"Carne y despojos comestibles, salados o en salmuera, secos o ahumados; harina y polvo comestibles, de carne o de despojos",,,,,,,,,5,2,3,1,,,,1,,,1,,,2,,2,1,,,,,3,5,1,,1,,7,21,3,13,20,22,30,1,12,24,15,14,8,71,15,6,36,11,14,28,17,3,,,6,17,3,8,32,4,11,14,5,4,10,11,3,3,3,9,6,11,9,8,17,10,19,20,15,5,16,4,12,1,1,19,1,28,7,,1,,
439956,timor leste import,626,Timor-Leste,2815,"Hidróxido de sodio ""sosa o soda cáustica""; hidróxido de potasio ""potasa cáustica""; peróxidos de sodio o de potasio",,,,,,,,,,,,,,,,,,,,,,,,,,,,,,,,,,,,2701,1,,,,0,,0,1,0,0,,,,,,,,,,12,1,,,7,17,,8,,,,,9,,4,8,,11,,4,4,4,14,14,41,,36,8,20,18,27,,12,12,,,6,,,,2,3,
439956,timor leste import,626,Timor-Leste,3902,"Polímeros de propileno o de otras olefinas, en formas primarias",,,,,,,,,,,,,,,,,,,,,,,,,,,,,,,,,40,,,10,,,,,,,,,0,,,,,,,1,,,,,,,,,3,3,,,36,,40,,,2,19,3,16,,7,,,,5,,,,,1,,,,12,29,16,22,,9,,2,4,18,
439956,timor leste import,626,Timor-Leste,5704,"Alfombras y demás revestimientos para el suelo, de fieltro, distintos de los de pelo insertado y los flocados, aunque estén confeccionados",,,,,,,,,,,,,,,,,,,,,,,,,,5,,,,,,,36,2,1,,7,,54,,3,1,1,0,,,4,3,21,10,,,,,,,,,,,5,,,,,,,,,,,,,,12,,,,24,3,,,4,,9,,,12,10,,2,,,,,,4,
439956,timor leste import,626,Timor-Leste,5806,"Cintas de materia textil (exc. etiquetas, escudos y artículos simil.); cintas sin trama, de hilados o fibras paralelizados y aglutinados",,,,,,,,,,,,,,,1,,1,4,,,,,,,,,,,,,,,1,,,,,,,,2,1,8,1,0,,,2,,,,,,,,,,2,,16,,3,1,,7,5,12,,1,,13,6,9,1,,3,10,,5,3,1,20,4,3,5,3,8,12,,2,5,3,6,5,14,15,32,23
439956,timor leste import,626,Timor-Leste,6805,"Abrasivos naturales o artificiales en polvo o gránulos con soporte de materia textil, papel, cartón u otras materias, incl. recortados, cosidos o unidos de otra forma",,,,,,,,,,,,,,48,,,,,,,,,,,,,,,,,,,,1,11,,,,,1,,0,,2,,,2,1,1,1,,,3,,1,2,,8,5,2,2,2,8,,,,,4,,2,4,10,,4,,1,,6,4,1,8,,19,1,17,15,3,12,,5,12,3,9,44,10,17,6,2
439956,timor leste import,626,Timor-Leste,8436,"Máquinas y aparatos, n.c.o.p., para la agricultura, horticultura, silvicultura, avicultura o apicultura, incl. los germinadores con dispositivos mecánicos o térmicos incorporados y las incubadoras y criadoras agrícolas; sus partes",,,,,,,,,,,,,,,,,,,,,,,2,,,1,14,57,,,,1,,2,9,,,,,,2,,2,,,7,,241,,124,1,109,1,,1,,,,32,,46,2,1,1,14,2,2,1,103,,1,9,8,1,52,1,25,20,14,4,3,1,3,17,,1,1,12,37,2,326,6,16,9,266,4,18,17
439956,timor leste import,626,Timor-Leste,8437,"Máquinas para limpieza, clasificación o cribado de semillas, granos u hortalizas de vaina seca; máquinas y aparatos para la molienda o el tratamiento de cereales u hortalizas de vaina seca; sus partes (exc. de tipo rural, así como máquinas y aparatos cuyo funcionamiento se base en un cambio de temperatura, columnas secadoras centrífugas y filtros de aire)",,,,,,,,,,,,,,,,,,,,,,,5,,11,10,8,19,33,15,87,26,63,33,42,117,3,20,6,6,5,26,6,12,55,27,22,133,195,36,15,28,90,17,13,22,11,100,34,16,50,26,88,13,16,27,21,42,40,42,43,77,29,13,69,155,30,56,35,53,109,88,73,17,99,127,135,12,26,145,99,24,23,68,96,25,64,93
439956,timor leste import,626,Timor-Leste,0302,"Pescado comestible, fresco o refrigerado (exc. filetes y demás carne de pescado de la partida 0304)",,,,,,,,,,,,,,,,,,1,,,1,1,,,,,,,6,,4,,7,6,3,,,,,,2,5,24,22,1,1,4,7,1,22,18,19,13,17,17,23,3,13,8,5,3,21,11,12,32,9,6,2,,,1,1,,,,,,,,,,,,,6,,,11,52,105,239,273,265,273,300,337,196,256
439956,timor leste import,626,Timor-Leste,0409,Miel natural,,,,,,,,,,,,,,,,,,,,,,,,,,,,,,,,0,,,0,0,,,2,4,,1,4,2,,8,3,,1,,9,7,,1,,4,3,2,5,2,,,4,6,2,9,3,5,2,7,6,2,4,3,8,8,,8,11,9,4,8,5,4,4,12,9,11,4,15,15,18,11,9,10,10,24,5
439956,timor leste import,626,Timor-Leste,1202,"Cacahuetes ""cacahuetes, maníes"" sin tostar ni cocer de otro modo, incl. sin cáscara o quebrantados",,,,,,,,,,,,,,,,,,4,,,,,,,,,,,,,,,1,1,8,1,,1,5,1,1,0,3,17,4,1,1,1,,2,4,1,2,1,,,1,,,1,2,3,3,3,2,1,2,6,3,1,1,1,2,2,,32,14,1,2,5,1,13,5,3,68,7,26,11,15,17,30,3,10,27,15,26,12,116
439956,timor leste import,626,Timor-Leste,2301,"Harina, polvo y ""pellets"", de carne, de despojos, de pescado o de crustáceos, de moluscos o demás invertebrados acuáticos, impropios para la alimentación humana; chicharrones",,,,,,,,,,,,,,,,,,,,,,,,,,,,,,,,5,,,,,,,,,,0,1,0,,0,,,,,,,7,1,1,,1,5,55,,1,34,7,,,,,,,,10,89,30,,,135,,,17,1,,,,,,,,11,,,15,2,,17,,32,12,
439956,timor leste import,626,Timor-Leste,3204,"Materias colorantes orgánicas sintéticas, aunque sean de constitución química definida; preparaciones a base de materias colorantes orgánicas sintéticas, del tipo de las usadas para colorear cualquier materia o como ingredientes para fabricar prepariones colorantes (exc. preparaciones de las partidas 3207 a 3210, 3212, 3213 y 3215); productos orgánicos sintéticos de los tipos utilizados para el avivado fluorescente o como luminóforos, incl. de constitución química definida",,,,,,,,,,,,,,,,,5,,1,,,3,,,,,,,,,,,8,,,,,,1,1,0,32,1,65,,0,37,25,52,24,,,10,,,,1,1,,1,,,1,,2,,,,,,,,1,1,1,1,1,12,1,6,,11,10,3,1,6,52,11,1,5,48,2,3,1,12,21,1,
439956,timor leste import,626,Timor-Leste,3212,"Pigmentos, incl. el polvo y laminillas metálicos, dispersos en medios no acuosos, líquidos o en pasta, de los tipos utilizados para la fabricación de pinturas; hojas para el marcado a fuego de los tipos utilizados para encuadernaciones o guarniciones interiores de sombreros; tintes y demás materias colorantes, n.c.o.p., presentados en formas o envases para la venta al por menor",,,,,,,,,,,,,,,,,,,,,,,,,,,,,,,,,,,,,,,,,,23,,,6,7,4,4,1,1,35,177,66,70,67,59,65,98,10,105,81,21,7,10,9,7,4,2,11,10,21,7,23,8,28,9,11,8,10,36,10,27,10,17,6,14,12,11,5,16,6,11,12,6,3,,1,3
439956,timor leste import,626,Timor-Leste,3809,"Aprestos y productos de acabado, aceleradores de tintura o de fijación de materias colorantes y demás productos y preparaciones ""p.ej. aprestos y mordientes"", de los tipos utilizados en la industria textil, del papel, del cuero o industrias simil., n.c.o.p.",,,,,,,,,,,,,,,,,,,,,,,,,,,,,,,,32,10,26,8,44,51,98,7,78,47,34,24,25,7,5,15,18,,,,17,,2,7,,,,1,1,6,2,1,,1,,,,,4,5,5,8,4,10,18,8,2,,,,,,,7,11,19,11,3,12,1,21,29,7,42,16,19,18
439956,timor leste import,626,Timor-Leste,4415,"Cajones, cajas jaulas, tambores y envases simil., de madera; carretes para cables, de madera; paletas, paletas caja y demás plataformas para carga, de madera; cercos para paletas, de madera (exc. contenedores especialmente concebidos y equipados para uno o varios medios de transporte)",,,,,,,,,,3,,,,,,,,,,,,,,,,,,,6,,,,,2,,,,,,,,,,0,0,0,,,5,,,12,,,1,16,2,,1,,,,3,7,3,,,13,,6,,,,,1,1,1,3,5,4,1,9,15,2,121,429,11,11,1,1,,2,1,1,,28,,
439956,timor leste import,626,Timor-Leste,5201,"Algodón, sin cardar ni peinar",,,,,,,,,,,,,,,,,,,,,,,,,,,,,,,,,,,,,,,1,,0,,,,0,,,,,,,,,,7,,,,,,,,,,,,,,,,,,,,,,,,,,,,1,,,,3,11,1,4,2,8,12,10,24,11,7,9
439956,timor leste import,626,Timor-Leste,6903,"Retortas, crisoles, muflas, toberas, tapones, soportes, copelas, tubos, fundas, varillas y demás productos cerámicos refractarios (exc. los de harinas silíceas fósiles o de tierras silíceas simil., así como ladrillos, placas, baldosas y demás productos cerámicos análogos de construcción, refractarios)",,,,,,,,,,,,,,,,,,,,,,,,,,,,,,,,,,,,,,,,,1,0,,,,,,2,,,5,1,1,2,5,1,,,,,1,1,1,3,1,1,1,3,2,1,1,1,,,1,1,,1,1,6,3,1,5,,2,1,1,11,,4,1,1,2,,5,2,1,3
439956,timor leste import,626,Timor-Leste,7020,"Manufacturas de vidrio, n.c.o.p.",,,,,,,,,,,2,,1,,,,39,1,1,,1,12,15,10,6,7,14,16,6,10,13,2,3,2,6,15,6,16,14,9,5,16,50,16,3,17,6,13,25,21,38,86,60,17,14,29,18,18,37,13,13,64,5,5,6,49,15,30,20,22,24,13,1,9,5,24,18,6,38,50,6,16,74,19,96,12,21,11,34,9,5,5,13,6,18,11,2,3
439956,timor leste import,626,Timor-Leste,7606,"Chapas y tiras, de aluminio, de espesor > 0,2 mm (exc. chapas y tiras extendidas ""desplegadas"")",,,,,,,,,,,,,,,,,,,,,27,1,9,,2,2,5,8,3,40,2,16,3,,,3,1,33,13,7,8,3,133,62,9,14,5,12,5,4,4,4,115,286,1,79,72,36,68,10,4,4,4,30,17,12,3,6,1,5,,2,11,,8,,,5,52,8,18,12,33,80,30,12,13,11,8,204,997,376,19,51,22,143,606,69
439956,timor leste import,626,Timor-Leste,8208,"Cuchillas y hojas cortantes, de metal común, para máquinas o aparatos mecánicos",,,,,,,,,,,,,,,,,,,,3,,,,,,,,,,,3,,2,,15,29,,,2,,0,3,4,2,2,3,5,12,11,1,593,,3,,,1,,6,,1,1,3,1,6,,2,5,,,1,1,,1,,,,,2,2,1,4,1,4,,,102,10,11,1,5,5,4,3,4,2,13,,
439956,timor leste import,626,Timor-Leste,8308,"Cierres, monturas cierre, hebillas, hebillas cierre, corchetes, ganchos, anillos para ojetes y artículos simil., de metal común, para prendas de vestir, calzado, toldos, marroquinería o demás artículos confeccionados; remaches tubulares o con espiga hendida de metal común; cuentas y lentejuelas, de metal común",,,,,,,,,,,,,,,,,2,,,,,1,,,1,,,26,19,,4,1,,,2,1,14,,,,0,0,4,0,0,,,1,,6,1,3,,7,17,24,67,8,2,13,6,21,19,1,1,22,1,22,2,2,18,12,1,1,2,7,7,1,5,5,1,2,5,3,12,4,7,11,41,15,4,26,12,2,1,23,9,29
439956,timor leste import,626,Timor-Leste,8526,"Aparatos de radar, radionavegación o radiotelemando",,,,,,,,,1,1,,,,,,,,,,,,,,,9,,,,,,,,,,,221,,1,,2,,5,6,2,1,89,1,,,16,2,12,63,,,84,5,162,7,23,5,4,1,4,15,11,54,,43,10,13,29,25,12,3,16,9,2,10,6,18,16,17,14,,7,57,11,25,1,227,3,17,22,,5,15,16
439956,timor leste import,626,Timor-Leste,5903,"Telas impregnadas, recubiertas, revestidas o estratificadas con plástico (exc. napas tramadas para neumáticos fabricadas con hilados de alta tenacidad de nailon o demás poliamidas, de poliésteres o de rayón viscosa; revestimientas de materia textil para paredes, impregnadas o revestidas; revestimientos para suelos con una base de materia textil con un recubrimiento o revestimiento de plástico)",,,,,,,,,,,,,,,,,,,,,,,,,,,,2,,,,,1,,,1,,73,2,,,,,,0,2,,,2,,,32,5,11,104,9,,16,21,38,21,1,,14,,1,4,,,6,,22,,,,2,8,20,129,20,47,22,15,11,9,17,22,10,2,1,6,33,2,23,68,46,123,1
439956,timor leste import,626,Timor-Leste,6806,"Lana de escoria, de roca y lanas minerales simil., vermiculita dilatada, arcilla dilatada, espuma de escoria y productos minerales simil. dilatados; mezclas y manufacturas de materias minerales para aislamiento térmico o acústico o para la absorción del sonido (exc. manufacturas de hormigón ligero, de amianto, de amiantocemento, de celulosacemento o simil.; mezclas y otras manufacturas de amianto o a base de amianto; productos cerámicos)",,,,,,,,,,9,,,,,,,,,,,9,,23,,,,12,,,4,1,,,,1,1,20,46,66,15,6,,,13,,,12,4,12,1,,3,19,5,6,6,9,26,355,92,17,1,3,,,,1,,,,5,25,278,2,,2,33,17,6,11,14,2,10,1,,17,12,10,37,2,5,5,13,6,26,21,18,11
439956,timor leste import,626,Timor-Leste,7319,"Agujas de coser, de tejer, pasacintas, agujas de ganchillo ""croché"", punzones para bordar y artículos simil., de uso manual, de hierro o acero; alfileres de gancho ""imperdibles"" y demás alfileres, de hierro o acero, n.c.o.p.",,,,,,,,,,,,,,,,,,,,,,,,,,,,,,,17,4,,3,2,1,1,1,,0,0,1,1,0,0,0,1,,1,,1,2,,,,1,2,2,2,3,,1,1,1,,1,,1,2,1,8,6,4,,1,7,4,,4,16,4,9,14,5,12,21,3,10,10,13,15,12,1,17,5,10,2,10
439956,timor leste import,626,Timor-Leste,8438,"Máquinas y aparatos, no expresados ni comprendidos en otra parte del capítulo 84, para la preparación o fabricación industrial de alimentos o bebidas; sus partes (exc. máquinas y aparatos para la extracción o la preparación de aceites o grasas, animales o vegetales fijos)",,,,,,,,,,4,,,,,,,66,,,10,,5,,,,,,1,5,,,,,17,45,87,6,10,,4,1,0,2,,0,0,1,32,18,6,25,,,51,37,101,5,40,659,124,10,16,11,2,4,1,2,12,40,7,4,6,6,2,2,7,31,60,3,42,85,31,45,72,3,23,3,10,12,30,10,103,16,13,20,165,25,26
439956,timor leste import,626,Timor-Leste,8465,"Máquinas herramientas, incl. máquinas para clavar, grapar, encolar o ensamblar de otro modo, para trabajar madera, corcho, hueso, caucho endurecido, plásticos duros o materias duras similares (exc. ​​máquinas para trabajar a mano y máquinas para la fabricación aditiva)",,,,,,,,,,,,,,,157,40,,1,,,,,,,17,2,,,,,32,1,1,1,1,12,11,1,106,1,3,14,1,4,3,1,14,2,3,2,6,5,4,25,17,44,5,2,4,1,4,2,56,3,5,4,58,6,4,,13,17,31,3,6,5,27,17,,2,2,2,3,,12,12,10,10,6,23,2,24,37,39,26,29,12,29
439956,timor leste import,626,Timor-Leste,8472,"Copiadoras hectográficas, mimeógrafos, máquinas para imprimir direcciones, distribuidores automáticos de billetes de banco, máquinas de clasificar, contar o encartuchar monedas, sacapuntas, perforadoras, grapadoras y demás máquinas y aparatos de oficina, n.c.o.p.",,,,,,,,,,,,,2,,,,,3,,,3,,4,,,24,17,0,6,5,2,20,6,13,6,9,91,6,,1,0,0,55,31,2,3,,,,1,49,9,1,1,6,1,4,106,351,3,8,3,1,7,10,222,3,,3,4,3,218,,12,15,11,6,3,22,27,696,27,12,20,6,5,59,10,77,75,127,21,29,49,32,24,32,27
439956,timor leste import,626,Timor-Leste,8524,"Módulos de pantalla plana, incluso con pantalla táctil incorporada",,,,,,,,,,2,,,4,,,3,3,1,6,1,,,,,1,,,,4,,,,,,,,,,,,,,,,,,,,,,,,,,,,,,,,,,,,,,,,,,,,,,,,,,,,,,,,1,,,10,,1,,1,134,2,176,287,1,498
439956,timor leste import,626,Timor-Leste,9001,"Fibras ópticas y haces de fibras ópticas, cables de fibras ópticas, hojas y placas de materia polarizante; lentes, incl. las de contacto, prismas, espejos y demás elementos de óptica de cualquier materia, sin montar (exc. cables constituidos por fibras ópticas enfundadas individualmente y elementos de vidrio sin trabajar ópticamente)",,,,,,,,,,,,,,,,,,,5,,4,,,,,,,1,,,,,,,,,,6,,15,0,11,0,0,3,0,3,63,49,,27,3,101,10,,9,1,,,2,,6,1,,3,,,8,1,1,,1,1,,2,3,1,,,12,,1,3,3,1,2,2,10,1,1,1,3,11,1,1,1,,1
439956,timor leste import,626,Timor-Leste,9015,"Instrumentos y aparatos de geodesia, topografía, agrimensura, nivelación, fotogrametría, hidrografía, oceanografía, hidrología, meteorología o geofísica; telémetros (exc. las brújulas)",,,,,,,,,18,3,2,,,7,,,17,,31,8,5,,,371,934,5,45,,,62,3,6,,244,70,4684,411,145,16,2564,24,51,6,0,129,10,13,58,8,,,29,120,185,2,2541,72,8,20,56,22,64,,1,55,36,1642,45,51,1,56,,7,34,2,8,4,1,2,13,,220,23,24,33,5,13,10,23,3,16,82,190,213,169,121,8331,5
439956,timor leste import,626,Timor-Leste,9206,"Tambores, cajas, xilófonos, platillos, castañuelas, maracas y demás instrumentos musicales de percusión",,,,,,,,,,,,,,,,,,,,,,,,,,,,,1,,,,2,1,,2,,1,,,91,1,1,1,,8,,3,,,,3,8,4,1,,14,,1,6,,,2,,1,,,1,,,1,13,5,,5,4,5,2,4,8,4,5,6,3,9,3,3,10,3,2,3,3,1,2,1,5,5,7
439956,timor leste import,626,Timor-Leste,3405,"Betunes y cremas para el calzado, encáusticos, abrillantadores para carrocerías, vidrio o metal, pastas y polvos para fregar y preparaciones simil., incl. papel, guata, fieltro, tela sin tejer, plástico o caucho celulares, impregnados, recubiertos o revestidos de estas preparaciones (exc. ceras artificiales y ceras preparadas de la partida 3404)",,,,,,,,,,,,,,,,,,,,,,,,,9,,,,,,2,2,2,1,2,1,1,7,4,2,2,3,12,10,3,14,,3,2,15,1,6,13,4,5,3,7,2,19,8,4,10,22,6,7,4,7,2,15,9,4,12,13,2,4,8,2,4,5,10,12,7,4,10,5,14,10,9,10,20,1,1,128,,1,10,1,5
439956,timor leste import,626,Timor-Leste,5602,"Fieltro, incl. impregnado, recubierto, revestido o estratificado, n.c.o.p.",,,,,,,,,,,,,,,,,,,,,,,,,,,,,,,,,,,,10,,,,,,0,1,,0,0,,,,2,,,4,,,4,,2,,,,,,,,,,3,,,,,,,2,,2,,,,14,9,,,,,,9,,,3,,2,10,1,23,3,13
439956,timor leste import,626,Timor-Leste,8464,"Máquinas herramienta para trabajar piedra, cerámica, hormigón, amiantocemento o materias minerales simil. o para trabajar el vidrio en frío (exc. máquinas accionadas manualmente)",,,,,,,,,,,,,,,,,,,,,,,,,,1,,35,,,5,1,,44,1,2,,8,6,16,644,29,2,1,0,38,32,5,3,,2,38,,23,,4,88,29,12,3,7,14,82,1,,25,20,4,4,,1,3,2,,5,,7,4,6,3,14,5,,10,3,2,18,9,7,50,11,1,28,2,3,10,1,18
439956,timor leste import,626,Timor-Leste,8521,"Aparatos de grabación o reproducción de imagen y sonido ""vídeos"", incl. con receptor de señales de imagen y sonido incorporado (exc. videocámaras)",,,,,,,,,,,,1,3,,,,,,5,7,,,6,,3,,,,,,5,3,20,26,78,136,83,137,192,183,165,406,271,80,47,42,23,95,55,55,19,32,53,25,38,12,16,166,13,14,22,6,68,10,29,3,5,2,1,,18,4,3,,,1,2,3,1,6,57,2,42,7,2,1,1,9,7,13,29,2,,1,2,25,,8
439956,timor leste import,626,Timor-Leste,9022,"Aparatos basados ​​en el uso de rayos X o de radiaciones alfa, beta, gamma u otras radiaciones ionizantes, incluso para uso médico, quirúrgico, odontológico o veterinario, incl. Aparatos de radiografía o radioterapia, tubos de rayos X y otros generadores de rayos X, generadores de alta tensión, paneles y escritorios de control, pantallas, mesas de examen o tratamiento, sillas y similares",,,,,,,,,,6,,,,,,120,,,7,,,148,,,,32,5,232,259,12,47,1,30,10,20,7,140,13,2,430,6925,860,121,1,33,65,2,52,30,,,5,,168,,68,,92,18,47,,579,35,720,13,,304,,,,41,285,31,,,,,,9,,1090,,1536,245,,1688,23,9,195,287,6,104,233,215,,,,129
439956,timor leste import,626,Timor-Leste,9023,"Instrumentos, aparatos y modelos, concebidos para demostraciones ""p.ej. en la enseñanza o exposiciones"", no susceptibles de otros usos (exc. aparatos de entrenamiento de vuelo, piezas de colección y antigüedades de más de 100 años)",,,,,,,,,,,,,23,,,,,,,,,,,7,,,,,3,0,,,36,,,37,,,,,,,,6,,,,1,38,,,,20,,319,3,11,4,,3,,,4,18,,8,,2,,,,78,,,,10,2,,,,3,,45,8,5,65,1,9,,5,,,,1,10,3,5,22
439956,timor leste import,626,Timor-Leste,9605,"Juegos de viaje para aseo personal, costura o limpieza del calzado o de prendas de vestir (exc. juegos de manicura)",,,,,,,,,11,,,,,,,,,,,,,,,,,,,,,,,,,,1,2,,19,8,,,,2,,,1,,1,4,1,,,,,,10,,1,2,16,10,2,1,2,,6,5,,2,9,2,4,5,7,14,8,10,6,14,35,10,13,29,7,4,32,1,9,12,15,19,24,12,15,8,29,16,27
439956,timor leste import,626,Timor-Leste,0702,Tomates frescos o refrigerados,,,,,,,,,18,11,4,5,4,1,,,,16,26,12,10,17,18,21,22,18,16,14,16,14,13,19,16,19,14,22,22,25,23,15,13,21,13,6,4,2,2,2,1,3,4,2,,,,,,1,,,,1,,,,,,,,,,,,,,,,,2,,,,,,,44,36,8,17,30,42,19,34,89,85,61,89,116
439956,timor leste import,626,Timor-Leste,2306,"Tortas y demás residuos sólidos de la extracción de materias grasas o aceites vegetales, incl. molidos o en ""pellets"" (exc. de aceite de soja ""soya"" o de cacahuete ""cacahuate, maní"")",,,,,,,,,,,,,,,,,,,,,,,,,,,,,,,,,,,1,2,1,,3,5,2,1,,1,2,0,1,,,1,42,1,,1,,,2,1,,,,,,,1,,,4,3,5,3,1,,,1,2,,2,1,1,,1,,,,2,3,8,2,1,,,,,,,,
439956,timor leste import,626,Timor-Leste,2925,"Compuestos con función carboxiimida, incl. la sacarina y sus sales, o con función imina",,,,,,,,,,,,,,,,,,,,,,,,,,,,,,,,,,,,,,,,,,,,,,,,,,,,,,,,,,,,,2,,4,,31,,12,,,7,,,8,,7,,1,,,,,1,,,,,,8,,,,,11,1,21,,,4
439956,timor leste import,626,Timor-Leste,3505,"Dextrina, almidones y féculas pregelatinizados o esterificados y demás almidones o féculas modificados; colas a base de almidón, fécula, dextrina o demás almidones o féculas modificados (exc. acondicionadas para la venta al por menor, de peso neto <= 1 kg)",,,,,,,,,,,,,,,,,,,,,,,,,6,7,19,5,9,15,18,17,10,11,8,9,10,14,8,5,9,11,5,13,20,29,11,11,5,13,6,6,1,9,2,,1,,3,1,,,,,,,,,,,,,,,,,,,13,41,1,3,16,2,10,5,13,8,18,2,16,27,36,18,25,13,28,51
439956,timor leste import,626,Timor-Leste,3604,"Artículos para fuegos artificiales, cohetes de señales o granífugos y simil., petardos y demás artículos de pirotecnia (exc. cartuchos sin proyectil)",,,,,,,,,,,,,,,,,,,,,,,,,,,,,,,,,,,1,,,,,,,125,0,,,,,2,,,,23,,,3,,,,,3,,,,3,,,,3,,5,7,1,,,,,,,,,,7,,67,,1,,8,,1,,11,,,4,14,,3
439956,timor leste import,626,Timor-Leste,5608,"Redes de mallas anudadas, en paño o en pieza, fabricadas con cordeles, cuerdas o cordajes, así como redes confeccionadas para la pesca y demás redes confeccionadas de materia textil (exc. redecillas y redes para el cabello y redes para deportes, incl. las utilizadas para la pesca con caña y cazamariposas para cualquier uso)",,,,,,,,,,,,,1,,,5,1,,,,,,,,1,1,2,1,2,2,12,2,1,,1,,,,,45,1,3,0,0,0,8,2,,2,15,3,1,1,3,1,1,3,1,8,,7,8,4,,13,,18,8,1,1,4,8,12,5,18,5,1,7,14,29,6,22,56,105,24,6,14,8,16,60,33,17,37,42,30,34,20,64
439956,timor leste import,626,Timor-Leste,0804,"Dátiles, higos, piñas ""ananás"", aguacates ""paltas"", guayabas, mangos y mangostanes, frescos o secos",,,,,,,,,2,1,1,1,1,,,,,,,,,,,,,,,,,,,,,,,,,,2,1,1,4,2,1,1,1,1,1,1,1,1,1,1,2,2,5,3,1,3,2,2,4,2,1,2,1,,,,,1,1,,1,6,3,7,4,9,16,8,14,13,16,8,7,12,7,5,9,7,9,10,10,18,10,11,8
439956,timor leste import,626,Timor-Leste,2002,"Tomates, preparados o conservados sin vinagre ni ácido acético",,,,,,,,,,,,,,,,,,,,,,,,,,,,,,,,,,,,,1,26,14,5,9,15,4,5,,,4,2,22,2,6,6,2,4,,7,6,10,11,3,3,2,4,9,3,2,2,2,1,4,11,4,1,2,2,8,3,4,8,4,5,3,4,12,7,20,24,7,6,6,6,10,8,9,9,5,13,1
439956,timor leste import,626,Timor-Leste,2936,"Provitaminas y vitaminas, naturales o reproducidas por síntesis, incl. los concentrados naturales, y sus derivados utilizados principalmente como vitaminas, mezclados o no entre sí o en disoluciones de cualquier clase",,,,,,,,,,6,,,,,,,,,,,3,,,,,,11,6,6,14,,5,1,,4,2,,71,,,0,3,25,,0,98,,1,,,2,2,5,3,8,,4,,16,6,19,,4,3,,,,,,,2,,1,10,108,19,24,42,17,50,26,55,53,20,39,9,3,7,8,14,2,4,9,2,11,9,3,4
439956,timor leste import,626,Timor-Leste,4801,"Papel prensa, especificamente de nota4 hasta 48, en bobinas de anchura >36 cm, cuadrado o rectangular con un lado >36 cm y el otro >15 cm, sin plegar",,,,,,,,,,,,,,,,,,,,,,,,,,,,,,,3,,,,,,,,,1,0,,1,,,,,,,1,1,3,2,,5,2,1,2,1,,,3,4,5,14,5,6,,4,2,5,2,6,,,,,,,,,,10,9,1,,4,7,11,3,11,8,10,1,,1,11,
439956,timor leste import,626,Timor-Leste,5906,"Telas cauchutadas (exc. napas tramadas para neumáticos fabricadas con hilados de alta tenacidad de nailon o demás poliamidas, de poliésteres o de rayón viscosa)",,,,,,,,,,,,,,,,,,,,,,,,,,,,,,,,,,6,1,3,,,,,,1,,10,,,,,1,2,6,1,1,2,3,3,3,,3,1,5,5,,,3,5,1,1,2,8,6,4,8,6,3,1,8,3,11,6,5,2,16,3,10,8,10,7,6,3,6,8,12,8,23,11,6,7
439956,timor leste import,626,Timor-Leste,6201,"Abrigos, chaquetones, capas, anoraks, cazadoras y artículos simil., para hombres o niños (exc. de punto, así como trajes o ternos, conjuntos, chaquetas ""sacos"", incl. los ""blazer"", y pantalones)",,,,,,,,,,,4,4,,,,,,2,,3,,1,,2,3,,,,,,16,24,30,5,10,8,5,3,5,10,13,5,4,3,6,4,15,70,22,21,11,2,,5,1,5,,2,13,32,1,16,,1,,15,1,3,2,23,32,3,5,3,12,6,7,,1,3,13,9,10,3,2,,1,7,,1,38,,1,,,4,4,
439956,timor leste import,626,Timor-Leste,6217,"Complementos ""accesorios"" de vestir confeccionados, así como partes de prendas o de complementos ""accesorios"" de vestir, de todo tipo de materia textil, n.c.o.p. (exc. de punto)",,,,,,,,,,,,,,,,,,,8,2,11,55,12,2,2,35,,,1,,,,,7,3,13,,,21,27,13,2,21,1,0,14,,8,17,,17,40,31,55,80,70,221,53,79,90,77,165,99,29,,,,,,3,,5,6,1,3,2,1,,185,8,1,11,,3,10,4,2,7,2,2,6,13,4,21,8,21,1,3
439956,timor leste import,626,Timor-Leste,6902,"Ladrillos, placas, baldosas y demás piezas cerámicas análogas de construcción, refractarios (exc. los de harinas silíceas fósiles o de tierras silíceas análogas)",,,,,,,,,,,,,,,,,,,,,,,,,,,,,5,300,,,,,,,,,8,,,,,9,,,,,,2,,,,5,8,4,2,3,3,16,17,36,2,15,3,2,4,3,1,3,1,,,,2,,,,16,1,,,1,10,6,1,2,7,1,8,,,1,,,,,
439956,timor leste import,626,Timor-Leste,7301,"Tablestacas de hierro o acero, incl. perforadas o hechas con elementos ensamblados; perfiles de hierro o acero obtenidos por soldadura",,,,,,,,,,,3,,,,,,,,,,,,,,6,3,6,9,1,1,6,126,68,1,135,4,7,20,4,11,10,32,23,1,17,1,,9,22,204,7,,1,9,4,,6,40,,49,8,34,,,,12,75,75,24,106,,,,,8,,,1,,,,,,,53,,5,7,,11,10,33,1,22,30,,,
439956,timor leste import,626,Timor-Leste,8212,"Navajas y maquinillas no eléctricas de afeitar y sus hojas, incl. los esbozos en fleje, de metal común",,,,,,,,,,30,34,,,9,,11,,,,,,,,,2,1,8,4,3,17,24,36,23,16,11,12,21,20,5,5,7,1,29,13,21,5,1,6,21,2,2,75,1,9,1,6,10,3,5,3,45,5,1,1,,,1,3,,4,3,11,10,9,100,95,22,6,16,8,106,12,16,6,91,42,17,7,50,103,4,14,21,44,26,22,10,28
439956,timor leste import,626,Timor-Leste,8530,"Aparatos eléctricos de señalización, seguridad, control o mando, para vías férreas o simil., carreteras, vías fluviales, áreas o parques de estacionamiento, instalaciones portuarias o aeropuertos; sus partes (exc. aparatos para transmisión de mensajes y aparatos electromecánicos de la partida 8608)",,,,,,,,,,,,,,,,,,,,,,,19,,,,2,,,,,1,3,1,3,,2,,,,0,1,,0,0,,,6,1,3,,1,3,,,71,,,,,,181,,,2,1,,,1,,,1,5,2,,,,,,4,208,29,34,5,1228,,,7,8,5,12,168,84,17,143,,,2
439956,timor leste import,626,Timor-Leste,9019,"Aparatos de mecanoterapia, masajes, sicotecnia, ozonoterapia, oxigenoterapia y aerosolterapia, aparatos respiratorios de reanimación y demás aparatos de terapia respiratoria",,,,,,,,,,,,,,,,,,,,,,,,,,,,,,0,17,,,,,,,9,,276,0,11,,40,34,5,7,3,12,4,13,1,1,1,,17,1,5,1,2,42,2,30,4,,,6,5,14,,16,2,14,249,971,111,18,28,133,49,514,49,38,8,7,6,20,7,6,40,17,18,306,6,6,75,42,35
439956,timor leste import,626,Timor-Leste,9507,"Cañas de pescar, anzuelos y demás artículos para la pesca con caña, n.c.o.p.; salabardos, cazamariposas y redes simil.; señuelos y artículos de caza simil. (exc. los señuelos de las partidas 9208 ó 9705)",,,,,,,,,,,,,,,,,5,,,,,,,,,,3,,4,3,1,10,2,11,3,6,4,2,,2,1,1,0,3,0,0,,2,,5,9,2,,1,15,,,1,1,1,2,5,1,5,1,4,1,4,3,4,4,5,1,1,9,10,2,4,4,6,13,9,9,3,44,29,15,7,15,18,30,16,30,13,16,10,5,20
439956,timor leste import,626,Timor-Leste,2304,"Tortas y demás residuos sólidos de la extracción del aceite de soja ""soya"", incl. molidos o en ""pellets""",,,,,,,,,,,,,,,,,,,,,,,,,,206,,,,,,,,,,,,1,,,,,,,,,,,,,,,,,,,2,,,,,,,,,,,,,,,,,,,,,,,,,,,,,,,6,,5,,6,,,,,,
439956,timor leste import,626,Timor-Leste,2513,"Piedra pómez, esmeril; corindón natural, granate natural y demás abrasivos naturales, incl. tratados térmicamente",,,,,,,,,,,,,,,,,,,,,,,,,,,,,,,,,,,,,,,,,,,,,,,,,,,,,,,,,,,,,,,,,,,,,3,,,,,,,,,,,,,,,,12,,,6,18,,3,,7,21,6,7,,
439956,timor leste import,626,Timor-Leste,2818,"Corindón artificial, aunque no sea químicamente definido; óxido de aluminio; hidróxido de aluminio",,,,,,,,,,,,,,,,,,,,,,,,,,,,,,,,,,,,,,,,,,,,4,,,,,,,,,,,,,,,,,,,,,,,,,,3,,,,,,,,,,,,,1,,,3,,6,,,,,,2,,,,
439956,timor leste import,626,Timor-Leste,2914,"Cetonas y quinonas, incl. con otras funciones oxigenadas, y sus derivados halogenados, sulfonados, nitrados o nitrosados",,,,,,,,,,,,,,,,,,,,,,,,,,,,,,3,,,,,1,1,4,3,4,4,2,2,1,3,0,1,,,,,1,1,1,,,5,23,,1,2,1,8,10,3,2,1,2,12,,1,2,4,2,2,2,2,1,2,3,8,3,13,7,,7,11,19,6,2,7,2,8,3,12,3,4,11,27
439956,timor leste import,626,Timor-Leste,3813,"Preparaciones y cargas para aparatos extintores; granadas y bombas extintoras (exc. aparatos extintores, incl. portátiles, cargados o no y productos químicos, de composición definida, sin mezclar, con propiedades extintoras y presentados aisladamente sin estar acondicionados)",,,,,,,,,5,,,,,3,,,,,,,,,,,5,,,,,,,,,,,,,12,2,4,2,,,,0,1,,,96,,,,,4,2,,1,1,,,1,,,,,,,19,,,,,,,,,,,,,,,1,5,,14,4,6,,2,,3,18,21,7,1,,
439956,timor leste import,626,Timor-Leste,4419,"Mesa o de cocina, de madera (exc. Guarniciones interiores, adornos, productos de tonelería, mesa o de cocina componentes de la madera, cepillos, escobas y los cedazos de mano)",,,,,,,,,,,,,,,,,,,,,,,,,,,,,,,,,,,,,,,,188,0,0,,,0,,,,,5,,,,2,,3,,,4,,,,2,,,,,,,,,,1,,2,1,4,1,,2,5,5,1,2,12,4,4,6,1,3,9,2,2,2,2,4,4,3
439956,timor leste import,626,Timor-Leste,4903,Álbumes o libros de estampas y cuadernos para dibujar o colorear,,,,,,,,,,,,,,,,,,,,,,,,,,,,,,,6,,,2,,,,,,,0,,,,0,,,,1,,,,1,1,,18,,,,1,,,,,,,1,,,1,,2,1,,,,2,2,1,40,98,27,,,,3,3,6,,3,,,,,,,,
439956,timor leste import,626,Timor-Leste,6504,"Sombreros y demás tocados, trenzados o fabricados por unión de tiras de cualquier materia, incl. guarnecidos",,,,,,,,,,,1,,1,,,,,,,,2,,,,,,,,,,,,,1,2,,,,,2,,0,,2,0,0,0,,,,8,,,,,2,1,2,5,2,1,,,,,,,,3,1,3,,,,5,3,1,1,3,3,4,6,10,9,12,9,4,6,2,1,5,8,4,5,17,9,6,4
439956,timor leste import,626,Timor-Leste,7226,"Productos planos de aceros aleados, distinto del acero inoxidable, de anchura < 600 mm, laminados en frío o en caliente",,,,,,,,,,,,,,,,,,,,,,,,,,,,87,252,,,,,,,,,,,,,,,,,,6,2,,,,,19,,,,,3,6,34,,1,28,2,,1,,,,,,,,,,,,,1,,1,,,,,,,6,,12,,,12,,,,,
439956,timor leste import,626,Timor-Leste,7418,"Artículos de uso doméstico, higiene o tocador y sus partes, de cobre (exc. aparatos de cocción o de calefacción de la partida 7417; bidones, cajas y recipientes simil. de la partida 7419; artículos con carácter de herramientas; artículos de cuchillería y cucharas, cucharones, tenedores, etc.; objetos de adorno; artículos de grifería); esponjas, estropajos, guantes y artículos simil. para fregar, lustrar o usos análogos, de cobre",,,,,,,,,,,,,,,,,,,,,,,,,2,42,204,26,,,,,,,,,4,,,,1,0,2,0,1,0,3,,,3,1,1,1,,,,2,2,6,13,7,3,3,8,4,2,,,,5,1,,,3,13,,5,3,9,3,3,,4,2,,3,21,6,2,,2,4,,,7,,2,
439956,timor leste import,626,Timor-Leste,8486,"Máquinas y aparatos de un tipo usadas principalmente para la manufactura de galletas, mecanismos semiconductores, cirucuitos electónicos integrados; máquinas y aparatos especificos de nota 9 hasta 84; partes y accesorios, n.c.o.p.",,,,,,,,,,,,,,,,,,,,,,,,,4,,,,,80,,12,,,,,1,,38,8,38,0,0,72,1,2,,,3,,,,,,1,,18,,2,,,,4,,,3,4,6,,,,,,,,,,,,3,1,,0,8,3,,3,6,1,,16,338,,4,1,38,,
439956,timor leste import,626,Timor-Leste,9209,"Mecanismos de cajas de música, tarjetas, discos y rollos para aparatos mecánicos, metrónomos, diapasones de cualquier tipo y demás partes y accesorios de instrumentos musicales",,,,,,,,,,,,,,,,,,,,,,,,,,,,,,,,20,1,26,,,,,7,,,0,0,0,0,,,,,,4,3,,1,,1,1,1,1,4,,16,5,6,,,,4,2,12,2,11,6,,13,1,2,2,,23,127,3,15,1,4,4,1,6,9,7,3,,5,7,4,1,8,
439956,timor leste import,626,Timor-Leste,9612,"Cintas para máquinas de escribir y cintas simil., entintadas o preparadas de otro modo para imprimir, incl. en carretes o cartuchos; tampones, incl. impregnados o con caja",,,,,,,,,,,,,,,,,,,,,,,,,1,1,4,,,,,,3,,1,,,10,,,,1,5,0,1,0,,,,12,7,2,,2,3,,,,3,2,,5,,,,,1,,,,1,,2,,,8,,,2,,,,,,3,27,,6,1,,,,1,2,1,1,5,1
439956,timor leste import,626,Timor-Leste,5911,Productos y artículos textiles para usos técnicos mencionados en la nota 7 del capítulo 59,,,,,,,,,,,,,,,,,,,,,6,,,,,,,,,,,,,,,,,,,,0,25,19,0,,,,1,6,2,3,21,4,2,2,1,1,3,1,2,,3,6,10,,4,2,,74,,1,,253,,,4,10,1,8,3,1,3,12,4,184,3,3,5,,9,3,5,20,8,58,8,4,15
439956,timor leste import,626,Timor-Leste,6912,"Vajilla y demás artículos de uso doméstico, higiene o tocador, de cerámica distinta de la porcelana (exc. bañeras, bidés, fregaderos y aparatos fijos simil.; estatuillas y demás objetos de adorno; cántaros, bombonas y recipientes simil. de transporte o envasado; molinos de café y de especias con recipientes de cerámica y parte operante de metal)",,,,,,,,,,,,,,,,,1,,,,,,,,8,3,18,4,,,23,6,5,26,70,47,19,2,21,46,11,59,111,86,168,102,134,307,118,33,,15,10,13,2,6,4,20,4,4,2,15,1,3,,7,1,4,8,6,2,4,1,11,,,22,4,3,19,4,2,,1,2,18,1,5,29,3,3,16,4,9,25,36,42,17
439956,timor leste import,626,Timor-Leste,7215,"Barras de hierro o acero sin alear, obtenidas o acabadas en frío, incl. trabajadas, u obtenidas en caliente y trabajadas, n.c.o.p.",,,,,,,,,,,,,,,,,,,,0,,10,,,,,,,,40,31,614,154,94,113,55,37,170,146,75,53,95,45,9,33,97,8,56,55,54,16,49,139,294,8,12,65,6,4,29,2,96,30,14,89,15,1,31,1,,17,2,3,,,2,3,,,,,1,,5,5,2,,5,7,1,3,1,19,12,13,11,,273
439956,timor leste import,626,Timor-Leste,7411,Tubos de cobre,,,,,,,,,,,,,,,,,,,,,,,,,,,,,,,,,,,1,6,11,,1,9,12,7,,,1,,,1,,1,1,,,3,13,,,,44,17,,,1,,19,,1,8,1,,,10,,,,25,,,21,,50,,3,6,28,29,3,5,,8,1,13,,,2,,38,1
439956,timor leste import,626,Timor-Leste,7607,"Hojas y tiras, delgadas, de aluminio, incl. impresas o fijadas sobre papel, cartón, plástico o soportes simil., de espesor <= 0,2 mm, sin incluir el soporte (exc. hojas delgadas para el marcado a fuego de la partida 3212, así como las hojas y tiras delgadas que constituyan accesorios par árboles de Navidad)",,,,,,,,,,,,,32,2,,,1,,,,,,,,,,1,,,,13,5,1,1,,,,10,16,5,1,0,3,2,4,5,2,,10,2,2,2,5,,18,23,3,7,2,9,6,16,6,21,8,9,16,6,11,2,6,27,10,2,4,3,14,5,6,14,10,3,15,2,1,2,7,5,,6,4,13,,11,3,6,,2
439956,timor leste import,626,Timor-Leste,8432,"Máquinas, aparatos y artefactos agrícolas, hortícolas o silvícolas, para la preparación o el trabajo del suelo o para el cultivo (exc. aparatos para proyectar, dispersar o pulverizar materias líquidas o en polvo); rodillos para césped o terrenos de deporte; sus partes",,,,,,,,,26,,,,,,,,,,,,,22,13,,20,20,132,1407,9,12,3,2363,52,15,8,15,19,16,1,2,13,0,4,125,63,57,33,8,113,12,150,5,18,4,2,24,5,8,180,15,73,18,8,117,11,6,1,7,29,4,12,91,19,6,4,14,96,24,3,2,63,9,5,15,9,24,13,5,55,156,136,51,137,109,119,39,16,14
439956,timor leste import,626,Timor-Leste,8546,Aisladores eléctricos de cualquier materia (exc. piezas aislantes),,,,,,,,,,,,,,,,,,,,,,,,,,,,,,,,,,30,13,274,287,53,677,233,37,36,25,57,47,24,39,13,142,28,13,12,19,17,7,9,7,,,12,17,22,2,27,,,129,3,,,,,,,,,,,,,,18,20,23,3,,13,5,2,8,,2,9,81,611,38,,6
439956,timor leste import,626,Timor-Leste,8906,"Barcos, incl. los navíos de guerra y barcos de salvamento (exc. barcas de remo y otros barcos de las partidas 8901 a 8905, así como barcos para desguace)",,,,,,,,,,,,,,,,,,,,,,,0,,,,0,,227,,,,,,,,,,,,,,,,,,,,,,,,,,,,,,,1,,,,,25,,12,,,,,9,,,,,,249,,,,,32,19,4,44,14,5,,,3,1,50,,,27,,9
439956,timor leste import,626,Timor-Leste,9011,"Microscopios ópticos, incl. para fotomicrografía, cinefotomicrografía o microproyección (exc. microscopios binoculares para oftalmología, así como instrumentos y aparatos de la partida 9031)",,,,,,,,,,,,,,,,,,,,,,,,,,,,,,,1,,5,,8,,,,,,5,,3,3,,,,,,49,,13,,,,,,,5,109,,,,,,,,,,,,,,1,,,,,1,,,,,,,,,5,,,1,,,,2,1,4,1
439956,timor leste import,626,Timor-Leste,0204,"Carne de ovinos o caprinos, fresca, refrigerada o congelada",,,,,,,,,14,7,11,10,14,36,1,1,,2,2,1,2,2,1,3,1,4,1,1,,2,4,2,,2,3,7,23,13,59,31,26,54,34,7,22,20,7,29,45,43,27,43,18,12,26,28,2,8,1,18,1,44,9,29,,35,,15,2,2,6,2,1,6,8,7,11,17,11,20,12,36,6,10,23,19,4,4,4,,1,15,7,,,151,4,
439956,timor leste import,626,Timor-Leste,0708,"Hortalizas de vaina, incl. ""silvestres"", aunque estén desvainadas, frescas o refrigeradas",,,,,,,,,,,,,,,,,,,,,,,,,,,,,,,11,,,,,,1,,1,,1,,,,,1,1,1,1,,2,,3,,,,1,3,,,,,,,,,,,,,,1,,,1,6,1,3,1,14,2,9,7,1,1,7,18,4,,1,,,,,,1,,1
439956,timor leste import,626,Timor-Leste,0908,"Nuez moscada, macis, amomos y cardamomos",,,,,,,,,,,,,,,,,,,,,,,,,,,,,,,,,,,,,,,,5,,0,1,3,,,,,,,,1,,,,,,,,,,,,1,,,,,,,,,,,,,1,,1,2,1,1,1,2,1,3,2,4,,5,1,2,2,,3,,1,
439956,timor leste import,626,Timor-Leste,1104,"Granos de cereales mondados, aplastados, en copos, perlados, troceados, quebrantados o trabajados de otra modo, así como germen de cereales entero, aplastado en copos o molido (exc. harina de cereales y arroz mondado y aplastado total o parcialmente, así como arroz partido)",,,,,,,,,,,,,,,,,,,,,,,,,,,,,,,1,,,14,,,1,,6,3,6,4,1,5,2,,3,1,3,,1,6,1,,,6,6,2,5,2,,1,1,1,,1,,1,,,1,5,,,2,7,9,,,7,10,9,8,60,37,12,8,4,9,13,27,7,1,,,2,2,
439956,timor leste import,626,Timor-Leste,1108,Almidón y fécula; inulina,,,,,,,,,,,,,,,,,,,,,,,,,,,,,,,,,,,,,,1,,,,0,4,1,0,0,1,1,1,,3,1,,,,3,4,3,3,7,11,3,12,5,5,2,4,1,,,5,,9,1,1,4,2,3,5,1,5,,2,3,2,4,2,4,3,2,4,3,2,3,2,1,2,
439956,timor leste import,626,Timor-Leste,1512,"Aceites de girasol, cártamo o algodón, y sus fracciones, incl. refinados, sin modificar químicamente",,,,,,,,,,,,,,,,,,,,,,,,,,,,,,,,,,,,,,3,,,,2,1,9,,,12,,1,,17,1,,,,,,3,,,,1,,1,11,2,,,,,3,5,1,5,,1,1,6,4,5,6,,,,4,16,,4,,3,,3,4,1,8,2,3,
439956,timor leste import,626,Timor-Leste,2206,"Sidra, perada, aguamiel y demás bebidas fermentadas; mezclas de bebidas fermentadas y mezclas de bebidas fermentadas y bebidas no alcohólicas, n.c.o.p. (exc. cerveza, vino de uvas, mosto de uvas, vermut y demás vinos de uvas frescas preparados con plantas o sustancias aromáticas)",,,,,,,,,2,,,1,6,1,1,,1,,2,,,,2,1,,,,16,4,24,5,19,11,3,1,2,,2,4,1,4,6,1,18,1,105,60,21,9,27,56,50,40,4,27,19,26,9,13,,38,3,17,26,35,,23,,3,1,1,,1,,8,5,2,,4,8,4,,1,,1,,,4,,,4,,,,1,,1,
439956,timor leste import,626,Timor-Leste,2842,"Sales de los ácidos o peroxoácidos inorgánicos, incl. los aluminosilicatos, incl. de constitución química no definida (exc. de los ácidos oxometálicos o peroxometálicos, así como los aziduros ""azidas"" y compuestos inorganicos u organicos de mercurio)",,,,,,,,,,,,,,,,,,,,,,,,,,,,,,,,,,,,,,,,,,,,,,,,,,,,,,,,,,,,,,,,,,,,,,,,,,,,,,,,,,,,,,,,4,,,,,,,,,,
439956,timor leste import,626,Timor-Leste,2933,Compuestos heterocíclicos con heteroátomo/s de nitrógeno exclusivamente,,,,,,,,,,,,,,,,,,,,,,7,,,,,,,,,,28,,,,,,,,,0,,,,,0,,,,,,,,,,1,,,,,1,1,428,,,,,,,,,,,,,15,,,,,,21,13,,5,,,4,,6,29,,10,,4,26,5,
439956,timor leste import,626,Timor-Leste,3814,"Disolventes y diluyentes orgánicos compuestos, n.c.o.p.; preparaciones para quitar pinturas o barnices (exc. disolventes para barnices de uñas)",,,,,,,,,,,,,,,,1,,,,,,,,,2,2,1,9,6,12,8,4,3,2,2,1,2,5,4,1,2,2,1,5,0,9,2,1,7,,,2,1,1,1,1,2,3,,8,2,2,2,10,4,7,5,1,4,9,1,4,,12,1,10,6,4,3,19,5,7,2,5,10,11,21,4,13,27,24,6,18,2,26,55,49,11
439956,timor leste import,626,Timor-Leste,4015,"Prendas de vestir, guantes, mitones y manoplas y demás complementos ""accesorios"" de vestir, para cualquier uso, de caucho vulcanizado sin endurecer (exc. calzado, artículos de sombrerería y sus partes)",,,,,,,,,,,,,,,,,,,76,77,78,,5,,1,11,,,7,151,5,,,1,,33,,26,11,8,0,13,1,30,0,0,2,,,26,25,,2,,29,52,3,,,65,24,29,8,67,,6,18,51,6,1,49,1,29,20,64,33,75,136,85,205,43,245,175,107,59,22,4,4,17,5,21,32,6,10,2,103,16,24
439956,timor leste import,626,Timor-Leste,4201,"Artículos de talabartería o guarnicionería para todos los animales, incl. los tiros, traíllas, rodilleras, bozales, sudaderos, alforjas, abrigos para perros y artículos simil., de cualquier materia (exc. arneses para niños o adultos, así como los látigos, fustas y demás artículos de la partida 6602)",,,,,,,,,,,,,,,,,,,,,,,,,,,,,,,,,,7,,,1,,,,,,,,1,,4,,,,3,1,1,,12,12,1,1,1,9,2,4,2,1,2,,1,1,,4,6,9,1,2,7,3,,5,2,9,19,1,9,3,2,4,9,4,5,6,10,25,11,5,15,6,2,11
439956,timor leste import,626,Timor-Leste,5204,"Hilo de coser de algodón, incl. acondicionado para la venta al por menor",,,,,,,,,,,,,,,,,,,,,,,,,5,1,2,,3,1,7,7,5,3,9,8,7,5,6,8,4,4,5,3,3,2,3,1,2,2,11,3,9,1,3,2,1,,,1,2,1,2,1,1,1,1,4,3,1,4,3,1,5,2,1,1,4,11,2,5,5,12,3,5,16,4,4,3,4,20,6,8,17,11,7,8,13
439956,timor leste import,626,Timor-Leste,6207,"Camisetas interiores, calzoncillos, incl. los largos y los ""slips"", camisones, pijamas, albornoces de baño, batas y artículos simil., para hombres o niños (exc. de punto)",,,,,,,,,,,,,,,,11,,,,,,,,,,,,,1,6,,,,,8,,,,,2,1,1,1,1,1,0,1,,,25,,,,4,1,,3,2,,,2,5,2,32,,,1,,,,46,1,,,2,,1,3,3,7,5,1,1,1,2,1,4,4,,5,,6,1,1,1,,,
439956,timor leste import,626,Timor-Leste,6905,"Tejas, elementos de chimenea, conductos de humo, ornamentos arquitectónicos u artículos simil., de cerámica, de construcción (exc. de harinas silíceas fósiles o de tierras silíceas análogas, piezas cerámicas de construcción refractarias, así como tubos y demás piezas de construcción para canalizaciones y usos simil.)",,,,,,,,,,,,,,,,,,,,,,,,,,,,1,,6,9,14,9,13,2,2,21,5,20,15,12,1,0,0,15,13,5,,2,5,2,25,8,38,9,16,23,45,1,,5,4,4,1,1,24,2,,,5,,,,,,3,,2,,7,14,18,2,6,3,32,,4,,38,24,6,5,24,102,2,,3
439956,timor leste import,626,Timor-Leste,7609,"Empalmes ""rácores"", codos, manguitos y demás accesorios de tuberías, de aluminio",,,,,,,,,,,,,,,,,,,,,,,7,,,,,,,,,,2,1,,,,,,,1,1,,4,0,8,,2,1,18,,3,,,3,11,5,8,5,,1,1,,,1,2,,1,,3,,,,,,1,2,,,4,,6,5,6,3,,,4,,,4,5,,3,,,,
439956,timor leste import,626,Timor-Leste,8007,"Manufacturas de estaño, n.c.o.p.",,,,,,,,,,,,,,,,,,,,,,,,,,,,,,,,,,,,,,,,,,,,,6,5,7,16,,3,,3,5,,3,4,6,,,4,2,1,,2,,3,1,,,,1,1,,7,3,2,,,7,6,15,4,,,5,5,10,4,1,,,,1,2,,,,
439956,timor leste import,626,Timor-Leste,8305,"Mecanismos para encuadernación de hojas intercambiables o para clasificadores, sujetadores, cantoneras, clips, índices de señal y artículos simil. para oficina, de metal común (exc. chinchetas ""chinches"" y cierres o manecillas para libros o registros); grapas en tiras, de oficina, tapicería, envase y demás, de metal común",,,,,,,,,,,,,1,,,,,,,,,,,,40,21,13,22,53,50,59,42,114,17,8,29,20,14,21,5,14,7,9,11,3,3,3,8,7,17,24,34,11,7,10,42,4,8,4,2,3,4,1,3,3,4,1,,1,5,3,2,1,,2,1,8,6,,7,1,5,11,2,2,2,6,4,4,11,6,5,4,7,3,11,9,8
439956,timor leste import,626,Timor-Leste,8403,"Calderas para calefacción central, no eléctricas y sus partes (exc. calderas de vapor y calderas denominadas ""de agua sobrecalentada"" de la partida 8402)",,,,,,,,,,,,,,,,,,,,,,,,,,,,,,,,,1,,,,,,,,,,0,,,47,,,,,1,,,,,,,,,,,,,,,,,,,,,,,,,,,,,,,,,,,,,4,,,,,,,,,,
439956,timor leste import,626,Timor-Leste,8433,"Máquinas, aparatos y artefactos de cosechar o trillar, incl. las prensas para paja o forraje; cortadoras de césped y guadañadoras; máquinas para limpieza o clasificación de huevos, frutas o demás productos agrícolas; sus partes (exc. para limpieza o clasificación de semillas, granos o legumbres secas de la partida 8437)",,,,,,,,,2,2,,2,,,,,,,,,,,,20,,,4,3,,,40,8,37,,,1,,1,103,2,36,6,0,1,1,105,3,7,32,37,40,65,70,7,10,22,43,15,112,8,15,8,63,40,5,60,4,18,19,4,8,44,,1,4,1,3,54,19,6,55,28,7,11,14,20,7,4,35,167,98,30,166,164,73,7,19,22
439956,timor leste import,626,Timor-Leste,8459,"Máquinas, incl. las unidades de mecanizado de correderas, de taladrar, fresar o roscar ""incl. aterrajar"" metal por arranque de materia (exc. los tornos, incl. los centros de torneado, de la partida 8458, máquinas para tallar engranajes de la partida 8461 y máquinas accionadas manualmente)",,,,,,,,,,,,,,,,,,,,,9,,,,,,0,13,,,10,,,,1,1,8,,,10,0,1,1,1,1,0,,4,54,152,3,7,7,8,28,,11,,370,14,,1,3,9,6,,2,,1,2,2,,1,,2,1,2,,5,1,,10,12,3,,1,19,4,,12,6,6,34,7,12,4,1,1
439956,timor leste import,626,Timor-Leste,8534,Circuitos impresos,,,,,,,,,,,,,,,,,,,13,,,,,,6,,,,0,0,,12,,,,,0,5,1,,,,,,,,0,,,,,,,3,,,,7,,,24,26,4,,1,,,,,,7,3,,,,,,,,180,,,,,115,,7,4,,,3,,,,,10,2,
439956,timor leste import,626,Timor-Leste,8713,"Sillones de ruedas y demás vehículos para inválidos, incl. con motor u otro mecanismo de propulsión (exc. automóviles y ciclos con mecanismos especiales)",,,,,,,,,,,,,,,,,,1,,,,,23,,,,,6,,,,,,,,,,2,,1,,,,0,0,16,,,1,,1,,30,66,,5,,1,4,1,,,,,,,1,1,33,,,20,,,,,,,,,134,,,,1,4,11,4,5,4,,139,17,12,2,1,4,1
439956,timor leste import,626,Timor-Leste,9201,"Pianos, incl. automáticos, clavecines y demás instrumentos de cuerda con teclado",,,,,,,,,,,,,,,,,,,,,,,,,,,,1,,,,,1,1,,5,,2,,,0,0,0,1,2,,1,,1,,,1,,2,,,1,,,1,2,,1,,1,1,2,1,,2,1,2,1,1,1,2,4,2,1,4,2,4,5,6,5,17,5,4,4,5,12,3,3,1,2,1,1,1
439956,timor leste import,626,Timor-Leste,0603,"Flores y capullos, cortados para ramos o adornos, frescos, secos, blanqueados, teñidos, impregnados o preparados de otra forma",,,,,,,,,,,,,,,,,,,,,,,,,,,,,,,,,,,,,2,,,1,1,,,,,,,,1,,,,,,,,,,,,,,,,,,,,,,,,,,,10,,,1,11,7,4,2,5,,,,3,,5,25,69,41,61,34,29,19,33
439956,timor leste import,626,Timor-Leste,0710,"Hortalizas, incl. ""silvestres"", aunque estén cocidas en agua o vapor, congeladas",,,,,,,,,57,108,39,43,13,29,44,21,23,8,11,31,35,16,18,26,121,10,,,,,,,,,1,,21,32,47,27,75,43,32,36,57,58,103,13,8,44,28,21,3,29,7,27,160,24,10,3,25,31,28,34,,5,22,4,15,4,25,20,1,16,11,4,12,30,29,5,23,11,12,19,10,23,29,3,19,8,30,26,19,39,39,18,19,35
439956,timor leste import,626,Timor-Leste,1516,"Grasas y aceites animales, vegetales o microbianos, y sus fracciones, parcial o totalmente hidrogenados, interesterificados, reesterificados o elaidinizados, incluso refinados, pero sin preparar de otro modo",,,,,,,,,,,,,,,,,,,,,,,,,,,,,,,,,1,14,23,19,10,,4,13,2,0,4,1,,38,3,,1,3,,,,,,,9,,11,,5,6,,1,4,,,2,,,,2,,,,,,,,1,1,,1,4,1,,4,3,,,1,1,2,10,2,2,4,9
439956,timor leste import,626,Timor-Leste,2302,"Salvados, moyuelos y demás residuos del cernido, de la molienda o de otros tratamientos de los cereales o de las leguminosas, incl. en ""pellets""",,,,,,,,,,,,,,,,,,,,,,,,,,,,,,,,2,51,,,,2,,,,,0,64,,0,,,,,,,,,,,,1,,,,,,,,,10,,,,,,,,,,,,,,,,,,,,,,3,,,,,1,,,,1,
439956,timor leste import,626,Timor-Leste,2844,"Elementos químicos radiactivos e isótopos radiactivos, incl. los elementos químicos e isótopos fisionables o fértiles, y sus compuestos; mezclas y residuos que contengan estos productos",,,,,,,,,,,,,,,,,,,,,,,,,,,,,,4,,,,,,30,,,,,0,,,,,,,,,17,,,,,,,,,,,7,,,,,,10,,,,,3,3,10,,,1,1,7,,,,1,6,,,,3,,,,,4,4,,,,
439956,timor leste import,626,Timor-Leste,2853,"Fosfuros, ya sea de constitución química definida (exc ferrofósforos.); compuestos inorgánicos, incl. agua destilada o agua de conductividad y grado de pureza, nes; aire líquido, ya sea o no gases nobles se han eliminado, ncop; aire comprimido; amalgamas (excl. amalgamas de metal precioso)",,,,,,,,,,,,,,,,,,,,,,,,,,,,,,,,,,,,,,,,,,,0,2,0,0,1,1,,,,,,,2,2,3,3,10,2,2,4,,1,3,,7,,,,1,36,39,47,24,11,9,3,2,1,1,1,1,6,11,13,17,3,14,2,7,5,2,14,2,2,1,
439956,timor leste import,626,Timor-Leste,3003,"Medicamentos constituidos por productos mezclados entre sí, preparados para usos terapéuticos o profilácticos, sin dosificar ni acondicionar para la venta al por menor (exc. productos de las partidas 3002, 3005 ó 3006)",,,,,,,,,2,,,,,,,,4,,,,,,18,3,3,2,3,,54,8,33,8,29,4,238,2,15,155,94,,,,810,214,1,5,1593,1871,12,1839,8,203,,,11,231,,5,9,680,6,12,28,14,1,9,16,,7,2,,5,1,7,1,33,14,18,12,3,2,6,4,5,8,16,1,3,43,35,49,44,20,11,3,2,,
439956,timor leste import,626,Timor-Leste,3812,"Aceleradores de vulcanización preparados; plastificantes compuestos para caucho o plástico, n.c.o.p.; preparaciones antioxidantes y demás estabilizantes compuestos para caucho o plástico",,,,,,,,,,,,,,,,,,,,,,,,,,,,,,,,,,,,,5,,,,0,,,0,8,,,,,,,,,,,,,,,,,,,,,3,,,1,2,,1,,,,1,,,,,,,,2,,,,3,,,,1,,,,,,
439956,timor leste import,626,Timor-Leste,4407,"Madera aserrada o desbastada longitudinalmente, cortada o desenrollada, incl. cepillada, lijada o unida por los extremos, de espesor > 6 mm",,,,,,,,,,,26,17,5,,42,16,11,,,8,7,3,85,66,,,6,0,0,0,3,10,,9,108,11,0,31,6,1,,,7,7,,,21,,,,,7,,10,5,,,,37,,,,,,,,,,,,,,,,,,,,,,,18,6,5,,,,3,,,,,,,,,37,
439956,timor leste import,626,Timor-Leste,4414,"Marcos de madera para cuadros, fotografías, espejos u objetos simil.",,,,,,,,,,,,,,,,,,,,,,,,3,,,,,,,,,,,,,,,,,0,0,0,,,,,,,,,,,3,,,1,,,,,,,,,,,,1,,,,,,4,1,1,1,1,1,2,1,2,3,8,2,2,3,3,,1,1,,,3,1,2,4
439956,timor leste import,626,Timor-Leste,4909,"Tarjetas postales, impresas o ilustradas; Tarjetas impresas con felicitaciones o comunicaciones personales, incl. con ilustraciones, adornos o aplicaciones, o con sobres (exc. tarjetas postales, impresas o ilustradas)",,,,,,,,,,,,,,,,1,,,,1,,,,1,,,,,,,,,,,,2,,,,,,,,,,,,,,,,,,,,,,3,,1,,,,,,,4,,6,,,2,,1,1,,,,,1,,,1,6,,,3,3,1,7,3,2,1,1,1,,1,
439956,timor leste import,626,Timor-Leste,5205,"Hilados de algodón distintos del hilo de coser, con un contenido de algodón >= 85% en peso (exc. acondicionados para la venta al por menor)",,,,,,,,,,,,,,,,,,,,,,,,,,,,,,,,,,,,,,,,,,,0,0,,0,,,,,,,,,,,,,,,,,,,,,,,,,,,,,14,,,10,,,,,,,11,,,3,4,,,,,,,8,,
439956,timor leste import,626,Timor-Leste,5207,"Hilados de algodón, acondicionados para la venta al por menor (exc. hilo de coser)",,,,,,,,,,,,,,,,,,,,,,,,,,,,,,,,,,,3,,,,,,,,,,,,,,,,,,,,,,1,,1,1,1,,,1,1,1,1,1,1,,,1,1,3,2,1,2,2,1,3,1,2,3,2,5,3,5,3,4,2,1,1,7,2,6,10,6,11
439956,timor leste import,626,Timor-Leste,5401,"Hilos de coser de filamentos sintéticos o artificiales, incl. acondicionados para la venta al por menor",,,,,,,,,,,,,,,,,,,,,,,,,,,,,,,,,,,1,,,,,,0,1,0,,,0,,,3,,1,,,,2,,1,,3,,1,1,3,1,2,1,1,3,4,2,2,4,3,3,15,14,9,14,10,3,5,41,1,,5,7,6,3,1,,,8,7,9,,8,10,6
439956,timor leste import,626,Timor-Leste,5402,"Hilados de filamentos sintéticos, incl. los monofilamentos sintéticos de título < 67 decitex (exc. hilos de coser e hilados acondicionados para la venta al por menor)",,,,,,,,,,,,,,,,,,,1,,165,,135,74,,,,,,,,,,,,,,,,,0,0,17,0,,,1,,,,1,1,4,,,,,,,2,,,9,2,5,,4,6,6,1,6,1,,,2,,,1,1,2,1,2,2,1,2,4,4,3,2,1,29,1,3,1,6,3,8,1
439956,timor leste import,626,Timor-Leste,5404,"Monofilamentos sintéticos de título >= 67 decitex y cuya mayor dimensión de la sección transversal sea <= 1 mm; paja artificial, tiras y formas simil., de materia textil sintética, de anchura aparente <= 5 mm",,,,,,,,,,,,,,,,,,,,,,,,,,,,,,,,,,,,,,,,,,,,,,,,,,1,,,,,,,,,,,,,1,,1,,1,4,,3,3,11,11,4,17,7,4,,38,11,7,4,20,19,5,2,19,3,7,1,15,24,,8,1,2,20,7
439956,timor leste import,626,Timor-Leste,5804,"Tules, tules-bobinot y tejidos de mallas anudadas; encajes en pieza, en tiras o en aplicaciones (exc. productos de las partidas 6002 a 6006)",,,,,,,,,,,,,,,,,,,,,,,3,,,,,5,,,,,,,,,,,,,,,,0,,34,,2,1,8,,,,,2,,,,,,6,1,1,,,,,,3,,5,1,,,,,,,,,1,1,3,1,4,2,1,3,6,4,2,2,3,6,2,1,2,11
439956,timor leste import,626,Timor-Leste,6101,"Abrigos, chaquetones, capas, anoraks, cazadoras y artículos simil., de punto, para hombres o niños (exc. trajes o ternos, conjuntos, chaquetas ""sacos"", incl. los ""blazer"", y pantalones)",,,,,,,,,,,,,,,,,,,,,,,,,,,,,,,,,,,,,,,1,2,7,11,,,3,0,,,,,,,,,,,,,,,,2,,,,,,18,,,,,,,5,2,2,3,4,3,4,4,3,11,4,5,4,3,4,3,3,4,3,3,2,1,1,3
439956,timor leste import,626,Timor-Leste,6113,"Prendas de vestir confeccionadas con tejidos de punto, cauchutados o impregnados, recubiertos o revestidos con plástico u otra materia (exc. prendas para bebés y complementos ""accesorios"" de vestir)",,,,,,,,,,,,,,,,,,,,,,,,,,,,,,,,,,,,,,,,6,0,0,,0,,,,,,,,,,,,,,,,1,,,,,,2,5,,4,,,,,,,,3,,3,,,,,1,,3,12,3,,,,,,,,,,
439956,timor leste import,626,Timor-Leste,6406,"Partes de calzado, incl. las partes superiores fijadas a las palmillas distintas de la suela; plantillas, taloneras y artículos simil., amovibles; polainas, botines y artículos simil., y sus partes (exc. artículos de amianto ""asbesto"")",,,,,,,,,,,,,,,,,,,,,,,,,,,,27,5,,31,13,5,1,15,1,,7,,,4,20,6,2,3,2,4,38,34,35,52,81,27,29,39,38,,2,,1,,1,,1,2,1,,,1,2,7,15,51,,8,13,,,3,1,1,1,3,3,3,,1,3,59,32,2,6,1,7,1,2,18,
439956,timor leste import,626,Timor-Leste,6704,"Pelucas, barbas, cejas, pestañas, mechones y artículos análogos, de cabello, pelo o materia textil, así como manufacturas de cabello, n.c.o.p.",,,,,,,,,,,,,,,,,,1,1,,,,,1,,,,,,,,,,3,9,6,,1,,,0,72,1,1,0,,,,,,1,,,,,,,,,1,,,,,,2,1,2,1,,,4,,,5,1,2,,11,2,4,2,7,13,1,2,3,3,3,3,3,9,4,6,20,17,30,31
439956,timor leste import,626,Timor-Leste,7002,"Vidrio en bolas, barras, varillas o tubos, sin trabajar (exc. microesferas de vidrio con un diámetro <= 1 mm, así como bolas de vidrio con características de juguete)",,,,,,,,,,,,,,,,,,,,,,,,,,,,,,,,,,,,,,,,,0,0,0,0,1,0,,,,,,,,,,,,,,,1,,,,,1,2,,,,,,1,,1,,2,,,4,3,1,5,2,15,6,21,3,22,8,14,12,7,23,6,7,4,13
439956,timor leste import,626,Timor-Leste,7207,Productos intermedios de hierro o acero sin alear,,,,,,,,,,,,,,,,,,,,,,,,,,,,,,61,,,,,,,,,,,0,,,62,,,,,1,2,2,,13,8,3,2,4,6,6,6,2,,,2,,,,,,,,,,,,,,,,,,,,1,,,,3,,,,,,2,,,5,
439956,timor leste import,626,Timor-Leste,7220,"Productos laminados planos de acero inoxidable, de anchura < 600 mm, laminados en frío o en caliente",,,,,,,,,,,,,,,,,0,,,,,,,,,,,,,,,,,,,,,,7,,1,,,,,0,,,1,,,10,1,,,,16,3,5,35,6,10,1,10,32,3,6,5,,,,,,,,,,,,,1,,,,,,,3,,4,,,,,7,,,
439956,timor leste import,626,Timor-Leste,7415,"Puntas, clavos, chinchetas ""chinches"", grapas apuntadas y artículos simil., de cobre, o con espiga de hierro o acero y cabeza de cobre; tornillos, pernos, tuercas, escarpias roscadas, remaches, pasadores, clavijas, chavetas y arandelas, incl. las arandelas de muelle ""resorte"", y artículos simil., de cobre (exc. clavos-tornillo, tapones metálicos roscados y sobretapas roscadas)",,,,,,,,,,,,,,,,,,,,,,,,,,,,,,,,,,1,8,2,1,10,3,34,14,66,31,25,8,3,40,3,5,2,6,18,12,7,1,9,13,12,5,1,8,4,3,6,3,5,4,3,8,5,2,6,2,,1,,,1,6,1,16,1,3,3,2,4,6,3,2,2,17,4,4,15,2,9,6,2
439956,timor leste import,626,Timor-Leste,8307,"Tubos flexibles de metal común, incl. con sus accesorios",,,,,,,,,,,,,,,,,,,,,,,,,,,,,,,,,,,,,,1,,10,1,,,0,,,,,,13,,,,,,,,,,4,,,,2,4,,2,,,,1,4,,2,3,6,4,2,28,1,,,92,2,179,10,34,3,5,6,16,14,18,59,97,26,1,5
439956,timor leste import,626,Timor-Leste,8411,"Turborreactores, turbopropulsores y demás turbinas de gas y sus partes",,,,,,,,,,,,,,,,4,11,7,,16,6,6,,0,0,,,,0,,,,,,,,,2,,2,,,,,,,,,,738,1007,1425,,83,43,14,,64,144,15,155,351,195,,,,10,24,,,,,14,,,110,,,,,13,,,,3,2,,3,,85,1100,35,7,20,6,163,11,1
439956,timor leste import,626,Timor-Leste,8441,"Máquinas y aparatos para el trabajo de la pasta de papel, del papel o cartón, incl. las cortadoras de cualquier tipo, n.c.o.p.; sus partes",,,,,,,,,,,,,6,,,,2,,,,,,,,,,,,,,3,,7,1,1,3,1,,12,1,5,1,4,0,1,2,3,2,,,3,3,,,2,3,,12,2,,3,,,1,1,1,,1,,7,17,1,2,,,1,4,,,1,,,3,6,18,2,1,3,2,2,8,6,2,4,98,278,1,1
439956,timor leste import,626,Timor-Leste,8451,"Máquinas y aparatos (exc. las máquinas de la partida 8450) para lavar, limpiar, escurrir, secar, planchar, prensar, incl. las prensas para fijar, blanquear, teñir, aprestar, acabar, recubrir o impregnar hilados, telas o manufacturas textiles y máquinas para el revestimiento de telas u otros soportes utilizados en la fabricación de cubresuelos, tales como linóleo; máquinas para enrollar, desenrollar, plegar, cortar o dentar las telas; sus partes",,,,,,,,,,,,,,,,43,,25,,,,,,,8,15,48,30,83,62,52,33,41,15,13,46,21,24,32,6,9,6,5,19,20,8,332,23,4,12,3,20,,7,2,1,200,,1,,,7,2,,15,2,1,,,1,,3,,2,3,,,2,1,34,7,8,,,2,,,3,2,2,4,,18,94,12,8,1,
439956,timor leste import,626,Timor-Leste,8460,"Máquinas de desbarbar, afilar, amolar, rectificar, rodar, pulir o hacer otras operaciones de acabado de metal o cermet, mediante muelas, abrasivos o productos para pulir (excl. tallado de engranajes, molienda o acabar engranajes de máquinas de la partida 8461 y máquinas para trabajar en la mano)",,,,,,,,,,,,,,,,,,,,,,1,,,,,,1,85,,,,,1,,60,,,,5,0,0,3,1,11,32,1,1,1,,18,5,4,1,5,10,2,10,8,6,15,2,6,4,4,6,2,5,4,7,9,11,1,2,8,1,5,1,22,9,2,5,8,12,11,11,195,3,5,1,3,32,31,6,3,3,3,27
439956,timor leste import,626,Timor-Leste,8907,"Balsas, depósitos, cajones, incl. de amarre, boyas, balizas y demás artefactos flotantes (exc. barcos de las partidas 8901 a 8905, así como artefactos flotantes para desguace)",,,,,,,,,,,,,27,,,,10,,,,,13,11,6,,,11,,13,,,2,,,2,1,2,,8,,1,24,1,13,49,97,,22,6,4,55,30,6,63,33,,,1,18,,,5,60,,154,,6,20,14,,,4,14,,29,3,,,70,539,7,178,126,3,16,12,17,3,136,58,51,,2,69,12,11,21,2
439956,timor leste import,626,Timor-Leste,9101,"Relojes de pulsera, bolsillo y simil., incl. los contadores de tiempo de los mismos tipos, con caja de metal precioso o chapado de metal precioso ""plaqué"" (exc. con fondo de acero)",,,,,,,,,,2,,,,,,,,,,,,,,,,,,,,,,,,,,,,,,,,0,,12,0,,,,,12,,,,,,4,5,,,11,,,,,3,,,,,,,,,,1,2,1,1,1,2,2,1,1,3,3,4,3,3,3,8,2,2,2,6,4,4,3,4
439956,timor leste import,626,Timor-Leste,9508,"Tiovivos, columpios, casetas de tiro y demás atracciones de feria; circos, zoológicos y teatros, ambulantes (exc. instalaciones de feria para la venta de determinadas mercancías; artículos ofrecidos como premio; juegos activados con monedas, billetes de banco, fichas o demás artículos similares; tractores y demás vehículos de transporte, incl. remolques)",,,,,,,,,,,,,,41,,,,,,,,,,,,,,,,,,,3,,,,,,,,0,0,0,0,0,,,,,,,,,,,,,2,,,,,2,,,,,,,96,,,,,34,,,,,,,,,,,3,3,3,,,,,,,,,33,21
439956,timor leste import,626,Timor-Leste,0206,"Despojos de animales de las especies bovina, porcina, ovina, caprina, caballar, asnal o mular, comestibles, frescos, refrigerados o congelados",,,,,,,,,,,,,,,,,,,,,,,,,,,,,,,,,,,,,15,5,11,13,14,17,12,13,7,30,18,9,5,21,41,6,5,5,2,,4,2,,2,4,1,3,1,,7,1,1,1,3,2,2,11,1,5,3,3,1,9,8,,6,7,3,3,8,114,2,,,,,1,,1,41,,
439956,timor leste import,626,Timor-Leste,0301,Peces vivos,,,,,,,,,,,,,,,,19,2,,,,,1,,,,,,,,,,,10,1,,,,6,1,11,4,3,2,1,2,1,1,2,1,2,4,,23,2,4,8,,6,2,77,2,,,1,,1,,,,,,,,,,,,,,,,,,1,1,2,2,2,2,2,1,1,,,2,4,,
439956,timor leste import,626,Timor-Leste,0408,"Huevos de ave sin cáscara ""cascarón"" y yemas de huevo, frescos, secos, cocidos en agua o vapor, moldeados, congelados o conservados de otro modo, incl. con adición de azúcar u otro edulcorante",,,,,,,,,,,,,,,,,,,,,,,,,,,,,,,,,,,,,,,,,,,,,,,,,,,,,,,,,,,,,,,,,,,,,,,,,,,,,,,,,,,,,,1,,2,,,,,,,,17,,
439956,timor leste import,626,Timor-Leste,0707,"Pepinos y pepinillos, frescos o refrigerados",,,,,,,,,6,3,1,1,1,,,,,3,9,3,3,5,8,4,8,10,9,5,4,4,6,10,6,6,5,8,9,8,12,5,6,11,4,1,,,,,,,,,,,,,,,,,,,,,,,,,,,,,,,,,,,,,,,,,,,3,2,,,2,3,1,2,5,4,1,2
439956,timor leste import,626,Timor-Leste,0714,"Raíces de mandioca ""yuca"", de arrurruz o de salep, aguaturmas ""patacas"", batatas ""boniatos, camotes"" y raíces y tubérculos simil. ricos en fécula o en inulina, frescos, refrigerados, congelados o secos, incl. troceados o en ""pellets"", así como médula de sagú",,,,,,,,,1,1,,,,,,,,,,,,,,,,,,,,,,,,,1,,1,1,,,,,1,1,3,,1,1,1,,,,,1,,1,1,1,1,1,,0,2,1,1,,0,,,,,,2,3,,1,,2,2,1,1,1,2,1,1,1,3,2,1,4,3,16,5,3,4,2,4,1
439956,timor leste import,626,Timor-Leste,0801,"Cocos, nueces del Brasil y nueces de marañón [merey, cajuil, anacardo, ""cajú""], frescos o secos, incl. sin cáscara o mondados",,,,,,,,,,,,,,,,,,,,,,,,,0,,,,,,3,,,,,1,,,2,,2,9,26,2,1,7,,1,1,5,9,2,1,2,,9,2,9,,1,2,,,2,2,,1,4,1,1,1,,0,,11,2,1,,1,0,1,1,1,,2,4,1,2,3,2,1,2,1,5,3,1,9,
439956,timor leste import,626,Timor-Leste,0802,"Frutos de cáscara, frescos o secos, incl. sin cáscara o mondados (exc. cocos, nueces del Brasil y nueces de marañón [merey, cajuil, anacardo, ""cajú""])",,,,,,,,,1,1,,,,,,,,,,,,,,,,,,,,,,50,,,,,2,2,,,,11,1,0,1,1,,2,1,,5,1,4,6,,8,3,13,31,30,2,3,17,4,,2,3,3,,1,8,,,,2,1,2,,3,2,2,11,3,1,5,4,,2,1,2,2,,6,6,4,10,8,
439956,timor leste import,626,Timor-Leste,1106,"Harina, sémola y polvo de guisantes ""arvejas, chícharos"", garbanzos, judías, lentejas y otras hortalizas de vaina secas de la partida 0713, de sagú y de raíces de mandioca ""yuca"", arrurruz, salep, aguaturmas ""patacas"", batatas ""boniatos, camotes"" y tubérculos simil. ricos en fécula o en inulina de la partida 0714; harina, sémola y polvo de los productos del capítulo 8 ""frutos comestibles; cortezas de agrios ""cítricos"",  de melones o de sandías""",,,,,,,,,,,,,,,,,,,,,,,,,,,,,,,,,,,,,,1,16,,2,0,31,0,15,15,1,4,6,2,3,3,1,6,3,3,6,2,1,3,,2,5,2,3,1,1,1,2,2,4,14,16,10,18,6,6,8,9,4,17,,,4,,1,1,2,2,1,2,5,1,1,1,1,1,
439956,timor leste import,626,Timor-Leste,1404,"Productos vegetales, n.c.o.p.",,,,,,,,,,,,,,,,,,,,,,,,,,,,,,,,,,,,1,,,,,,,0,,,,,,,,,1,,1,,,,,,,,,,,,1,,,,,,,,,,,,,,,,,,,,2,,2,,2,,,,,,,,
439956,timor leste import,626,Timor-Leste,2001,"Hortalizas, incl. ""silvestres"", frutas u otros frutos y demás partes comestibles de plantas, preparados o conservados en vinagre o en ácido acético",,,,,,,,,,,,,,,,,,,,,,27,,,,,,,,,2,,,1,3,,,,,1,3,9,7,5,2,5,7,7,4,,7,2,,3,,1,3,2,2,3,,3,1,1,2,1,1,,,,1,,,1,1,,4,,2,2,1,,1,1,1,1,,2,,47,5,3,1,,3,1,3,
439956,timor leste import,626,Timor-Leste,2104,"Preparaciones para sopas, potajes o caldos; sopas, potajes o caldos, preparados; preparaciones para la alimentación infantil o para usos dietéticos que consistan en una mezcla finamente homogeneizada de varias sustancias básicas, tales como carne, pescado, legumbres u hortalizas o frutas, acondicionadas para la venta al por menor en envases con un contenido <= 250 g",,,,,,,,,,,,,,,,,,5,12,5,2,2,1,,29,7,4,4,3,5,93,11,2,35,13,30,30,29,5,5,15,2,1,69,2,12,3,35,1,5,2,8,,11,1,1,2,27,6,15,18,1,3,2,2,1,3,2,,,3,3,,,1,4,4,5,1,1,1,1,4,3,5,1,18,2,2,4,65,1,3,2,2,1,2,
439956,timor leste import,626,Timor-Leste,2801,"Flúor, cloro, bromo y yodo",,,,,,,,,12,,3,2,2,2,,,,,,,,,,,,1,,,,,,7,,3,,,1,,12,,,3,,,,4,,,,,,1,1,1,1,2,2,,2,1,,2,,,,,1,,1,1,3,1,3,,3,,4,5,,2,1,1,9,1,7,,3,2,5,3,1,,,,3,,5,3
439956,timor leste import,626,Timor-Leste,2845,"Isótopos no radiactivos; sus compuestos inorgánicos u orgánicos, aunque no sean de constitución química definida",,,,,,,,,,,,,,,,,,,,,,,,,,,,,,,,,,,,,,,,,,,,,,,,,,,,,,,,,,,,,,,,,,,,,,,,,,,,,,,,,,9,,,1,,,2,,,,,1,,,,,
439956,timor leste import,626,Timor-Leste,2903,Derivados halogenados de los hidrocarburos,,,,,,,,,,,,,,,,,,,,,,,,,1,,,,,,,,,3,,,,,,,,,,1,,2,,1,,,49,1,,,2,5,,,,,,,,,,,,,,,,,,1,,,1,1,,,,1,1,3,6,2,,2,1,6,5,1,1,11,5,2,18,71
439956,timor leste import,626,Timor-Leste,3203,"Materias colorantes de origen vegetal o animal, incl. los extractos tintóreos (exc. los negros de origen animal) de constitución química definida; preparaciones a base de materias de origen vegetal o animal, del tipo de las usadas para colorear cualquier materia o como ingredientes para fabricar preparaciones colorantes (exc. preparaciones de las partidas 3207 a 3210, 3212, 3213 y 3215)",,,,,,,,,,,,,,,,,,,,,,,,,,3,4,3,6,28,4,8,5,2,2,5,5,3,5,2,1,1,8,5,1,3,1,2,1,2,6,2,1,1,5,3,3,2,3,7,1,3,1,1,3,1,2,2,,4,18,9,5,,11,29,14,5,4,5,10,,4,1,1,5,4,2,4,1,1,2,,1,1,11,7,4
439956,timor leste import,626,Timor-Leste,3207,"Pigmentos, opacificantes y colores preparados, composiciones vitrificables, engobes, abrillantadores ""lustres"" líquidos y preparaciones simil., de los tipos utilizados en cerámica, esmaltado o en la industria del vidrio; frita de vidrio y demás vidrios, en polvo, gránulos, gránulos, copos o escamillas",,,,,,,,,,,,,,,,,,,,,,,,,,,,,,,6,3,1,1,1,1,1,3,1,1,0,0,39,54,6,4,2,6,,,6,,,1,,1,,3,13,,1,,,,,,,,,1,,1,1,,1,1,1,1,,1,,1,1,1,,4,2,2,4,,5,5,1,1,2,1,,
439956,timor leste import,626,Timor-Leste,3503,"Gelatinas, aunque se presenten en hojas cuadradas o rectangulares, incl. trabajadas en la superficie o coloreadas, y sus derivados; ictiocola; otras colas de origen animal (exc. acondicionadas para la venta al por menor, de peso neto <= 1 kg, así como las colas de caseína de la partida 3501)",,,,,,,,,,,,,,,,,,,,,,,,,,,,,,1,,10,9,4,6,10,4,8,7,3,8,3,4,9,3,7,4,5,8,2,4,6,3,3,2,4,3,5,4,5,7,2,3,2,3,2,2,2,3,2,2,1,2,1,3,2,3,3,8,,10,1,3,3,1,,1,2,,1,1,,1,4,1,4,4,2
439956,timor leste import,626,Timor-Leste,4006,"Varillas, tubos, perfiles y demás formas de caucho sin vulcanizar, incl. mezclado, así como discos, arandelas y demás artículos de caucho sin vulcanizar, incl. mezclados (exc. en placas, hojas o tiras de forma regular, sin cortar o simplemente cortadas de forma cuadrada o rectangular, aunque tengan un simple trabajo de superficie pero sin otra labor)",,,,,,,,,,,,,,,,,,,,,,,,,,,,7,,,,,,,,,,1,,4,,0,3,,,,1,2,1,,1,,2,,3,,,,,,3,,2,,2,,2,,,,,4,,,,,,,13,,,,,,5,,,2,,4,,3,,4,3,2,,
439956,timor leste import,626,Timor-Leste,4601,"Trenzas y artículos simil., de materia trenzable, incluso ensamblados en tiras; materia trenzable, trenzas y artículos simil. de materia trenzable, tejidos o paralelizados, en forma plana, incl. terminados ""p.ej. esterillas, esteras, cañizos"" (exc. revestimientos de paredes de la partida 4814; cordeles, cuerdas y cordajes; calzado, artículos de sombrerería y sus partes)",,,,,,,,,,,,,,,,,,,,,,,,6,,,,,,,,,,,,,,,,,,,13,7,,,,2,8,,5,,,,,,,,,2,,,,,,,,,2,,,,,,1,1,12,4,,,2,1,1,,1,1,4,2,1,,6,6,2,,12,,1,17
439956,timor leste import,626,Timor-Leste,5703,"Alfombras y demás revestimientos para el suelo, de materia textil, con pelo insertado, aunque estén confeccionados",,,,,,,,,,,,,,,,,,,,,,,,,,,,,,,4,,,,,2,,,,,0,0,98,1,,0,2,,,4,6,,,,,1,16,,,,1,,2,2,,2,2,65,3,9,3,2,4,,3,6,1,,1,32,2,1,,2,4,1,20,2,2,6,1,2,,1,2,8,2,1
439956,timor leste import,626,Timor-Leste,5808,"Trenzas de materia textil, en pieza; artículos de pasamanería y ornamentales análogos, de materia textil, en pieza, sin bordar (exc. los de punto); bellotas, madroños, pompones, borlas y artículos simil., de materia textil",,,,,,,,,,,,,,,,,,,,,,,,,,,,,1,,,,,,,,,,,,,,,0,,,,,,,,,,,,1,,1,2,,1,,,,,,,,,,2,,,,,2,,,1,1,1,6,5,6,8,6,11,2,4,4,14,1,1,1,28,4,3,6
439956,timor leste import,626,Timor-Leste,6102,"Abrigos, chaquetones, capas, anoraks, cazadoras y artículos simil., de punto, para mujeres o niñas (exc. trajes sastre, conjuntos, chaquetas ""sacos"", incl. los ""blazer"", vestidos, faldas, faldas pantalón y pantalones)",,,,,,,,,,,,,,,,,,,,,,,,,,,,,,,,,,,,,,,,,10,0,,,,,,,,,,,,,,,,,,,2,,1,,,,,,,,1,1,,,1,1,,,,,,,,,,,,2,,,1,,,,,,,
439956,timor leste import,626,Timor-Leste,7003,"Placas, hojas o perfiles de vidrio colado o laminado, incl. con capa absorbente, reflectante o antirreflectante, pero sin trabajar de otro modo",,,,,,,,,,,,,,,,,,,,,,,,,19,20,11,16,33,30,32,44,13,8,30,7,16,7,19,15,5,9,5,8,7,7,19,7,15,3,5,12,10,1,3,3,6,2,5,1,1,3,,,,,8,1,1,1,4,1,,1,1,,,1,2,1,1,,2,3,3,3,3,2,3,1,2,1,1,1,3,5,2,1
439956,timor leste import,626,Timor-Leste,7016,"Adoquines, boldosas, ladrillos, placas, tejas y demás artículos, de vidrio prensado o moldeado, incl. armado, para la construcción; cubos, dados y demás artículos simil., de vidrio, incl. con soporte, para mosaicos o decoraciones simil.; vidrieras artísticas ""vitrales, incl. de vidrios incoloros""; vidrio multicelular o vidrio ""espuma"", en bloques, paneles, placas, coquillas o formas simil., n.c.o.p. (exc. vidrio formado por hojas encoladas y vidrieras aislantes de paredes múltiples)",,,,,,,,,,,,,,,,,,,,,,,,,,,1,30,24,7,6,3,5,11,4,2,3,,10,7,11,2,13,4,1,3,5,2,,,,1,2,1,45,,7,6,6,3,23,33,15,2,3,48,2,2,2,3,11,97,1,1,73,1,1,52,14,116,11,11,20,12,3,9,24,2,7,5,1,10,11,5,14,10,5,7
439956,timor leste import,626,Timor-Leste,7017,"Artículos de vidrio para laboratorio, higiene o farmacia, incl. graduados o calibrados (exc. recipientes para transporte o envasado, así como instrumentos y aparatos de medida, control y médicos del capítulo 90)",,,,,,,,,,,,,,,,,,,,,,,,,17,,,,1,8,,,,,8,1,6,,,4,10,28,6,9,7,2,,,1,,2,27,,,1,,,,,10,1,,2,,,3,1,,,,,,1,,,,2,,,,17,2,1,,12,,,2,2,1,6,13,9,2,,,,
439956,timor leste import,626,Timor-Leste,7018,"Cuentas de vidrio, imitaciones de perlas, de piedras preciosas o semipreciosas y artículos simil. de abalorio y sus manufacturas (exc. la bisutería); ojos de vidrio (exc. los de prótesis); estatuillas y demás artículos de adorno, de vidrio trabajado al soplete ""vidrio ahilado"" (exc. la bisutería); microesferas de vidrio con un diámetro inferior o igual a 1 mm",,,,,,,,,,,,,,3,,1,,9,,,,,,2,1,,,,3,,2,,1,2,7,14,,,,1,0,,11,6,6,11,25,8,,2,8,,,10,6,13,6,17,3,5,9,37,,,22,34,20,21,10,26,,27,9,14,1,20,25,3,7,2,22,10,,1,1,,38,2,7,4,11,4,9,,20,20,15,8
439956,timor leste import,626,Timor-Leste,7113,"Artículos de joyería y sus partes, de metal precioso o chapado de metal precioso ""plaqué"" (exc. con más de 100 años)",,,,,,,,,,,,,,,7,,,,,,,,,,,23,,9,4491,4,,,,,,,163,,,,16,6,75,,9,,2,,,3,,,,,,,,,,,,,6,,,,,,99,3,2,,6,,5,52,,,,,,,17,4,2,,,2,,,,,3,,,1,1,
439956,timor leste import,626,Timor-Leste,7218,Acero inoxidable en lingotes o demás formas primarias (exc. lingotes de chatarra y productos obtenidos por colada continua); productos intermedios de acero inoxidable,,,,,,,,,,,,,,,,,,,,,,,,,,,,,,,,,,,,,,,,,,,0,1,0,0,,,,,,,,,11,4,,,,1,2,1,2,3,2,2,1,,16,,1,2,1,,,1,,1,3,2,1,1,2,5,2,5,7,2,6,3,9,6,1,,9,9,,1
439956,timor leste import,626,Timor-Leste,8310,"Placas indicadoras, placas rótulo, placas de direcciones y placas simil., cifras, letras y signos diversos, de metal común (exc. placas y señales de la partida 9405, caracteres de imprenta y simil., así como placas, discos y semáforos para vías de comunicación de la partida 8608)",,,,,,,,,,,,,,5,,,,,,,,,,,9,,,,,,,1,,,12,,,1,,15,,9,13,6,0,,2,3,,3,48,,3,,,,,21,70,1,,110,2,5,56,412,18,,38,,24,2,15,5,,5,1,,153,254,1,72,5,72,2,4,66,2,65,12,8,,,4,2,139,11,4
439956,timor leste import,626,Timor-Leste,8522,"Partes y accesorios identificables como destinados, exclusiva o principalmente, a los aparatos de reproducción de sonido, a los aparatos de grabación de sonido y a los aparatos de grabación o reproducción de imagen y sonido ""vídeos""",,,,,,,,,,,,,,,,,,,,,,,,,,1,1,,2,6,2,,,,,,,,,,19,0,29,9,8,1,,10,,3,1,,,1,,519,,,,,,,,,8,1,1,2,2,2,4,1,1,,,,,,,,,,1,1,2,1,83,2,30,1,1,17,1,1,19,,,
439956,timor leste import,626,Timor-Leste,9020,"Aparatos respiratorios y máscaras antigás (exc. los completos, máscaras de protección sin mecanismo ni elemento filtrante amovibles, así como aparatos respiratorios de reanimación y demás aparatos de terapia respiratoria)",,,,,,,,,,,,,,,,,3,,,,,,,,,0,27,0,0,0,30,,,,4,,,,,29,0,,8,,19,0,1,,35,,1,13,,8,1,,,,,4,,81,20,,1,,1,2,,,4,1,,,,,,5,6,51,7,2,1,57,,1,4,2,8,5,4,3,,8,3,23,6,
439956,timor leste import,626,Timor-Leste,9106,"Aparatos de control de tiempo y contadores de tiempo, con mecanismo de relojería o motor sincrónico 'p.ej. registradores de asistencia, registradores fechadores y registradores contadores"" (exc. relojes de las partidas 9101 a 9105)",,,,,,,,,,,,,,,,,,,,,,,,,,,,,,,,,,,,2,,,,2,16,8,5,1,,,,6,,5,46,3,1,,1,18,,,1,,,2,,,,,,,5,,1,,1,1,1,,,1,,,1,2,1,2,,3,2,2,2,2,11,4,1,1,5,1,4,1
439956,timor leste import,626,Timor-Leste,9113,Pulseras para reloj y sus partes,,,,,,,,,,,,,,,,,,,,,,,,,,,,,,,,,,,,,,,,,,,,,,,,,,,,,,,,,,,,,,,,,,,,,,,,,,,,,,,,,,,,,,,,2,,,,,,,,,,
439956,timor leste import,626,Timor-Leste,9616,"Pulverizadores de tocador, sus monturas y cabezas de monturas; borlas y simil. para aplicación de polvos, otros cosméticos o productos de tocador (exc. pulverizadores activados con monedas o fichas)",,,,,,,,,,,,,1,,,,,,,,,,,,,,,,,,,2,2,1,2,1,1,1,1,3,11,3,1,0,1,5,51,6,,,9,3,,5,20,1,3,3,1,5,23,9,1,15,10,3,7,6,28,3,2,8,3,4,12,5,,7,1,3,2,1,2,3,6,6,2,2,5,5,13,17,26,22,20,12,23,11
439956,timor leste import,626,Timor-Leste,0504,"Tripas, vejigas y estómagos de animales (exc. de pescado), enteros o en trozos, frescos, refrigerados, congelados, salados o en salmuera, secos o ahumados",,,,,,,,,,,,,,,,,,,,,,,,,,,,,,,,,,,,,11,5,10,7,10,10,2,6,5,13,3,,1,5,,,,,,,4,1,2,1,4,2,6,12,,2,,2,1,2,,3,8,2,10,1,,3,13,5,,2,2,3,4,1,,1,2,,,,,,,32,,
439956,timor leste import,626,Timor-Leste,0704,"Coles, incl. los repollos, y coliflores, coles rizadas, colinabos y productos comestibles simil. del género ""Brassica"", frescos o refrigerados",,,,,,,,,28,14,4,7,6,12,,,,10,23,13,10,15,12,14,19,13,16,8,10,9,12,18,12,13,10,16,27,23,20,12,15,21,10,6,7,7,4,6,9,14,8,6,5,6,4,5,5,2,1,1,4,20,1,4,1,3,4,,,2,3,,,2,3,,,2,,1,,2,2,,1,,2,1,1,2,3,5,3,8,4,,9,4
439956,timor leste import,626,Timor-Leste,0813,"Albaricoques ""damascos, chabacanos"", ciruelas, manzanas, melocotones, peras, papayas, tamarindos y demás frutos comestibles, secos; mezclas de frutos secos comestibles o de frutos de cáscara comestibles (exc. frutos de cáscara, bananas o plátanos, dátiles, higos, piñas ""ananás"", aguacates ""paltas"", guayabas, mangos y mangostanes, agrios ""cítricos"", uvas y pasas, sin mezclar entre sí)",,,,,,,,,,,,,,,,,,,,,,,,,,,,,,,1,,,,,,3,,1,,,2,4,16,,,4,2,3,,1,3,,,1,3,2,2,,3,1,,2,20,,7,1,2,1,2,6,,,5,4,4,4,5,11,3,,2,9,2,1,1,10,1,5,1,4,7,4,10,4,3,5,5
439956,timor leste import,626,Timor-Leste,1209,"Semillas, frutos y esporas, para siembra (exc. legumbres, maíz dulce, café, té, yerba mate y especias, cereales, semillas y frutos oleaginosos y frutos de las especies utilizadas principalmente en perfumería, en medicina o como insecticidas o simil.)",,,,,,,,,,,,,,,,,2,,,,5,,,,3,62,,,,,12,15,2,,,,,,2,,,7,,0,,,,,,2,,10,,,,,,,,,,,,12,,,6,,,,,,,3,2,,,,6,,,,14,1,11,1,7,1,6,0,17,,3,1,2,0,0,0
439956,timor leste import,626,Timor-Leste,1515,"Grasas y aceites vegetales fijos, incl. el aceite de jojoba, y sus fracciones, incl. refinados, sin modificar químicamente (exc. aceites de soja ""soya"", cacahuete ""cacahuate, maní"", oliva, palma, girasol, cártamo, algodón, coco ""copra"", almendra de palma, babasú, nabo ""nabina"", colza o mostaza)",,,,,,,,,1,,,,,,91,,1,,,189,,184,96,,100,,,,,1,1,,,,,1,2,4,28,7,2,7,0,14,2,0,3,4,1,,15,4,1,3,0,1,5,0,3,3,0,0,2,1,1,0,,3,1,13,1,5,2,2,0,2,1,2,3,3,0,6,3,2,1,3,,1,,2,1,1,2,,7,1,1,1
439956,timor leste import,626,Timor-Leste,1703,Melaza procedente de la extracción o del refinado del azúcar,,,,,,,,,,,,,,,,,,,,,,,,,,,1,1,,,,,,,,,,,,,,,,,,,,,,,,,,,,2,2,,,,,,,,,2,2,5,4,4,,,,1,2,,,,1,7,1,,4,5,,2,1,1,,4,3,,11,,,,2,
439956,timor leste import,626,Timor-Leste,1805,Cacao en polvo sin adición de azúcar ni otro edulcorante,,,,,,,,,,,,,,,,,,,,,,,,,,,,,,18,,,,,,,,,,,,,,,0,,,,,,,,,,,,,,,,,,,,,,1,1,,,,,,,,,1,,,,,,1,2,,,4,1,,,,,1,1,,2,,
439956,timor leste import,626,Timor-Leste,2205,Vermut y demás vinos de uvas frescas preparados con plantas o sustancias aromáticas,,,,,,,,,2,,,2,1,,,,3,,1,1,1,,,2,,,,,,,,,,6,,,1,1,13,,2,6,1,18,16,,,27,,,,11,11,,1,,1,,14,,,,1,,2,,,,,,,3,,,,2,,,,3,,,,,,,,1,,,,5,,2,,,2,
439956,timor leste import,626,Timor-Leste,2827,"Cloruros, oxicloruros e hidroxicloruros; bromuros y oxibromuros; yoduros y oxiyoduros",,,,,,,,,,,,,,,,,,,,,,,,,,,,,,,,,,,,1,,16,,,1,6,11,,10,30,29,32,,,,,,,,,,2,,,,,6,,,,,,,,1,6,3,,,,,3,5,4,3,2,5,4,5,2,,1,3,5,9,,3,5,2,14,3,
439956,timor leste import,626,Timor-Leste,2852,"Compuestos inorgánicos u orgánicos, de mercurio, aunque no sean de constitución química definida (excepto las amalgamas)",,,,,,,,,,,,,,,,,,,,,,,,,,,,,,,,,3,3,1,,2,2,,2,0,0,2,2,1,1,3,1,1,1,1,1,1,,1,1,1,,1,1,,1,,,,,,,,,,,,,,,,,,,,3,,,,,,1,,,,,,,,,,
439956,timor leste import,626,Timor-Leste,3213,"Colores para pintura artística, la enseñanza, la pintura de carteles, para matizar o para entretenimiento y colores simil., en pastillas, tubos, botes, frascos, o en formas o envases simil.",,,,,,,,,,,,,,,,,,,,,,,,4,,,,,,,,,,,5,,1,,,,,,,9,,0,,1,1,2,1,5,,,,,,1,3,3,3,36,1,1,,,,2,5,16,11,1,2,,1,134,,3,2,2,,,1,2,,,4,1,1,1,6,5,4,1,44,3,3,1
439956,timor leste import,626,Timor-Leste,3605,"Fósforos ""cerillas"" (exc. artículos de pirotecnia de la partida 3604)",,,,,,,,,,,,,,,,,,,,,,,,,,,,,2,2,1,4,,,3,1,,,,,0,0,,1,0,,1,,,,,,,,,,1,,,,,,,,,,,,,,,,,,3,1,,,,,,,,2,,2,6,1,,8,,,,,,,,
439956,timor leste import,626,Timor-Leste,3606,"Ferrocerio y demás aleaciones pirofóricas en cualquier forma; metaldehído, hexametilenotetramina y productos simil., en tabletas, barritas o formas análogas, que impliquen su utilización como combustibles; combustibles a base de alcohol y combustibles preparados simil., sólidos o en pasta; combustibles líquidos y los gases combustibles licuados en recipientes como los usados para cargar o recargar los encendederos o mecheros, de una capacidad <= 300 m³; antorchas y hachos de resina, teas y simil.",,,,,,,,,4,,,,,,,,,,,,,,,,,,,,,,,,,,1,,,,,,0,,1,,,2,3,2,,1,1,96,,58,29,3,3,,,4,2,,1,,,,,,,,,,,,,,,,,,,,,,,,25,1,,,,26,,,22,,,20
439956,timor leste import,626,Timor-Leste,3706,"Películas cinematográficas ""filmes"", impresionadas y reveladas, con registro de sonido o sin él, o con registro de sonido solamente",,,,,,,,,,,2,,,,,,,,,,,,,,,,,,,,,,,,,,,,,,,,,,0,,,,,,2,,,,,,,,,,,,,,,,,,,,,,,,,,,,,,,,,,,,,1,,,,,,,,,,
439956,timor leste import,626,Timor-Leste,3811,"Preparaciones antidetonantes, inhibidores de oxidación, aditivos peptizantes, mejoradores de viscosidad, anticorrosivos y demás aditivos preparados para aceites minerales, incl. la gasolina u otros líquidos utilizados para los mismos fines que los aceites minerales",,,,,,,,,,,,,,,,,,8,,,,,,,,,,,1,13,,39,129,60,48,,469,,171,61,4,,0,46,34,38,17,42,32,37,20,3,1,1,3,13,18,,14,,,,,2,5,,,,,,2,1,,6,,,,,4,43,11,4,2,,6,8,1,1,128,,5,25,2,2883,6,10,4,
439956,timor leste import,626,Timor-Leste,4008,"Placas, hojas, tiras, varillas y perfiles, de caucho vulcanizado sin endurecer",,,,,,,,,,,,,,,,,,,,,2,,,,,,,,,,,,3,,1,2,5,,,,,,,,2,0,,,,,5,2,4,3,4,19,1,4,,1,3,,,1,3,1,3,,,1,1,,,1,14,9,13,2,4,3,9,8,1,1,2,18,,1,,5,1,1,3,17,3,,3,1
439956,timor leste import,626,Timor-Leste,4402,"Carbón vegetal, incl. el de cáscaras o de huesos ""carozos"" de frutas, aunque esté aglomerado (exc. carbón vegetal acondicionado como medicamento, carbón vegetal mezclado con incienso, carbón vegetal activado y carbón vegetal especialmente acondicionado para dibujar)",,,,,,,,,6,4,,,,,,,,,,,,,,,,,,,,,,,,,,,,2,,1,0,5,0,1,,,,,,,1,,,1,,3,21,,1,2,1,1,,2,,,12,3,,,4,3,1,1,10,18,16,,,1,,,,,,1,1,1,,4,1,2,2,3,5,13,1,2
439956,timor leste import,626,Timor-Leste,4410,"Tableros llam. ""oriented strand board"" o ""waferboard"" y demás tableros de partículas y tableros similares, de madera u otras materias leñosas, incl. aglomeradas con resinas o demás aglutinantes orgánicos (exc. tableros de fibra, tableros de escamillas chapados, tableros celulares y tableros constituidos por materias leñosas aglomeradas con cemento, yeso o escayola u otros aglutinantes minerales)",,,,,,,,,,,,,,,,,,,,,,,,,,,,,,,,,,,,,,,,,,,,,,0,,,1,,,,,,,,6,,1,,,,,,1,,1,,,,1,,,,,,,4,,,,,,,12,,1,1,,26,12,,14,4,2,,15,4
439956,timor leste import,626,Timor-Leste,4413,"Madera metalizada y demás madera densificada en bloques, tablas, tiras o perfiles",,,,,,,,,,,,,,,,,,,,,,,,11,,,,,,,,,,,,,,,,,,,,0,,,,,,,,,,,,,,,,,,,,,,,,,,,,,,,,,,,,,,,1,,,,,1,75,36,91,1,,,,1,,
439956,timor leste import,626,Timor-Leste,4420,"Marquetería y taracea; cofrecillos y estuches para joyería u orfebrería y manufacturas simil., de madera; estatuillas y demás objetos de adorno, de madera; artículos de mobiliario, de madera (exc. muebles, aparatos de alumbrado y sus partes)",,,,,,,,,,,,,,,,,,1,,,9,,1,,1,21,17,2,27,2,12,57,23,35,42,17,10,8,9,17,21,55,11,87,3,2,1,13,2,3,5,5,6,9,15,23,6,9,,20,2,1,1,4,6,7,7,3,1,,,,,,,,6,5,1,,,11,11,1,,,2,1,6,25,1,3,,,16,15,1,2
439956,timor leste import,626,Timor-Leste,4602,"Artículos de cestería obtenidos directamente en su forma con materia trenzable o confeccionados con artículos de la partida 4601; manufacturas de esponja vegetal [paste o ""lufa""] (exc. revestimientos de paredes de la partida 8414; cordeles, cuerdas y cordajes; calzado, artículos de sombrerería y sus partes; vehículos y cajas para vehículos; artículos del capítulo 94, como muebles y aparatos de alumbrado)",,,,,,,,,,,,,,,,,,,,,,,,,2,,,,2,7,1,6,2,1,3,11,1,2,2,435,1617,1,1,1,1,1,1,2,2,2,1,1,1,,1,2,1,,71,,,,,1,,,,1,,,,,,,,3,1,,2,2,,,5,2,2,,1,1,,,4,11,2,,10,1,3,
439956,timor leste import,626,Timor-Leste,4821,"Etiquetas de todas clases, de papel o cartón, incl. impresas",,,,,,,,,,,,,,,,,,,,,,,,,,,,,1,,6,3,1,8,3,,1,58,1,,2,2,4,9,8,1,,,1,7,8,3,21,7,4,2,1,5,8,2,,20,,,7,,1,15,5,,2,1,,1,,2,3,11,6,1,3,2,4,6,2,7,7,1,10,27,1,12,18,2,3,3,83,2
439956,timor leste import,626,Timor-Leste,4902,"Diarios y publicaciones periódicas, impresos, incl. ilustrados o con publicidad",,,,,,,,,,2,2,1,1,1,,,1,,,,,1,1,,2,52,4,2,1,,13,1,,,1,,16,1,,,0,0,123,0,,1,3,25,,,,,,,,,,,,8,,16,11,19,,12,13,13,,11,14,2,2,,,,,,,,,,,,,,,1,,1,1,,,,,,,
439956,timor leste import,626,Timor-Leste,4905,"Manufacturas cartógraficas de todas clases, incl. los mapas murales, planos topográficos y esferas, impresos (exc. mapas, planos y esferas en relieve)",,,,,,,,,10,,,,,,,,10,11,,,,,,,,,,,,,,,,,,,,1,,6,0,,,,363,1,,,,,,,,,,,,,,1,,,,,,,,,,,,,,,,,,,,,,,2,1,,,1,1,,,1,,,,,,,
439956,timor leste import,626,Timor-Leste,4908,Calcomanías de cualquier clase,,,,,,,,,,,,,,,,,,,,,,,,,2,1,1,2,1,1,3,,,6,3,2,4,1,1,2,1,5,,1,17,26,7,1,6,6,15,7,4,2,2,3,6,16,12,1,,1,2,1,,,,,,1,1,,1,,1,1,,,,1,2,1,1,2,1,2,1,1,1,1,1,1,1,1,3,1,1,
439956,timor leste import,626,Timor-Leste,4910,"Calendarios de cualquier clase impresos, incl. los tacos de calendario",,,,,,,,,22,,,,,,,,,,,,,,,3,,,,1,,,1,2,3,,,2,,,,9,0,,,14,1,0,,13,,,,9,,,,3,1,,,4,,,,19,3,3,1,8,2,4,,14,2,,,9,,,3,11,,,,8,1,,,1,,2,2,3,4,,,3,,
439956,timor leste import,626,Timor-Leste,5203,Algodón cardado o peinado,,,,,,,,,,,,,,,,,,,,,,,,,,,,,,,,,,,,,,,,,,,,,,,,,,,,,,,,,,,,,1,1,,,1,,,,2,1,,,2,8,2,4,4,3,6,5,2,2,1,30,1,3,2,1,3,1,3,9,5,7,6,1,2,
439956,timor leste import,626,Timor-Leste,5210,"Tejidos de algodón, con un alto contenido de algodón, pero < 85% en peso, mezclado exclusiva o principalmente con fibras sintéticas o artificiales y de peso <= 200 g/m²",,,,,,,,,,,,12,,,,,,,,,,,,,,,,,,,,,,,,,,,,,,,,,,0,,,,,3,,,,,,,,,,,8,4,4,,18,12,24,1,3,16,10,36,,8,2,3,21,9,20,30,1,1,11,,,1,1,1,,,,1,,1,1,1,1
439956,timor leste import,626,Timor-Leste,5212,"Tejidos de algodón, con un alto contenido de algodón, pero < 85% en peso, distintos de aquéllos en que el algodón esté mezclado exclusiva o principalmente con fibras sintéticas o artificiales",,,,,,,,,,,,,,,,,,,,,,,,1,,,,,,,,,,,,,,,,1,,,,,,,,,,,,,,,,,2,,1,,,,,,,,2,2,1,,,,,,,,,,,,,,,,,1,1,1,,1,1,,,,,,,
439956,timor leste import,626,Timor-Leste,5311,"Tejidos de fibras textiles vegetales y tejidos de hilados de papel (exc. tejidos de lino, tejidos de yute o demás fibras textiles del líber de la partida 5303 y tejidos de algodón)",,,,,,,,,,,,,,,,,,,,,,,,,,,,,,,,,,,,,,,,,,,,,2,,,,,,,,,,,,,,,,,,,,,,,,,,,,,,,,,,,,,,1,2,1,,,1,,2,7,1,3,,,,,
439956,timor leste import,626,Timor-Leste,5508,"Hilos de coser de fibras sintéticas o artificiales discontinuas, incl. acondicionados para la venta al por menor",,,,,,,,,,,,,,,,,,,,,,,,,,,,,,,,,,,,,,,,,,,0,0,,,,,,,,,,,,,1,,1,,,,,,,,,,,,,,,,,,,,,,,3,,3,,2,3,1,2,1,1,,,4,1,1,,
439956,timor leste import,626,Timor-Leste,5609,"Artículos de hilados, tiras o formas simil. de las partidas 5404 ó 5405, o de cordeles, cuerdas o cordajes de la partida 5607, n.c.o.p.",,,,,,,,,,,,,,,,,,,,,8,,2,,,,,,,,3,,1,,,,,1,1,1,0,0,1,1,1,1,,,1,,1,7,3,10,3,3,3,5,1,6,7,,1,15,15,3,3,,1,,1,,2,,9,,2,,4,,,11,5,,7,1,5,1,2,,2,37,1,9,6,4,,8
439956,timor leste import,626,Timor-Leste,5801,"Terciopelo y felpa y tejidos de chenilla (exc. los de punto y tejidos con bucles para toallas, superficies textiles con pelo insertado y cintas de la partida 5806)",,,,,,,,,,,,,,,,,,,,,,,,,9,,,,,,1,,,1,,,1,1,3,,0,1,64,,0,,,,,,,,,,,,4,1,1,1,1,3,1,1,,1,1,2,1,1,2,2,5,,2,2,22,6,4,12,28,2,1,1,1,1,1,1,3,,1,1,1,,4,3,4,5
439956,timor leste import,626,Timor-Leste,5807,"Etiquetas, escudos y artículos simil., de materia textil, en pieza, en cintas o recortados, sin bordar",,,,,,,,,,,,,,,,,,,,,,,,,,,,,,,,,,,,,,,,,,,,,,,,,,1,,,,1,,,,,,,,,,,,,,,,,,,4,,1,,,,,4,25,1,,,,,,1,,,1,2,2,,,,,
439956,timor leste import,626,Timor-Leste,5909,"Mangueras para bombas y tubos simil., de materia textil, incl. impregnadas o recubiertas y con armaduras o accesorios de otras materias",,,,,,,,,,,,,,,,,,,,,,,,,,,,,,,,,,,,,,,,,,3,,10,,1,,,,1,,1,,,,2,,,16,9,1,2,,1,,,,3,,,,,,,1,,2,,,,,,,1,1,5,5,1,,,,1,40,19,8,1,4,1
439956,timor leste import,626,Timor-Leste,6202,"Abrigos, chaquetones, capas, anoraks, cazadoras y artículos simil., para mujeres o niñas (exc. de punto, así como trajes sastre, conjuntos, chaquetas ""sacos"", incl. los ""blazer"", vestidos, faldas, faldas pantalón y pantalones)",,,,,,,,,,,,,,,,,,,,,,,,,,,,,1,,1,1,2,1,1,2,1,1,1,3,1,6,1,9,2,1,,,1,,,,,,,,,,,,1,1,,,,2,,,,,,10,,,,,,179,,7,,,2,1,,5,1,1,1,3,,19,,,,,,
439956,timor leste import,626,Timor-Leste,6603,"Partes, guarniciones y accesorios, reconocibles como tales, para paraguas, sombrillas y quitasoles de la partida 6601 ó para bastones, bastones asiento, látigos, fustas y artículos simil. de la partida 6602",,,,,,,,,,,,,,,,,,,,,,,,,,,,,,,,,,,,,,,,,200,,,,,,,,,,,,,,,,,,,,,,,,,,,,,,2,,,1,2,8,,,4,3,,,,,,1,,1,6,2,1,,,,,,,
439956,timor leste import,626,Timor-Leste,6813,"Hojas, rollos, tiras, segmentos, discos, arandelas, plaquitas y demás guarniciones de fricción sin montar, para frenos, embragues o cualquier órgano de frotamiento, a base de amianto ""asbesto"", de otras sustancias minerales o de celulosa, incl. combinados con textiles u otras materias (exc. guarniciones para frenos montadas)",,,,,,,,,,,,,,,,,,,,,,,,,,,,1,,,,,,,,,,1,,,2,,,,0,0,,,,,,3,5,2,2,,1,,,,,,,,1,,3,1,,,2,,,3,6,5,2,3,,,,,1,,1,4,,1,,3,,7,1,,1,1,1,
439956,timor leste import,626,Timor-Leste,7006,"Placas, hojas o perfiles de vidrio, incl. con capa absorbente, reflectante o antirreflectante, curvado, biselado, grabado, taladrado, esmaltado o trabajado de otro modo, pero sin enmarcar ni combinar con otras materias (exc. vidrio de seguridad, vidrieras aislantes de paredes múltiples y espejos de vidrio)",,,,,,,,,,,,,,,,,,,,,,,,,4,6,4,,,,,,,2,,,,1,,,0,,,0,0,,,26,1,3,5,,,12,2,,8,14,1,32,1,8,16,14,,,,58,10,7,,,45,,,6,3,,3,4,,,11,,2,291,12,1,2,3,10,4,,12,,23,10,2
439956,timor leste import,626,Timor-Leste,7008,Vidrieras aislantes de paredes múltiples,,,,,,,,,,,,,,,,,,,,,,,,,,,,,,,,,1,,4,,1,2,1,,3,0,,3,1,1,2,2,2,1,1,,,,,,1,1,3,1,9,,1,1,1,1,2,2,2,5,1,2,1,1,1,,1,1,2,39,3,11,2,1,1,1,,1,,,,3,10,6,1,4,3,112
439956,timor leste import,626,Timor-Leste,7221,"Alambrón de acero inoxidable, enrollado en espiras irregulares ""coronas""",,,,,,,,,,,,,,,,,,,,,,,,,,,36,,55,,,,,,,,33,,,,,,,,,,,2,,,,,,,,,,,,,,,,,,,,,,,,1,,,,,,,,,,,,,,,,1,,,,,,,,,,
439956,timor leste import,626,Timor-Leste,7303,"Tubos y perfiles huecos, de fundición",,,,,,,,,,,,,,,,,10,47,113,9,3,,,,,,6,30,43,15,14,53,91,92,23,40,18,32,51,326,135,174,125,94,25,110,87,88,84,43,36,45,15,59,16,110,30,166,159,154,64,90,91,177,83,89,,49,52,39,134,154,82,51,214,126,89,57,24,3,6,,2,1,3,5,6,1,1,56,2,20,18,1,3,,,1
439956,timor leste import,626,Timor-Leste,7304,"Tubos y perfiles huecos, sin soldadura, de hierro o acero (exc. de fundición)",,,,,,,,,,,,,,,,,35,,15,,7,,1,,14,29,51,21,142,89,43,79,68,199,135,898,474,67,68,164,204,36,20,206,81,413,154,103,172,146,32,25,42,53,49,51,39,174,115,139,36,74,195,145,87,30,70,55,181,161,227,244,555,1021,98,84,20,156,412,54,95,39,122,7,2,3,2,1,2,2,5,23,8,38,56,1,1,1
439956,timor leste import,626,Timor-Leste,7316,"Anclas, rezones y sus partes, de fundición, hierro o acero",,,,,,,,,,,,,21,,,,,,,,,,,,,,,,,,,,,,,,,,,,,,2,,5,0,,1,,,2,31,1,1,1,,,,15,100,11,29,33,8,,,,3,10,1,8,,,,,,,,,,,,,1,4,21,7,1,,8,4,,,33,2,,,
439956,timor leste import,626,Timor-Leste,7325,"Manufacturas moldeadas, de fundición, hierro o acero, n.c.o.p.",,,,,,,,,,,,,,,,,,,,,,,,3,,3,,,,,,,,,1,4,92,33,1,30,,,2,0,,,,,,9,,,,5,,11,1,,4,7,1,,5,1,34,3,4,2,,2,1,1,,3,9,6,28,4,739,77,,18,18,,26,2,2,1,7,145,,9,13,65,62,76,2,25
439956,timor leste import,626,Timor-Leste,7601,Aluminio en bruto,,,,,,,,,,,,,,,,,,,,,,,40,,,,,,1,,21,1,,,,1,2,,,,0,0,3,0,1,,,,,,7,,,,,1,,1,6,,,,,5,12,,3,,1,1,,,,,,,,,,,,,99,,,,,1,,,,,,,,2,,
439956,timor leste import,626,Timor-Leste,7905,"Chapas, hojas y tiras, de cinc",,,,,,,,,,,,,,,,,1,,,20,,,,,36,114,131,595,35,1098,160,238,13,2,13,34,54,38,7,21,53,4,4,10,4,8,22,6,4,9,2,5,25,26,6,1,2,4,56,132,,,45,27,38,12,5,,,,1,1,,,1,,,,3,,6,4,,,2,3,7,1,4,6,1,,,24,5,12,14,2
439956,timor leste import,626,Timor-Leste,8101,"Volframio ""tungsteno"" y sus manufacturas, n.c.o.p.; desperdicios y desechos de volframio ""tungsteno"" (exc. cenizas y residuos que contengan volframio ""tungsteno"")",,,,,,,,,,,,,,,,,,,,,,,,,,,,,,,1,,,,,,1,,,,,,82,0,,0,,,1,,,,,,,,,,,,,,,,,,5,,5,,,,12,,,,,,,,,,,,,1,,1,,1,1,,,,1,1,1,1
439956,timor leste import,626,Timor-Leste,8420,Calandrias y laminadores (exc. metal o vidrio); cilindros para estas máquinas; sus partes,,,,,,,,,,,,,,,,,,,,,,,,,8,19,,36,,,1,2,1,5,2,38,3,33,3,1,2,16,0,1,10,2,2,2,1,6,1,7,6,3,2,3,,,,,,,,,7,,,2,1,,,24,,,3,,2,,,6,,2,,,,,1,1,,1,,,,,,,27,
439956,timor leste import,626,Timor-Leste,8439,"Máquinas y aparatos para la fabricación de pasta de materias fibrosas celulósicas o para la fabricación o acabado de papel o cartón; sus partes (exc. autoclaves, cocedores, secadoras y demás aparatos de calentamiento, así como las calandrias)",,,,,,,,,,,,,,,,,,,,,,,,,,,,,,,,,,,,,,,,,,,,,,,,,,1,1,,,,,,,,,,,,,,,,,,,,,,,,,,1,,,,,,,,,,,1,,33,28,3,10,,,,,
439956,timor leste import,626,Timor-Leste,8442,"Máquinas, aparatos y material (excepto las máquinas de las partidas 84.56 a 84.65) para preparar o fabricar planchas, cilindros u otros elementos impresores; planchas, cilindros y demás elementos impresores; planchas, cilindros y piedras litográficas, preparados para la impresión, por ejemplo: aplanados, graneados, pulidos; partes de los mismos",,,,,,,,,,,,,8,,,,,,,,,,,,,,7,,,,,13,6,1,,,1,1,,3,19,,,,,0,,1,2,2,81,1,3,3,,,,,,,1,,26,14,,,,,,,,,,,,,,,,,,,6,,,9,9,1,1,,3,,,,16,,,
439956,timor leste import,626,Timor-Leste,8456,"Máquinas herramienta para trabajar cualquier metal por arranque de material, por láser o de luz o haz de fotones, por ultrasonido, de descarga, electro-químico, con haz de electrones, haces iónicos o chorro de plasma; chorro de agua, máquinas de corte (excepto los de limpieza aparatos operados por ultrasonido, máquinas de soldadura y soldadura, incl. los que se puede utilizar para el corte y máquinas de ensayo de materiales)",,,,,,,,,,,,,,,,,,,,,,,,,,,,,,,8,3,2,,13,2,4,2,,2,0,3,0,0,0,4,5,2,,,1,1,,4,35,,,54,9,,,,,,7,7,28,1,,10,12,2,,,,,,3,,,2,244,,,,,,1,,2,,7,,,1,,26,53
439956,timor leste import,626,Timor-Leste,8514,"Hornos eléctricos industriales o de laboratorio, incl. los que funcionen por inducción o pérdidas dieléctricas (exc. hornos de secado); los demás aparatos industriales o de laboratorio para tratamiento térmico de materias por inducción o pérdidas dieléctricas; sus partes",,,,,,,,,,,,,6,,,,,,,,,,,,,1,1,1,6,83,2,8,11,2,6,6,4,3,2,,0,12,1,2,6,2,1,5,1,4,5,9,2,6,,15,3,9,28,8,,,1,,2,,8,1,1,,,4,282,,,,17,10,,,1,2,2,,,1,,1,1,2,11,711,1,,30,309,4,
439956,timor leste import,626,Timor-Leste,8548,"Desperdicios y desechos de pilas, baterías de pilas o acumuladores, eléctricos; pilas, baterías de pilas y acumuladores eléctricos, inservibles; partes eléctricas de máquinas o aparatos, no expresadas ni comprendidas en otra parte del capítulo 85",,,,,,,,,,,,,,,,,,,9,95,,,,,,,,,,,21,,,,26,,,2,1,147,14,0,2,0,0,0,4,1,1,11,4,2,19,4,2,,,1,,,,1,1,,,9,,,19,21,3,16,,11,24,16,53,4,35,53,,,,135,10,,,1,,,,,,,,,1,
439956,timor leste import,626,Timor-Leste,8902,"Barcos de pesca, así como barcos factoría y demás barcos para tratamiento o preparación de productos de la pesca (exc. barcos para la pesca deportiva)",,,,,,,,,,,,,0,,,,,,,,,,,,,,,,,,,,,,,,,,,,,70,,,,,,,,,,,,,,,,,,,,,,,,12,,,,,,,,,,,,,,,,,1,4,,,,1,,2,,,,,,,,
439956,timor leste import,626,Timor-Leste,9003,"Monturas ""armazones"" de gafas ""anteojos"" o de artículos simil. y sus partes, n.c.o.p.",,,,,,,,,,,,,,,,,,,,,,,,,,,,1,,,,,1,3,,,,,,,,,,,,,,,,,2,,1,,3,,,,,5,15,,1,,,,,2,,,,4,,1,,,1,,1,,,,1,,,11,,1,1,,82,77,8,,1,2,1,3
439956,timor leste import,626,Timor-Leste,9016,"Balanzas sensibles a un peso <= 50 mg, incl. con pesas",,,,,,,,,,,,,,,,,,,,,,,,,,,,,,,,,,1,,,,,,,,14,3,3,,,1,1,,,,,,,1,4,,1,6,,,3,,,2,,,,,,,,1,,1,,,,,,,,1,3,1,,,1,,,,,,,1,,,
439956,timor leste import,626,Timor-Leste,9207,"Órganos, guitarras, acordeones y demás instrumentos musicales en los que el sonido se produzca o tenga que amplificarse eléctricamente",,,,,,,,,,,,,,98,,,,,,29,,,,,1,,,1,2,24,7,6,3,6,1,9,35,3,2,23,5,17,2,4,6,1,2,1,1,6,2,31,2,2,7,6,10,4,12,2,2,6,4,4,7,6,3,4,6,8,10,2,19,4,10,7,3,7,14,21,5,,10,3,17,9,7,1,3,9,13,28,9,7,12,9,9,18
439956,timor leste import,626,Timor-Leste,9208,"Cajas de música, orquestriones, organillos, pájaros cantores, sierras musicales y demás instrumentos musicales, n.c.o.p. de este capítulo; reclamos de cualquier clase, silbatos, cuernos y demás instrumentos de boca, de llam. o aviso",,,,,,,,,,,,,,,,,,,,,,,,,,,,,,,19,1,,,4,,,,2,,,2,,1,0,,1,,,,,8,,,,1,16,2,1,1,,,1,,,,2,,,1,,,,,,,,,1,,,,,,,,1,1,1,,,,1,,,1,,
439956,timor leste import,626,Timor-Leste,9611,"Fechadores, sellos, numeradores, timbradores y artículos simil., incl. los aparatos para imprimir etiquetas, de mano; componedores e imprentillas, de mano",,,,,,,,,,,,,,,,,,,,,,,,,,,,,,,,,,,,,,1,,,3,,1,1,2,0,1,,,,,,,,,,,4,,,,3,,,,,,,,,,,,,,,1,,,,,3,,,2,8,12,1,6,,,,,2,,,1,1
439956,timor leste import,626,Timor-Leste,9620,"Monopods, bipods, tripods and similar articles",,,,,,,,,,,,,,,,,,,,,,,,,,,,,,,,,,,,,,,,,,,,,,,,,,,,,,,,,,,,,,4,,,,,3,1,,,7,1,4,,,3,2,,,1,1,2,,1,1,1,7,1,43,5,3,1,2,11,3,4,3,2
439956,timor leste import,626,Timor-Leste,9703,"Obras originales de estatuaria o escultura, de cualquier materia",,,,,,,,,,,,,0,,,,,,,,,,,,,,,,44,,52,,,3,1,1,1,2,,,4,3,1,2,1,0,6,7,2,4,5,9,1,1,5,15,,,,,,,10,46,,,,,,,,,,7,,,,,,1,,,,,,1,,1,,,,11,,,,2,,
439956,timor leste import,626,Timor-Leste,0905,Vainilla,,,,,,,,,,,0,,,,,,,,,,,,,,1,,,,,,,23,1,10,1,,,,,,,,,,,,,,,,,,,,,,1,,,,,,,,1,,,,,,,,1,,0,0,,2,1,,,,1,,,,,0,,,,,,,,,,
439956,timor leste import,626,Timor-Leste,1207,"Semillas y frutos oleaginosos, incl. quebrantados (exc. frutos de cáscara comestibles, aceitunas, habas de soja ""soya"", cacahuetes ""maníes"", copra, semilla de lino, semilla de nabo ""de nabina"" o de colza y semilla de girasol)",,,,,,,,,,,,,,,,,,,,,,,,,,,,,,,0,0,0,0,0,0,3,0,,,,0,1,,0,0,,1,,0,2,0,0,1,0,2,,1,,0,,1,,,,,,0,,,1,,0,,1,0,1,0,1,0,2,0,1,1,1,3,4,0,0,0,0,1,1,0,,2,3,0
439956,timor leste import,626,Timor-Leste,7508,"Manufacturas de níquel, n.c.o.p. (exc. polvo, escamillas, barras, perfiles, alambre, chapas, hojas, tiras, tubos y accesorios de tubería)",,,,,,,,,,,,,,,,,,,3,,,,,,,,,,,,,1,29,,,,1,,,6,9,0,2,3,0,3,,9,72,32,21,15,76,6,6,11,6,2,1,8,3,1,1,5,2,1,1,1,,,,,,,,,,,,,,,,,,,,0,,,,1,,,,,,
439956,timor leste import,626,Timor-Leste,0101,"Caballos, asnos, mulos y burdéganos, vivos",,,,,,,,,,,,,,,,,,,,4,,,,,,,,,,,,,,,,,,,,,,,,,,,,,,,,,,,,,,,,,,,,,,,,,,,,,,,,,,,,,,,,,,,,,,,,,,,4,,,
439956,timor leste import,626,Timor-Leste,0102,Animales vivos de la especie bovina,,,,,,,,,,,12,,,,,,,,,,,,,,,,,,,,0,0,0,0,,0,,,,,,,,,,,,,,,,,,,,,373,,,,,,,,,,,,,,,,,,,,,,,,,,,,,,,,,,,,,,,,,
439956,timor leste import,626,Timor-Leste,0103,Animales vivos de la especie porcina,,,,,,,,,,,,,,,,,,,,,,,,,,,,,,,,,,,,,,,,,,,,,,,,8,,,,,,,,,6,,,,,1,,,,,,,,,,,,,,,,,,,,,,,,,,,,,,,,,,,,
439956,timor leste import,626,Timor-Leste,0104,Animales vivos de las especies ovina o caprina,,,,,,,,,,,,,,,8,,,,,,,,,,,,,,,,,,,,,,,,,,,,,,,,,,,,3,,,3,,,,,,,,,,,,,,,,,,2,,,,,,,,,,,,,,,,,,,,,,,,,,
439956,timor leste import,626,Timor-Leste,0106,"Animales vivos, n.c.o.p. (exc. caballos, asnos, mulos, burdéganos, bovinos, porcinos, ovinos, caprinos, aves de las especies domésticas, pescados, crustáceos, moluscos y otros invertebrados acuáticos, así como cultivos de microorganismos y simil.)",,,,,,,,,,,,,,,,,,,,,,,,,,0,,0,,0,,,,,,,,,,,,,,,,,,,,,,,,,,,2,,,,,,,,,,2,,,,,,,,,,,,,,,,,,1,,1,,,,0,,,,5,,,
439956,timor leste import,626,Timor-Leste,0201,"Carne de animales de la especie bovina, fresca o refrigerada",,,,,,,,,18,18,16,35,43,,,,,,,,1,,,,,,,,,6,,,,,,,,,,,,,,0,4,10,,,4,58,1,,4,,,,,,,,,,,,,28,,,7,,,,,,,42,3,9,37,,,,75,41,13,,6,,,,,25,87,,,,,
439956,timor leste import,626,Timor-Leste,0205,"Carne de animales de las especies caballar, asnal o mular, fresca, refrigerada o congelada",,,,,,,,,,,,,,,,,,,,,,,,,,,,,,,,,,,,,,,,3,,,,,,,,,,,,,,,,,,,,,,,,,,,,,,,,,,,,,,,,,,,,,,,,,,,,,,,,,,
439956,timor leste import,626,Timor-Leste,0208,"Carne y despojos comestibles, de conejo, de liebre, de paloma y demás animales, n.c.o.p., frescos, refrigerados o congelados (exc. de bovinos, porcinos, ovinos o caprinos; de animales de las especies caballar, asnal o mular; de gallos, gallinas, patos, gansos, pavos, pintadas y otras aves de las especies domésticas)",,,,,,,,,,,,,,,,,,1,,,,,,,,1,,,,1,1,,,,,1,,,1,,,2,,,,1,,,2,,,,,,,,,,,,,,,,,,,,,,,,,,,,,,,,1,,,,,,,,,,,,,,,,,
439956,timor leste import,626,Timor-Leste,0209,"Manteca de cerdo, sin partes magras y grasa de ave sin fundir ni extraer de otro modo, frescos, refrigerados, congelados, salados o en salmuera, secos o ahumados",,,,,,,,,,,,,,,,,,,,,,,,,,,,,,,13,,,,,,,,,,,,,,1,,,,,,,2,,,,,,,,,,,,4,,,,,,,,,,,,,,,,,,,,,,,,,,,,,,,,,,
439956,timor leste import,626,Timor-Leste,0308,"Invertebrados acuáticos distintos de los crustáceos y moluscos, vivos, frescos, refrigerados, congelados, secos, salados o en salmuera, incluso ahumados",,,,,,,,,,,,,,,,,,,,,,,,,,,,,,,,,,,,,,,,,9,9,,,,,,,,,,,,,,,,,,,,,,,,,,,,,,,,,,,,,,,,,,,,,12,,,,,,,,,,,
439956,timor leste import,626,Timor-Leste,0404,"Lactosuero, incl. concentrado o con adición de azúcar u otro edulcorante; productos constituidos por los componentes naturales de la leche, incl. con adición de azúcar u otro edulcorante, n.c.o.p.",,,,,,,,,,,,,,,,,,,2,42,78,55,305,55,1,,,,,,,4,,,,3,4,,,1,2,2,,16,,1,,12,8,,,,,4,,,,,,,10,,,1,,,,,,,,,,,2,,,,17,7,,,1,,15,,,,,,,1,,,8,,2,
439956,timor leste import,626,Timor-Leste,0410,"Insectos, huevos de tortuga, nidos de pájaros y demás productos comestibles de origen animal, n.c.o.p.",,,,,,,,,,,,,,,,,,,,,,,,,,,,,,,,,,,,,,,,,,,,,,,,,,,,1,,,,,,,,,,,,,,,,,,,,,,,,,,,,,,,1,,,,,,,,,,,,,,,
439956,timor leste import,626,Timor-Leste,0501,"Cabello en bruto, incl. lavado o desgrasado, incl. desperdicios de cabello",,,,,,,,,,,,,,,,,,,,,,,,,,,,,,,1,,,,,,,,,,,,,,,,,,,,,,,,,,,,,,,,,,,,,,,,,,,,,,,,,,,,,,,,,,,,,,,,,,,
439956,timor leste import,626,Timor-Leste,0508,"Coral y materias simil., valvas y caparazones, de moluscos, crustáceos o equinodermos, incl. sus polvos y desperdicios, así como jibiones, en bruto o simplemente preparados (exc. los preparados o cortados en forma determinada)",,,,,,,,,,,,,,,,,,,,,,,,,,,,,,,,,,,,,,,,,,,,,,,,,,,,,10,,,,,,,,,,,,,2,,5,,,,,,,,,22,,,,,,,,,,,,,,,,,,,,,
439956,timor leste import,626,Timor-Leste,0511,"Productos de origen animal, n.c.o.p.; animales muertos de todo tipo, impropios para la alimentación humana",,,,,,,,,,,,,,,,,,,,,,,,,,,,,,,,,,,,,,,,,,,,1,1,1,3,,1,,,,,2,3,1,2,1,,,1,,,,,,,,,,,,,,,,,,,,,,,,,,,,,,,,,,,,,
439956,timor leste import,626,Timor-Leste,0601,"Bulbos, cebollas, tubérculos, raíces y bulbos tuberosos, turiones y rizomas, en reposo vegetativo, en vegetación o en flor; plantas, incl. plantas jóvenes, y raíces de achicoria (exc. cebollas, raíces y tubérculos para usos alimenticios, así como las raíces de achicoria de la variedad ""Cichorium intybus sativum"")",,,,,,,,,,,,,,,,,,,,,,,,,,,,,,,,,,,,,1,,,,,,,,0,,,,,,,,,,,160,,,,,,,61,,,,,,,,,,,,,,,,,,,,,,,,,,,,,,,,,,,
439956,timor leste import,626,Timor-Leste,0602,"Plantas vivas, incl. sus raíces, esquejes e injertos y micelios (exc. bulbos, cebollas, tubérculos, raíces y bulbos tuberosos, turiones y rizomas, así como plantas, incl. plantas jóvenes, y raíces de achicoria)",,,,,,,,,,,,,,,,,2,,,,3,,,,,,,,,4,4,,,,,,,,,,,0,,,,,,,,3,,,,,,1,,9,,,,,,,,,,1,,,,,,,,,2,,,,,,,,,,,,,,4,1,1,,9,51,18,16
439956,timor leste import,626,Timor-Leste,0604,"Follaje, hojas, ramas y demás partes de plantas, sin flores ni capullos, y hierbas, musgos y líquenes, para ramos o adornos, frescos, secos, blanqueados, teñidos, impregnados o preparados de otra forma",,,,,,,,,,,,,,,,,,,,,,,,,,,,,,,,,,,,,,,,,,,,,,,,,,,,,,,,2,,,,,,,,,,,,,,,,,,,,,,,,,,,,,,,,,,,,,,,,,,
439956,timor leste import,626,Timor-Leste,0705,"Lechugas ""Lactuca sativa"" y achicorias, comprendidas la escarola y la endibia ""Cichorium spp."", frescas o refrigeradas",,,,,,,,,12,9,3,4,4,1,,,,6,19,4,1,2,9,10,12,11,12,11,10,11,15,14,12,11,11,14,14,14,19,13,14,16,14,5,2,1,1,,1,,1,,,,,,1,,,,,,,,,,1,,,,,,,,,,,,1,1,,2,1,,,,,,,,,,,,,,,
439956,timor leste import,626,Timor-Leste,0711,"Hortalizas, incl. ""silvestres"", conservadas provisionalmente, p.ej., con gas sulfuroso o con agua salada, sulfurosa o adicionada de otras sustancias para asegurar dicha conservación, pero todavía impropias para consumo inmediato",,,,,,,,,,,,,2,,,,,,,,,,,,,,,,,,,,,,,,2,,1,1,,,,,1,,,,1,,2,1,1,1,1,1,1,2,,,,,,,,,,1,,,,5,,,,,,,,3,,,,2,,,,,,,4,,,,,,,
439956,timor leste import,626,Timor-Leste,0803,"Plátanos, incl. plátanos, frescos o secos",,,,,,,,,10,6,1,,,,,,,1,,,,,,,,,,,,,,,,,,,,,,,,,,,,,,,,,,,,,,,,,,,,,,,,,,,,,,1,1,,,,,,,,,,1,,,4,,,,,,,,,1,,,
439956,timor leste import,626,Timor-Leste,0812,"Frutos conservados provisionalmente, p.ej. con gas sulfuroso o con agua salada, sulfurosa o adicionada de otras sustancias para dicha conservación, pero todavía impropios para consumo inmediato",,,,,,,,,,,,,,,,,,,,,,,,,,,,,,,,,,,,,,,,,0,,,,,,,,,,,,,,,,2,,,,,,,,,,,,,,,,,,,,,,,,,,,,,,,,,,,,,,,,,
439956,timor leste import,626,Timor-Leste,0814,"Cortezas de agrios ""cítricos"", de melones o sandías, frescas, congeladas, secas o presentadas en agua salada, sulfurosa o adicionada de otras sustancias para su conservación provisional",,,,,,,,,,,,,,,,,,,,,,,,,,18,,,,,,,,,,,,,,,,,,,0,,,,,,,,,,,,,,,,,,,,,,,,,,,,,,,,,,,,,,,,,,,,,,,,,,,,,
439956,timor leste import,626,Timor-Leste,0903,Yerba mate,,,,,,,,,,,,,,,,,,,,,,,,,,,,,,,17,,,,,,,,,,,,,,,,,,,,1,1,1,,,,,,,,,,,,,,,,,,,,,,,,,,,,,,,,1,,,,,,,,,,,,,
439956,timor leste import,626,Timor-Leste,0906,Canela y flores de canelero,,,,,,,,,,,,,,,,,,,,,,6,21,25,,,,,,,,,,,,,,,,,,1,,,1,,2,1,,,,,,,,,,1,,,,,,,,,1,1,,,,,,,1,,,,,,,,,,,,,,1,1,,,1,,1,1,,
439956,timor leste import,626,Timor-Leste,0907,"Clavo de olor, frutos, clavillos y pedúnculos",,,,,,,,,,,,,,,,,,,,,,,,,,,,,,,,,,,,,,,,,,1,,,,,,,,,,,,,,,,1,,,,,,,,,,,,,,,,,,,,,,,,,,,,,,,,,1,,,,2,1,,2
439956,timor leste import,626,Timor-Leste,0909,"Semillas de anís, badiana, hinojo, cilantro, comino o alcaravea; bayas de enebro",,,,,,,,,,,,,,,,,,,,,,,,,,,,,,,,,,,,,,,,,,3,,,,1,1,1,,,3,,,2,,1,2,3,3,1,1,2,2,3,,3,2,3,,,1,,,1,1,,1,,,1,3,1,1,5,2,2,3,,2,1,2,2,2,1,4,2,1,1
439956,timor leste import,626,Timor-Leste,1001,"Trigo y morcajo ""tranquillón""",,,,,,,,,,,,,,,,,,,,,,,,,,,,,,,,,,,,,,,,,,,,,,,,,,1,,,,,,,,,,,,,,,,,,,,,,,,,,,,,,,,,,,,,,,,,,,,,,,,
439956,timor leste import,626,Timor-Leste,1003,Cebada,,,,,,,,,,,,,,,,,,,,,,,,,,,,,,,,,,,,,,,,,,,,,,,,,,,1,,,,,,,,,,,,,,,,,,,,,,,,,,,,,,,,,,,,,,,,,,,,,,,
439956,timor leste import,626,Timor-Leste,1004,Avena,,,,,,,,,,,,,,,,,,,,,,,,,,,,,,,,,,,,,,,,,,,,,,,,,,,,,1,5,,,2,,,1,,,,,,,3,,,,,1,,,,,,,,6,,,,,,,,,,,,,,,,,,
439956,timor leste import,626,Timor-Leste,1008,"Alforfón, mijo, alpiste y demás cereales (exc. trigo y morcajo o tranquillón, centeno, cebada, avena, maíz, arroz y sorgo para grano)",,,,,,,,,,,,,,,,,,,,,,,,,,,,,,,,,,,,,,,,,5,3,,,,6,,,1,7,1,,,,,,,,,4,,1,1,1,,,,19,,,,,,,,,,2,3,2,3,,10,6,5,,,,1,2,1,3,2,2,,,,
439956,timor leste import,626,Timor-Leste,1103,"Grañones, sémola y ""pellets"", de cereales",,,,,,,,,,,,,,,,,,,,,,,,,1,,,,,,,1,,,,,,,,,,1,0,,1,0,,1,,,,,,,,,,,5,1,,3,9,1,1,,1,,,4,8,1,,4,5,3,3,1,,7,6,3,7,,1,3,2,,,,1,1,3,,2,3,4,7
439956,timor leste import,626,Timor-Leste,1109,"Gluten de trigo, incl. seco",,,,,,,,,,,,,,,,,,,,,,,,,,,,,,,,,,41,,19,39,,,,,,,,,,,,,,,,,,,,,,,,,,,,,,,,,,,,,,,,,,,,,,,,,,,,,,,,,,,,,
439956,timor leste import,626,Timor-Leste,1203,Copra,,,,,,,,,,,,,,,,,,,,,,0,0,,0,,0,0,0,,0,0,0,,0,0,,0,,,,,,,,,,,,,,,,,,,,,,,,,,,,,,,,,,,,,,,,,,,,,,,,,,,,,,,,,,,,
439956,timor leste import,626,Timor-Leste,1208,Harina de semillas o de frutos oleaginosos (exc. harina de mostaza),,,,,,,,,,,,,,,,,,,,,,,,,,,,,6,,,,,,,,,,,,,,,,15,,,,,,,79,,,,,,9,8,6,4,59,4,17,7,12,14,16,12,8,14,4,7,1,,,,,,,,1,,,,,,,,,,,,,,,,
439956,timor leste import,626,Timor-Leste,1210,"Conos de lúpulo, frescos o secos, incl. quebrantados, molidos o en ""pellets""; lupulino",,,,,,,,,,,,,,,,,,,,,,,,,,,,,,,,,,,,,,,1,,,,,,0,,,,,,,,,,,,,,,,,,,,,,,,,,,,,,,,,,,,,,,,,,,,,,,,,,,,,
439956,timor leste import,626,Timor-Leste,1211,"Plantas, partes de plantas, incl. semillas y frutos de las especies utilizadas principalmente en perfumería, medicina o para usos insecticidas, parasiticidas o similares, frescos, refrigerados, congelados o secos, incluso cortados, quebrantados o pulverizados",,,,,,,,,,,,,,,,,,,,,,,,,,,,,,,,,,,,,,,,,,1,,,,,,,,0,1,4,,0,0,2,,,,,,,1,,,,,,,,,,,,,,,1,,1,,,2,,,,,,,,,,,,,,,
439956,timor leste import,626,Timor-Leste,1212,"Algarrobas, algas, remolacha azucarera y caña de azúcar, frescas, refrigeradas, congeladas o secas, incl. pulverizadas; huesos y almendras de frutos y demás productos vegetales, incl. las raíces de achicoria sin tostar de la variedad ""Cichorium intybus sativum"", empleados principalmente en la alimentación humana, n.c.o.p.",,,,,,,,,,,,,,,,,,,,,,,,,,,,,,,,4,,,,10,,1,1,,0,,,,0,2,,3,,1,1,,1,,,11,2,,,,,,,,,,,,,,,,,,,,,,1,,,,1,,,1,,,,,,,,0,,3,,
439956,timor leste import,626,Timor-Leste,1213,"Paja y cascabillo de cereales, en bruto, incl. picados, molidos, prensados o en ""pellets""",,,,,,,,,,,,,,,,,,,,,,,,,,,,,,,,,,,,,,,,,,,,,,,,,,,,,,,,,,1,,,,,,,,,,,,,,,,,,,,,,,,,,,,,,,,,,,,,,,,
439956,timor leste import,626,Timor-Leste,1301,"Goma laca, así como gomas, resinas, gomorresinas, bálsamos y otras oleorresinas, naturales",,,,,,,,,,,,,,,,,,,,,,,,,,,,,,,,,,,,,,,1,,,,,11,,,,,,,,,,,,,,,,,2,,,,,,,,,,,,,,,,,,,,,0,,,,,,,,,,,,,,,,
439956,timor leste import,626,Timor-Leste,1401,"Bambú, roten ""ratán"", caña, junco, mimbre, rafia, paja de cereales, limpiada, blanqueada o teñida, corteza de tilo y demás materias vegetales de las especies utilizadas principalmente en cestería o espartería",,,,,,,,,,,,,,,,,,,,,,,,,,,,2,,,,,7,,,,,,,,,,,,,,,,,,,,,,,4,,,,,,,,,,,,,,,,,,,,,,,,,,,,,,,,,,,,,,,,,,
439956,timor leste import,626,Timor-Leste,1402,"«Kapok» [miraguano de bombacáceas], crin vegetal, crin marina y demás materias vegetales de las especies utilizadas principalmente para relleno, incl. en capas o con soporte de otras materias",,,,,,,,,,,,,,,,,,,,,,,,,,,,,1,1,4,,,,,,,,,,,,,,,,,,,,,,,,,,,,,,,,,,,,,,,,,,,,,,,,,,,,,,,,,,,,,,,,,,,
439956,timor leste import,626,Timor-Leste,1501,"Grasa de cerdo, incl. la manteca de cerdo y de ave sin fundir ni extraer de otro modo (exc. estearina solar y aceite de manteca de cerdo)",,,,,,,,,,,,,,,,,,,,,,,,,,,,,,,,,,,,,,,,,,0,,,,,,,,,,,,,,,,,,,,,,,,,,,,,,,,,,,,,,,,,,,,,,,,,,,,,,,,
439956,timor leste import,626,Timor-Leste,1504,"Grasas y aceites, y sus fracciones, de pescado o de mamíferos marinos, incl. refinados, sin modificar químicamente",,,,,,,,,,,,,,,,,,,,,,,,,,,,,,,,6,,,,,,,,,,,,,,,,,,,,,,,,,,,,,1,,,,,,,,,,,,,,,,,,,,,,,,,,,,,,,,,,,,,
439956,timor leste import,626,Timor-Leste,1505,"Grasa de lana y sustancias grasas derivadas, incl. la lanolina",,,,,,,,,,,,,,,,,,,,,,,,,,,,,,,,,,,,,,,,,,,,,,,,3,,,2,1,1,,,,,,,,,,,,,,,,,,,,,,,4,,2,,,,,,,,,,,,,,,,,,,,
439956,timor leste import,626,Timor-Leste,1507,"Aceite de soja ""soya"" y sus fracciones, incl. refinados, sin modificar químicamente",,,,,,,,,,,,,,,,,51,,,,,,,,,,,,45,,,,,,10,,,,15,,,,15,5,,,,,,,8,,,,,,,,,,16,,,,,,,,,,141,,,,132,,,,148,,,,,,,,222,,,120,,,,154,,,,
439956,timor leste import,626,Timor-Leste,1508,"Aceite de cacahuete ""cacahuate, maní"" y sus fracciones, incl. refinados, sin modificar químicamente",,,,,,,,,,,,,,,,6,,,,,,,,,,,,,,,,,,,,,,,,,,,1,,,,,17,,,,,,,,,,,,,,,,,,,,,,,,,,,,,,,,,,,,,,,,,,,,,,,,,2,
439956,timor leste import,626,Timor-Leste,1510,"Aceites y sus fracciones obtenidos exclusivamente de la aceituna por métodos diferentes de los mencionados en la partida 1509, incl. refinados, sin modificar químicamente, incl. mezclas de estos aceites o fracciones con los aceites de la partida 1509",,,,,,,,,,,,,,,,,,,,,,,,,,,,,,,,,,,,,85,,4,,,0,,,,,,,,,,,,,,,,,,,,,,,,,,,,,,,,,,,,,,,,,,,,,,,,,,,,,,3,,
439956,timor leste import,626,Timor-Leste,1513,"Aceites de coco ""de copra"", almendra de palma  o babasú, y sus fracciones, incl. refinados, sin modificar químicamente",,,,,,,,,,,,,,0,0,,0,69,,0,,,,230,,,,,,,,,,,,,,,,,,1,,,13,0,,,,,,,,,,,,,,,,,,,,,,,,,,3,,,,,,,,2,,4,17,,3,,,,,,,,,,,,,
439956,timor leste import,626,Timor-Leste,1514,"Aceites de nabo ""de nabina"" ""de nabina"", colza o mostaza, y sus fracciones, incl. refinados, sin modificar químicamente",,,,,,,,,,,,,,,,,,,,,,,,,,,,,,,,,,,,,,,,,,,,8,,,12,,1,,14,2,,,,,,,,,,,,2,11,,,,,,,,,,,,1,,,,1,3,1,1,1,16,,,,2,,,,1,1,,,5
439956,timor leste import,626,Timor-Leste,1518,"Grasas y aceites, animales o vegetales, y sus fracciones, cocidos, oxidados, deshidratados, sulfurados, soplados, polimerizados por calor en vacío o atmósfera inerte [«estandolizados»] o modificados químicamente de otra forma (exc. de los de la partida 1516); mezclas o preparaciones no alimenticias de materias grasas o de aceites, animales o vegetales, o de fracciones de diferentes grasas o aceites del capítulo 15, n.c.o.p.",,,,,,,,,,,,,,,,,,,,,,,,,,,,,,,,,,,,,,2,,,30,6,0,1,0,2,14,2,,,,,,,44,,39,7,,,5,,,,,,,,,,,,,,,19,,,,,,,,,,,,,,,,,,,,,,
439956,timor leste import,626,Timor-Leste,1520,Glicerol en bruto; aguas y lejías glicerinosas,,,,,,,,,,,,2,,,,,,,,,,,,,,,,,,,,,,,,,,,,,,,,,,,,,,,,,,,,,,,,,,,,,,,,,,,,,,,,,,,,,,,,,,,,,,,,,,,,,,
439956,timor leste import,626,Timor-Leste,1521,"Ceras vegetales, cera de abejas o de otros insectos y esperma de ballena o de otros cetáceos ""espermaceti"", incl. refinadas o coloreadas (exc. ceras de triglicéridos)",,,,,,,,,,,,,,,,,,,,11,,113,51,,,,,,,,,,,,,,,,,,,,,,,,,,,,,,,,,,,,,,,,,,,,,,,,,,,,,,,,,,,,,1,,,,,,,,,,,,,,
439956,timor leste import,626,Timor-Leste,1522,"Degrás; residuos porcedentes del tratamiento de materias grasas o ceras, animales o vegetales",,,,,,,,,,,,,,,,,,,,,,,,,,,,,,,,,,,,,,,,,,,,,,,,,,,,,,,,,,,,,,,,,,,,,,,,,,,,,,,,,,,,,,2,,,,,,,,,,,,
439956,timor leste import,626,Timor-Leste,1603,"Extractos y jugos de carne, pescado o crustáceos, moluscos o demás invertebrados acuáticos",,,,,,,,,,,,,,,,,,,,,,,,,,,,,,,,,,,,30,11,2,4,9,12,2,0,0,,,,2,,,,,,,,,,,,,,,,,,,,,,,,,,,,,,,,,,,,,,2,,,,,,,,,,,,
439956,timor leste import,626,Timor-Leste,1801,"Cacao en grano, entero o partido, crudo o tostado",,,,,,,,,,,,,,,,,,,,,,,,,,,,,,,,,,,,,,,,,,,,,,,,,,,,,,,,,,2,2,,,,2,,,,1,,,,,,,,,,,,,,,,,,,,,,,,,,,,,,,
439956,timor leste import,626,Timor-Leste,1802,"Cáscara, películas y demás desechos de cacao",,,,,,,,,,,,,,,,,,,,,,,,,,,,,,,,,,,,,,,,,,,,,0,,,,,,,,,,,,,,,,,,,,,,,,,,,,,,,,,,,,,,,,,,,,,,,,,,,,,
439956,timor leste import,626,Timor-Leste,1803,"Pasta de cacao, incl. desgrasada",,,,,,,,,,,,,,,,,,,,,,,,,,,,,,,,,,,,,,,,,,,,,,0,,,,,,,,,,,,,,,,,,,,,,,,,,,,,,,,,,,,,,192,,,,,,,,,,,,6,,
439956,timor leste import,626,Timor-Leste,1804,"Manteca, grasa y aceite de cacao",,,,,,,,,,,,,,,,,,,,,,,,,,,,,,,,,,,,1,,,,,,,,,0,,,,,,,,,,,,1,,,,,,,,,,,,,,,,,,,,,,,,,,,,,,,,,,,,,,,,,
439956,timor leste import,626,Timor-Leste,2006,"Hortalizas, incl. ""silvestres"", frutas u otros frutos o sus cortezas y demás partes de plantas, confitados con azúcar ""almibarados, glaseados o escarchados""",,,,,,,,,,,,,,,,,,,,,,,,,,,,,,,,,15,,,,8,,,,9,2,2,1,,3,2,,,,2,12,4,42,17,14,14,2,4,2,,1,3,15,19,7,51,1,,40,29,14,,17,,14,28,13,,6,29,14,1,30,,,,,,1,,1,,,10,9,11,11
439956,timor leste import,626,Timor-Leste,2207,"Alcohol etílico sin desnaturalizar con grado alcohólico volumétrico >= 80% vol; alcohol etílico y aguardiente desnaturalizados, de cualquier graduación",,,,,,,,,,,1,,,,,,,,,,,,,,,,,,,,,0,,,,,,,,,,,,,7,1,,,,,,,,,,,,,,,,,,,,,5,,,2,,,,5,,115,1,,1,,,,,,,,32,,31,,9,,,10,,,,
439956,timor leste import,626,Timor-Leste,2303,"Residuos de la industria del almidón y residuos simil., pulpa de remolacha, bagazo de caña de azúcar y demás desperdicios de la industria azucarera, heces y desperdicios de cervecería o de destilería, incl. en ""pellets""",,,,,,,,,,,,,,,,,,,,,,,,,,,,,,,,,5,3,,59,1,,,,,,,1,,,,,,,,,,,,,,,,,,,,,,,,,,,,,,,,,,,,,8,,,,,,,,,,,,,,,,,2
439956,timor leste import,626,Timor-Leste,2308,"Bellotas y castañas de Indias, orujo y demás materias vegetales y desperdicios vegetales, residuos y subproductos vegetales, de los tipos utilizados para la alimentación de los animales, incl. en ""pellets"", n.c.o.p.",,,,,,,,,,,,,,,,,,,,,,,,,,,,,,,,,,,,,,,,,1,,,0,,,,,,,,,,,,,,,,,,,8,,,,,,,,,1,,2,1,1,,,,,,,,,,,,,,,,,,,3,,,
439956,timor leste import,626,Timor-Leste,2401,Tabaco en rama o sin elaborar; desperdicios de tabaco,,,,,,,,,,,,,,,,,,,,,,,,,,,,,,,7,2,,,,,,,,,,,,,,,,,,,,,,,,,,,,,,,,,,,,,,,,,,,,,,,,,,,,,,,,,,,,,,,,,,
439956,timor leste import,626,Timor-Leste,2403,"Tabaco elaborado y sucedáneos del tabaco elaborado, tabaco ""homogeneizado"" o ""reconstituido"", extractos de tabaco y esencias de tabaco (exc. ​​Productos de 2404 y puros, incl. Puros, puritos y cigarrillos)",,,,,,,,,,,,,,,,,,,,,,,,,,,,2,4,,,2,6,,15,,294,501,377,426,675,1013,675,842,1007,1009,1005,682,1046,342,677,502,337,340,338,339,335,,,,,,,,,,,,,,,,,,,,,,,,,91,,,,,,,,,,,,,,,,
439956,timor leste import,626,Timor-Leste,2503,"Azufre de cualquier clase (exc. el sublimado, el precipitado y el coloidal)",,,,,,,,,,,,,,,,,,,,,,,,,,,,,,,,,,,,,,,,,,,,,,0,,,,,,,,,,,,,,,,,,,,,,,,1,,,,,,,,,,,,,,,,,,,,,,,,,,,,
439956,timor leste import,626,Timor-Leste,2505,"Arenas naturales de cualquier clase, incl. coloreadas (exc. arenas auríferas y platiníferas, arenas de circón, de rutilo y de ilmenita, arenas monacíticas y arenas bituminosas o asfálticas)",,,,,,,,,,,,,,,,,,,,,,,,,,,,,,,,,0,,,19,,,,,,,1,,,,,,,,10,,,,,,,,,,,,,,,,,,,,,,,,,,,,,,,,,,,,1,,,,,,,1,,,,
439956,timor leste import,626,Timor-Leste,2506,"Cuarzo (exc. arenas naturales cuarzosas); cuarcita, incl. desbastada o simplemente troceada por aserrado o de otro modo, en bloques o en placas cuadradas o rectangulares",,,,,,,,,,,,,,,,,,,,,,,,,,,,,,,,,,,,,,,,,,,,,,,,,,,,,,,,,,,,,,,,,,,,,,,,,,,,,,,,,,,,,,,,,,,,,,,,2,,
439956,timor leste import,626,Timor-Leste,2507,"Caolín y demás arcillas caolínicas, incl. calcinados",,,,,,,,,,,,,,,,,,,,,,,,,,,,,,,,,,86,,,,,,,,,,,,,,,,,,,,,,,,,,,,,,,,,,,,,,,,,,,,,,,,,,,,,,,15,8,,,,,,,,
439956,timor leste import,626,Timor-Leste,2508,"Arcilla, andalucita, cianita y silimanita, incl. calcinadas; mullita; tierras de chamota o de dinas (exc. arcilla dilatada, caolín y demás arcillas caolínicas)",,,,,,,,,,,0,,,,,,0,,0,,,,,,,,,,,,,,,,,128,81,,,,,,,,,,,,,,,,,,,,4,,,,,,,1,,,,,,,,,,,3,,,157,,4,1,,13,,,,,,,,,,,,,,,1
439956,timor leste import,626,Timor-Leste,2509,Creta,,,,,,,,,,,,,,,,,,,,,,,,,,,,,,,,,,,,,,,,,,0,0,,0,0,,,,,,,,,,,,,,,,,,,,,,,,,,,,,,,1,,1,,2,,5,,3,4,5,,4,,,2,1,23,1,,4,
439956,timor leste import,626,Timor-Leste,2510,"Fosfatos de calcio naturales, fosfatos aluminocálcicos naturales y cretas fosfatadas",,,,,,,,,,,,,,,,,,,,,,,,,,,,,,,,,,,,,,,,,,,,1,,5,,,,,,,,,,,,,,,,,,,,,,,,,,,,,,,,,,,,,,,,,,,,1,,,,,,,,
439956,timor leste import,626,Timor-Leste,2511,"Sulfato de bario natural ""baritina""; carbonato de bario natural ""witherita"", incl. calcinado (exc. óxido de bario)",,,,,,,,,,,,,,,,,,,,,,,,,,,,,,19,,,,,,244,69,,,,,,,,,,,,,,,,,,,,,,,,,,,2,,,,,,,,,,,,,,146,,,,53,,,,,,,,,,,,,,,,
439956,timor leste import,626,Timor-Leste,2514,"Pizarra, incl. desbastada o simplemente troceada, por aserrado o de otro modo, en bloques o en placas cuadradas o rectangulares; polvo y desperdicios de pizarra",,,,,,,,,,,,,,,,,,2,,,,,,,,,,,,,,,,,,,,,,,,,,,,,,,,,,,,,,,,,,,,,,,,,,,,,,,,,,,,,,2,,,,,,,66,,,,,,,,,,,
439956,timor leste import,626,Timor-Leste,2515,"Mármol, travertinos, ""ecaussines"" y demás piedras calizas de talla o de construcción, de densidad aparente >= 2,5, y alabastro incl. desbastadas o simplemente troceadas, por aserrado o de otro modo, en bloques o en placas cuadradas o rectangulares (exc. en gránulos, tasquiles o polvo)",,,,,,,,,,,,,,,,,,,,,,,,,,,,,,,,,,2,,3,,,,9,,,,,,,,,,,,,,,,,,,,,,,,,,,,,,,,,,,,,,,,,,,,1,,28,,,,,,,,,,,,
439956,timor leste import,626,Timor-Leste,2517,"Cantos, grava, piedras machacadas, de los tipos generalmente utilizados para hacer hormigón, o para firmes de carreteras, vías férreas u otros balastos, guijarros y pedernal, incl. tratados térmicamente; macadán de escorias o de desechos industriales simil., incl. con materiales comprendidos en la primera parte de la partida; macadán alquitranado; gránulos, tasquiles ""fragmentos"" y polvo de piedras de las partidas 2515 ó 2516, incl. tratados térmicamente",,,,,,,,,,,,,,,,,,,,,,,,,,,,,,,3,,4,12,,,,,,,,,,,,,,,,,,,,,,,,,1,,,,,,,,,,,,,,,,,,,,,,5,,,2,4,,8,,,,,2,,,,6,,
439956,timor leste import,626,Timor-Leste,2518,"Dolomita, incl. sinterizada o calcinada, incl. machacada, incluida la dolomita desbastada o simplemente troceada, por aserrado o de otro modo, en bloques o en placas cuadradas o rectangulares; aglomerado de dolomita (exc. dolomita machacada para el hormigonado o para la construcción de carreteras, vías férreas u otros balastos)",,,,,,,,,,,,,,,,,,,,,,,,,,,,,,,,1,,,,,,,,,,,,,,1,,,,1,,,,,,,,1,,,,,,,1,,2,,,1,,,,,3,,1,,,,1,1,,2,,,,,,1,,,,,,,1,
439956,timor leste import,626,Timor-Leste,2519,"Carbonato de magnesio natural ""magnesita""; magnesia electrofundida; magnesia calcinada a muerte ""sinterizada"", incl. con pequeñas cantidades de otros óxidos añadidos antes de la sinterización; otro óxido de magnesio, incl. puro",,,,,,,,,,,,,,,,,,,,,,,,,,,,,,,,,,,,1,,,,,,,,,,,,,,,,,,,,,,,,,,,,,,,,,,,,,,,,,,,,,,,,,,,,,,1,,,,,,,,
439956,timor leste import,626,Timor-Leste,2520,"Yeso natural; anhidrita; yeso fraguable ""consistente en yeso natural calcinado o en sulfato de calcio"", incl. coloreado o con pequeñas cantidades de aceleradores o retardadores",,,,,,,,,,,,,,,,,,,,,2,,,,,,,,,,,,1,2,5,15,5,10,37,9,,1,,18,11,,1,1,3,5,17,25,7,11,1,14,13,5,8,1,1,1,3,7,7,,7,2,2,,1,5,6,,1,,1,1,,,,7,3,1,,2,1,,7,15,30,14,11,11,28,5,,2
439956,timor leste import,626,Timor-Leste,2521,Castinas; piedras para la fabricación de cal o de cemento,,,,,,,,,,,,,,,,,,,0,,,,,,,,,,,,,,,,,8,,,,,,,,,,,,,,,,,,,,,,,,,,,,,,,,,,,,,,,,,,,,,,,,,,,,,,,,,,,,,,
439956,timor leste import,626,Timor-Leste,2522,"Cal viva, cal apagada y cal hidráulica (exc. el óxido y el hidróxido de calcio)",,,,,,,,,,,,2,2,,,,,,0,,,,,,,,,,2,,1,,,,,1,,,,,,,,,,,,,,,,1,,,,,,1,,,,,,,,,,,,,,,,,3,,,,4,15,,,22,4,,,,,,,,,,,,,,
439956,timor leste import,626,Timor-Leste,2524,"Amianto ""asbesto"" (exc. manufacturas de amianto ""asbesto"")",,,,,,,,,,,,,,,,,2,,3,,,,,,,,,45,,,,,,,,,,,,,,,,,,,,,,,,1,1,3,4,1,,,,2,,,,,,,,,,,,,,,,,,,,,,,,,,,,,,,,,,,,,,
439956,timor leste import,626,Timor-Leste,2526,"Esteatita natural, incl. desbastada o simplemente troceada, por aserrado o de otro modo, en bloques o en placas cuadradas o rectangulares; talco",,,,,,,,,,,,,,,,,,,,,,,,,,,,,,,,,,,,,,,3,,,,,,,,,,,,,,,,,,,,,,,,,,,,,,,,,,,,,,,,,,,,,,,,,,,,,,,,,,,
439956,timor leste import,626,Timor-Leste,2529,Feldespato; leucita; nefelina y nefelina sienita; espato flúor,,,,,,,,,,,,,,,,,,,,,,,,,,,,,,,4,1,3,1,,1,,,3,,1,,,,,,,,,,2,,,,,,,,,,,,,,,,,,,,,,,,,,,,,,,,,,,,,,,,,,,,,,,
439956,timor leste import,626,Timor-Leste,2530,"Vermiculita, perlita y demás materias minerales, n.c.o.p.",,,,,,,,,,,,,,,,,,,,,,,,,,,,,,,,5,,5,,,,,,,,,,,0,,,,,,,8,,,,,,,,5,,,,,,,,,,,,,,,,,,,,,,,,,,,,,,,,1,,4,,,,
439956,timor leste import,626,Timor-Leste,2602,"Minerales de manganeso y sus concentrados, incl. los minerales de manganeso ferruginosos y sus concentrados, con un contenido de manganeso >= 20% en peso, sobre producto seco",,,,,,,,,,,,,,,,,,,,,,,,,,,,,,,,740,,1565,771,,,,544,,,,,6,,,,,,,,,,,,,,,,,,,,,,,,,1,,,,,,,,,,,,,,,,,,,,,,,,,,,,,
439956,timor leste import,626,Timor-Leste,2606,Minerales de aluminio y sus concentrados,,,,,,,,,,,,,,,,,,,,,,,,,,,,,,,,,,,,,,,,,,,,,,0,,,,,,,,,,,,,,,,,,,,,,,,,,,,,,,,,,,,,,,,,,,,,,,,,,,,
439956,timor leste import,626,Timor-Leste,2617,"Minerales y sus concentrados (exc. minerales de hierro, de manganeso, de cobre, de níquel, de cobalto, de aluminio, de plomo, de cinc, de estaño, de cromo, de volframio ""tungsteno"", de uranio, de torio, de molibdeno, de titanio, de niobio, de tantalio, de vanadio, de circonio o de los metales preciosos y sus concentrados)",,,,,,,,,,,,,,,,,,,,,,,,,,,,,,,,,,,,,,,,,0,,,,,,,,,,,,,,,,,,,,,,,,,,,,,,,,,,,,,,,,,,,,,,,,,,,,,,,,,
439956,timor leste import,626,Timor-Leste,2621,"Escorias y cenizas, incl. las cenizas de algas; cenizas y residuos procedentes de la incineración de desechos y desperdicios municipales (exc. escorias, incl. las granuladas, de la siderurgia, así como las cenizas y residuos que contengan arsénico, metal o compuestos de metales)",,,,,,,,,,,,,,,,,,,,,,,,,,,,,,,,,,8,,,,,,,0,0,,0,,,,,,,,,,,,,,,,,,,18,,,,,,,,3,,,,,,,,,,,,,,,,,,,,,,,,,,,
439956,timor leste import,626,Timor-Leste,2701,"Hullas; briquetas, ovoides y combustibles sólidos simil., obtenidos de la hulla",,,,,,,,,,,,,,,,,,,,,,,,,,,,,,,790,,1,,,,,,3,,,,,25,,,,,,,,,,,,,,,,,,,1711,,,,,,1,,22,,,,,,,,,30280,,23865,,,,,,,,,,,,,,,,
439956,timor leste import,626,Timor-Leste,2702,"Lignitos, incl. aglomerados (exc. el azabache)",,,,,,,,,,,,,,,,,,,2,,,,,,,,,,,,,,,,,,,,,,,,,,,,,,,,,,,,,,,,,,,,,,,,,,,,,,,,,,,,,,,,,,,,,,,,,,,,,,,
439956,timor leste import,626,Timor-Leste,2704,"Coques y semicoques de hulla, lignito o turba, incl. aglomerados; carbón de retorta",,,,,,,,,,,,,,,,,,,,,,,,,,,,,,,,,,,,,,,,,,,,,,,,,,,,,,,,,,,,,,,,,,,,10,,,,,,,,,,,,,,,,,,,,,,,,,,,,,,
439956,timor leste import,626,Timor-Leste,2705,"Gas de hulla, gas de agua, gas pobre y gases simil. (exc. gas de petróleo y demás hidrocarburos gaseosos)",,,,,,,,,,,,,,,,,,,,18,,,,,,,,,,,,,,,,,,,,,,,,,,,,,,,,,,,,,,,,,,,,,,,,,,,,,,,,,,,,,,,,,,,,,,,,,,,,,,
439956,timor leste import,626,Timor-Leste,2706,"Alquitranes de hulla, lignito o turba y demás alquitranes minerales, aunque estén deshidratados o descabezados, incl. los alquitranes reconstituidos",,,,,,,,,,,,,,,,,,,,,,,,,,,,,,,21,97,,23,47,,6,8,15,10,,269,109,93,11,10,124,110,107,107,159,433,,146,439,472,,,7,,,,,,,,1,,1,,,,,,,,,,,,,,,,,,,,,,,,,,,,,
439956,timor leste import,626,Timor-Leste,2707,Aceites y demás productos de la destilación de los alquitranes de hulla de alta temperatura; productos análogos en los que los constituyentes aromáticos predominen en peso sobre los no aromáticos,,,,,,,,,,,,,,,,,,,,,,,,,,,,,,,,,,,,,,,,,,,,,,0,,,,,,1,,,,,,,,,,,,,,,,,,,,,,,,,,,,,,,,,,,,,,,,,2,,,,,
439956,timor leste import,626,Timor-Leste,2708,Brea y coque de brea de alquitrán de hulla o de otros alquitranes minerales,,,,,,,,,,,,,,,,,,,,,,,,,,,1,,,,,,,,1,,,,,,,,,,,3,,,,,,,21,,,,,,,,,,,,,,,,,,,,,,,,,,,,,,,,,,,,,,,,,,,,,
439956,timor leste import,626,Timor-Leste,2709,Aceites crudos de petróleo o de mineral bituminoso,,,,,,,,,,0,,,,,,,,,,,,,,,,,,,,,,,,,,,,,,,,,,,,,,,,,,,1,,,,,,,,,,,,,,,,,,,,,,,,,,,,,,1,,,,,,,,,,,,,,,
439956,timor leste import,626,Timor-Leste,2712,"Vaselina; parafina, cera de petróleo microcristalina, ""slack wax"", ozoquerita, cera de lignito, cera de turba, demás ceras minerales y productos simil. obtenidos por síntesis o por otros procedimientos, incl. coloreados",,,,,,,,,,,,,,,,,,,,,,,,3,,,,,,,,,,,,,,1,,,6,10,0,0,2,29,,,,,,5,,,,,,,10,29,7,38,48,56,,6,29,27,14,34,41,239,225,150,14,21,,,,,,87,,26,,78,27,,,,21,,,50,,,50,105
439956,timor leste import,626,Timor-Leste,2715,"Mastiques bituminosos, ""cut backs"" y demás mezclas bituminosas a base de asfalto o de betún naturales, de betún de petróleo, de alquitrán mineral o de brea de alquitrán mineral",,,,,,,,,,,,,,,,,,,,,,,,,,,,,,,,,,54,25,340,332,210,322,25,278,6,19,490,109,36,225,181,68,57,4,2,28,2,,,24,12,,8,1,,,,,,,60,30,,,,,1,,,11,,,,,,,,,,,,,,,,,,149,44,,
439956,timor leste import,626,Timor-Leste,2802,Azufre sublimado o precipitado; azufre coloidal,,,,,,,,,,,,,,,,,,,,,,,,,,,,,,,,,,,,,,,,,,,,,,,,,,,,,,,,,,,,,,,,,,,,,,,,,,,,,,,,,,,,,,,,,,,,,2,,,,,
439956,timor leste import,626,Timor-Leste,2803,"Negros de humo y otras formas de carbono, n.c.o.p.",,,,,,,,,,,,,,,,,,,,,,,,,,,,,,,1,,,,,,,,,,0,0,0,0,0,0,,,,,,1,,,,,,,,,,,,,,,,,,,,,,,,,,,3,,,,,,,,,,,,,,,,,,,
439956,timor leste import,626,Timor-Leste,2805,"Metales alcalinos o alcalinotérreos; metales de las tierras raras, escandio e itrio, incl. mezclados o aleados entre sí; mercurio",,,,,,,,,,,,,,,,,,,,,,,,,,,,,,,2,3,1,1,,1,1,4,2,23,3,1,1,1,0,1,,3,,,2,2,,,,1,1,,1,1,3,,,,,,,,,,,,,,,,,,,,,,,,,,,,,1,,,,,,,,
439956,timor leste import,626,Timor-Leste,2806,"Cloruro de hidrógeno ""ácido clorhídrico""; ácido clorosulfúrico",,,,,,,,,,,,,,,,,,,,,,,,,,,,,,1,,,,,2,,,,,,,,,0,,,,,2,,,,,,,,,1,,,,,,,,,,,,,1,,,,,,,,,,,,1,,2,,,,1,2,,,,,,1,,1
439956,timor leste import,626,Timor-Leste,2807,"Ácido sulfúrico, óleum",,,,,,,,,4,,2,,,,,,,,,,,,,,,,,,,,,6,,,,,,,,7,0,,,0,1,,,,,,,,,,,,1,,,,,,,,,,,,,,,,,,,,,,,,,,,,,,,,,,,,,,,,,
439956,timor leste import,626,Timor-Leste,2808,Ácido nítrico; ácidos sulfonítricos,,,,,,,,,,,,,,,,,,,,,,,,,,,,,,,,,,,,,,,,,,,,,0,,,,,,,,,,,,,,,,,,,,,,,,,,,,,,,,,,,,,7,21,,22,,,,4,,,,,,,,,
439956,timor leste import,626,Timor-Leste,2809,"Pentaóxido de difósforo; ácido fosfórico; ácidos polifosfóricos, incl. de constitución química no definida",,,,,,,,,,,,,,,,,,,,,,,,,,,,,,,,,,,,,,,,,,,,,,,,,,,,,,,,,,,,1,,,,,,,,,,,,,,,,2,2,,1,,,1,,1,1,1,,,,1,,,,,,1,,
439956,timor leste import,626,Timor-Leste,2810,Óxidos de boro; ácidos bóricos,,,,,,,,,,,,,,,,,,,,,,,,10,,,,,,,,,,,,,,,,,,,,,,,,,,,,,,,,,,,,,,,,,,,,,,,,,,,,,,,,,,,,,,,1,,,,,,,,,,,
439956,timor leste import,626,Timor-Leste,2811,"Ácidos inorgánicos y compuestos oxigenados inorgánicos de los elementos no metálicos (exc. cloruro de hidrógeno ""ácido clorhídrico"", ácido clorosulfúrico, ácido sulfúrico, óleum, ácido nítrico, ácidos sulfonítricos, pentaóxido de difósforo, ácido fosfórico, ácidos polifosfóricos, óxidos de boro y ácidos bóricos)",,,,,,,,,,,,,,,,,,,,,,,,,,,,,,,,,,,,,,,,,,,0,0,0,,,1,,,,3,,,1,2,,,,4,11,103,269,46,23,,,,,12,,3,,,,3,20,4,,,,,,3,2,,1,,,,,9,1,,9,,25,9
439956,timor leste import,626,Timor-Leste,2812,Halogenuros y oxihalogenuros de los elementos no metálicos,,,,,,,,,,,,,,,,,,,,,,,,,,,,,,,,,,,,,,,,,,,,,,,,,,,,,,,,,,,,,,,,,,,,,,,,,,,,,,,,,,,,,,,,,,,,,,,,,11,
439956,timor leste import,626,Timor-Leste,2814,Amoníaco anhidro o en disolución acuosa,,,,,,,,,,,,,,,,,,,,,,,,,,,,,,,,,,,,,,,,,,,,,,,,,,,,,,,,,,,,,,,,,,,,,,,,,,,,,,,,,,,,,,,,,,,,,,1,,,,
439956,timor leste import,626,Timor-Leste,2817,Óxido de cinc; peróxido de cinc,,,,,,,,,,,,,,,,,,,,,,,,,,,,,,,,,,,,4,,,,,,,0,,,,,,,,,,,,,1,,,,,,,,,,,,,,,,,,,,,,,,,,,,,,,,,,,,,,,,,,
439956,timor leste import,626,Timor-Leste,2821,"Óxidos e hidróxidos de hierro; tierras colorantes con un contenido de hierro combinado >= 70% en peso, expresado en Fe2O3",,,,,,,,,,,,,,,,,,,,,,,,,,,9,,2,2,,,7,9,2,,,13,6,6,6,2,,5,,,4,,12,,2,,,3,,3,,,4,1,5,3,,2,,,1,,,,,,,,,,,,,,,,,,,,,,,,,,,,,,,
439956,timor leste import,626,Timor-Leste,2825,"Hidrazina e hidroxilamina y sus sales inorgánicas; bases inorgánicas, así como óxidos, hidróxidos y peróxidos de metales, n.c.o.p.",,,,,,,,,,,,,,,,1,,,,,,,,,7,,3,1,13,11,3,2,2,,,2,,35,,,,,,,,,,,,,,,,,,,,,,,,,,,,,,,,,,,,,,,,,,,,,1,,,,,,,,,,,,,,,
439956,timor leste import,626,Timor-Leste,2826,"Fluoruros; fluorosilicatos, fluoroaluminatos y demás sales complejas del flúor",,,,,,,,,,,,,,,,,,,,,,,,,,,,,,,,,,,,,,,,,,,,,,,,3,,,,,,,,,,,,,,,,,8,,,,,,2,,,,3,1,,,,,,,,,,,,,2,1,,,,,,,,
439956,timor leste import,626,Timor-Leste,2828,Hipocloritos; hipoclorito de calcio comercial; cloritos; hipobromitos,,,,,,,,,,,196,,,,,,,,,,,,,,,,,,,,,,,,,,,,,,,,,0,4,,,,,,,1,,,4,,6,,,,,,4,,,,,,5,1,,3,,2,5,1,1,2,1,,,1,1,,4,1,,,,25,,,,,4,,1,
439956,timor leste import,626,Timor-Leste,2829,Cloratos y percloratos; bromatos y perbromatos; yodatos y peryodatos,,,,,,,,,,,2,,,,,,,,,,,,,,,,,,,,,1,,,,,,,,,,,,,,,,,,61,,,,,37,,,,,,,,,,,,,,,,,,,,,,,,1,,,,,,,,,,,,,54,,,,,,
439956,timor leste import,626,Timor-Leste,2830,"Sulfuros; polisulfuros, incl. de constitución química no definida",,,,,,,,,,,,,,,,,,,,,,,,,,,,,,,,,,,,,,,,,,,,,,,,,,,,,,,,,,,,,,,,,,,,,,,,,,,,,,,,,,,,,,,1,,,,,,,,,,,
439956,timor leste import,626,Timor-Leste,2832,Sulfitos; tiosulfatos,,,,,,,,,,,,2,,,,,,,,,,,,,,,,,,,,,,,,,,,,,,,,,,,,,,,,,,,,,,,,,,,,,,,,,,,1,,,,,,,,,,,,,,,,,,11,11,,1,,4,,,1,
439956,timor leste import,626,Timor-Leste,2833,"Sulfatos; alumbres; peroxosulfatos ""persulfatos""",,,,,,,,,,,,,,,,,,,,,,,,,,,,,,,,,,,,,,7,6,,,,,7,,,4,,,,,,,,1,7,,,,1,,1,,,1,,,,,,,,,,,,7,,41,173,,,374,24,36,,,,,2,7,,,,,3,,
439956,timor leste import,626,Timor-Leste,2835,"Fosfinatos ""hipofosfitos"", fosfonatos ""fosfitos"" y fosfatos; polifosfatos, incl. de constitución química no definida",,,,,,,,,,,,,,,,,,,,,,,,,,,,,,,,,,,2,3,,,,9,,,,,1,,3,,,,,,,,,,,,,,,,,,,,,,,,,,,,,,,,,,,1,,,,,,,,,,,,,,,,
439956,timor leste import,626,Timor-Leste,2836,"Carbonatos; peroxocarbonatos ""percarbonatos""; carbonato de amonio comercial que contenga carbamato de amonio",,,,,,,,,,,,,,,,,,,,,,,,,,,,,,,,2,,,,19,,,,,,,,,,,,,,,,,,,,,,,,1,,,,,,,,,,8,,9,7,2,,,,,82,72,37,,14,,1,27,14,,,1,,,3,,,16,,
439956,timor leste import,626,Timor-Leste,2839,Silicatos; silicatos comerciales de los metales alcalinos (exc. compuestos inorganicos u organicos de mercurio),,,,,,,,,,,,,,,,,,,,,,,,,,,,,,,,,,,,,,,,,,,,,,,,,,,,,9,3,,,,,,,6,,,,,,,,,,,,,,,,,,2,,,,,,,,,,,,,,,,,,,
439956,timor leste import,626,Timor-Leste,2840,"Boratos; peroxoboratos ""perboratos""",,,,,,,,,,,,,,,,,,,,,,,,,,,,,,,,,,,,,,,,,,,,,,,,,,,,,,,,,,,,,,,,,,,,,,,,1,,,,,,,,,,,,,,,,,,,,,,,,,,
439956,timor leste import,626,Timor-Leste,2843,"Metal precioso en estado coloidal; compuestos inorgánicos u orgánicos de metal precioso, aunque no sean de constitución química definida; amalgamas de metal precioso",,,,,,,,,,,,,,,,,,,,,,,,,,,,,,,,,,,,,,,2,,,,,,,,,,,,,,,,,,,,,,,,,,,,,,,,,,,,,,,,1,,,,2,,20,,,,,,,,,,,,,
439956,timor leste import,626,Timor-Leste,2849,"Carburos, aunque no sean de constitución química definida",,,,,,,,,,,,,,,,,,,,,,,,,,,,,,,,,,,,,,,,,,24,,,,,,,24,,,,,,,21,,,,,,,20,,,,22,7,,23,,,,,13,,,,34,,,,,,,,,,,,,,,,,,,
439956,timor leste import,626,Timor-Leste,2901,Hidrocarburos acíclicos,,,,,,,,,,,,,,,,,,,,,,,15,9,,,,,,,,,,,,,43,,,,,,,0,,,,,,,,,,,1,,,,,,,,,,,,,,,,,,,,,,,,26,,,,,,,,,,,,,,,,3,,,
439956,timor leste import,626,Timor-Leste,2902,Hidrocarburos cíclicos,,,,,,,,,,,,,,,,,,,,,,,,,,,,,,,,,,,,,1,,,,,,,,0,0,,,,,,,,,,,,,,,,,,,,,,,,,,,,,,,,,,,,,,,,,,,,,9,,,,1,,,
439956,timor leste import,626,Timor-Leste,2906,"Alcoholes cíclicos y sus derivados halogenados, sulfonados, nitrados o nitrosados",,,,,,,,,,,,,,,,,,,,,,,,,,,,,,,,,,,,,,,,,,,,,,,,,,,,,,,,,,,,,,,,,,,,,,,,,,,,,,,,,,,,,,,,,,,,,,1,,,,
439956,timor leste import,626,Timor-Leste,2907,Fenoles; fenoles-alcoholes,,,,,,,,,,,,,,,,,,,,,,,,,,,,,,,,,,,,,,,,,,,0,,0,,,,,2,2,3,,3,,,,,,,,6,,,,,,,,,,,,,,,,,1,,,,,,,,,,,,,,,,,,,
439956,timor leste import,626,Timor-Leste,2910,"Epóxidos, epoxialcoholes, epoxifenoles y epoxiéteres, con tres átomos en el ciclo, y sus derivados halogenados, sulfonados, nitrados o nitrosados",,,,,,,,,,18,,,,,,,,,,,,,,,,,,,,,,,,,,,,,,,,,,,,,,,,,,,,8,4,,,,,,,,,,1,,,,,,,,,,,,,,,,,,,,,,,,,,,,,,,,,
439956,timor leste import,626,Timor-Leste,2912,"Aldehídos, incl. con otras funciones oxigenadas; polímeros cíclicos de los aldehídos; paraformaldehído",,,,,,,,,,,18,,,,,,,,,,16,,,,,,,,,,,,,,,5,,,,,,,,,0,,,,,,,,,,,,,,,,,,,1,1,,,,,,,,,,,,2,,,,,,4,,,,,,,1,8,,,,9,,,
439956,timor leste import,626,Timor-Leste,2915,"Ácidos monocarboxílicos acíclicos saturados y sus anhídridos, halogenuros, peróxidos y peroxiácidos; sus derivados halogenados, sulfonados, nitrados o nitrosados",,,,,,,,,,,,,,,,,,,,,,,,,,,,,,,,,,,,,,,,,0,3,,,,1,,,,,,2,,,,,7,,,,,2,,,1,,,,,,,15,1,,,,1,2,,,,,,,7,,,,,,1,,,,,,,
439956,timor leste import,626,Timor-Leste,2916,"Ácidos monocarboxílicos acíclicos no saturados y ácidos monocarboxílicos cíclicos, sus anhídridos, halogenuros, peróxidos y perioxiácidos; sus derivados halogenados, sulfonados, nitrados o nitrosados",,,,,,,,,,,,,,,,,,,,,,,,,,,,,,,,,172,,,,,,,,,,,,,,,,,,,,,,,,,,,,,,,,,,,1,13,,,,,,,10,,,,,,,,,,,,,,,,,,,,,,
439956,timor leste import,626,Timor-Leste,2917,"Ácidos policarboxílicos, sus anhídridos, halogenuros, peróxidos y peroxiácidos; sus derivados halogenados, sulfonados, nitrados o nitrosados",,,,,,,,,,,,,,,,,,,,,,,,,,,,,,,,,,,,,,,,,,,,,,,,,,,,,,,,,,,,,,,,7,,,,,,,,,,,,,,,8,,,2,,,,,,,,,,,,,,,,
439956,timor leste import,626,Timor-Leste,2918,"Ácidos carboxílicos con funciones oxigenadas suplementarias y sus anhídridos, halogenuros, peróxidos y peroxiácidos; sus derivados halogenados, sulfonados, nitrados o nitrosados",,,,,,,,,,,,,,,,,,,,,,,,,,,,,,,,,,,,8,4,,,,,,,,,,,,,,,,,,,1,,,1,2,,,,,,,,4,1,,1,,,,,,,,7,,,,12,1,1,4,,,,1,2,2,6,11,3,1,,1
439956,timor leste import,626,Timor-Leste,2919,"Ésteres fosfóricos y sus sales, incl. los lactofosfatos; sus derivados halogenados, sulfonados, nitrados o nitrosados",,,,,,,,,,,,,,,,,,,,,,,,,,,,,,,,,,,,,,,,,,,,,2,74,66,58,64,44,50,91,17,52,17,,,,,,,,,,,,,,,,,,,,,,,,,,,,,,,,,,,,,,,,,,,
439956,timor leste import,626,Timor-Leste,2920,"Ésteres de ácidos inorgánicos de los no metales y sus sales; sus derivados halogenados, sulfonados, nitrados o nitrosados xc. ésteres de halogenuros de hidrógeno y de ésteres de ácido fosfórico, sus sales y sus derivados sulfonados halogenados,,)",,,,,,,,,,,,,,,,,,,,,,,,,,,,,,,,,,,,,,,,,,,,,,,,,,,,,,,,,,,,,,,,,,,,,,,,,,,,,,,,,,,,,,,,,,,,1,,,,,,1
439956,timor leste import,626,Timor-Leste,2921,Compuestos con función amina,,,,,,,,,,,,,,,,,,,,,,,,,,,,,,,,,,,,,217,,,1,,,,,,,,,,,,,,,,,,,,,,,,,,,,,,,,,,,2,,,,,,,19,69,123,7,9,34,,,,,37,9,,29,37,,
439956,timor leste import,626,Timor-Leste,2922,Compuestos aminados con funciones oxigenadas,,,,,,,,,,,,,,,,,70,97,,64,24,20,74,31,,,,,,,,,,1,2,,,,,,1,5,10,0,,1,2,1,8,27,2,2,5,1,,1,3,,2,4,1,13,28,73,1,1,1,,,4,5,9,6,1,5,4,1,10,2,,15,4,3,1,,,12,,23,9,4,23,58,9,10,10,15,23
439956,timor leste import,626,Timor-Leste,2923,"Sales e hidróxidos de amonio cuaternario; lecitinas y demás fosfoaminolípidos, incl. de constitución química no definida",,,,,,,,,,,,,,,,,,,,,,,,,,,,,,,,,,,,,,,,,,,,,0,,,,,,,,,,,3,,,,,,,,,,,,,,,,,,,1,,,,,,,,,,,,,,,,,,,,,,,
439956,timor leste import,626,Timor-Leste,2924,Compuestos con función carboxiamida; compuestos con función amida del ácido carbónico,,,,,,,,,,,,,,,,,1,,1,1,,,,,,,,,,,,,,,,,,,,,,,,,,,,,,,,,,,,,,,,,1,,783,168,,,,,,,,,,,,,,,,,,,,1,,2,,,,4,,,,,,,,
439956,timor leste import,626,Timor-Leste,2927,"Compuestos diazoicos, azoicos o azoxi",,,,,,,,,,,,,,,,,,,40,,59,55,56,,,,,,,,,,,,,,,,,,,,,,,,,,,,,,,,,,,,,,,,,,,,,,,,,,,,,,,,,,,,,,,,,,,,,,,,,,,
439956,timor leste import,626,Timor-Leste,2928,Derivados orgánicos de la hidrazina o de la hidroxilamina,,,,,,,,,,,,,,,,,,,,,,,,,,,,,,,,,,,,,,,,,0,,,,,,,,,,,,,,,,,,,,,,,,,,,,,,,,,,,,,,,,,,,,,,,,,,,,,,,,,
439956,timor leste import,626,Timor-Leste,2929,"Compuestos con funciones nitrogenadas (exc. compuestos con función amina; compuestos aminados con funciones oxigenadas; sales e hidróxidos de amonio cuaternario; lecitinas y otros fosfoaminolípidos; compuestos con función carboxiamida, con función amida del ácido carbónico, con función carboxiimida o con función imina, con función nitrilo, compuestos diazoicos, azoicos o azoxi y derivados orgánicos de la hidrazina o de la hidroxilamina)",,,,,,,,,,,,,,,,,,,12,,,,,54,,,,,,,,,,,,,,,,,,,,,,,,,,,,,,,,,,,,,7,,,,1,,,1,,,,,,,,,,1,1,,,1,3,2,7,,,,,,,22,10,,4,,37,50
439956,timor leste import,626,Timor-Leste,2930,Tiocompuestos orgánicos,,,,,,,,,,,,,,,,,,5,,,,,,,,,,,,,,,,,,,,,,,,,,,,,,,,,,,,,,,,,,,,,,,,,,,,,,,,,,,,,,,,,,,,,,,,,,5,,,,,,
439956,timor leste import,626,Timor-Leste,2931,Constitución química definida compuestos órgano-inorgánicos (excepto los compuestos orgánicos sulfurados y las de mercurio),,,,,,,,,,,,,,,,,,,,,,,,,,,,,,,,,,,,,,,,,,,,,,,,,,,,,,,,,,,,2,,7,,,,,,,,,,2,,3,,,,,,1,,,,,,2,,,,,,,,,1,,,
439956,timor leste import,626,Timor-Leste,2932,Compuestos heterocíclicos con heteroátomo/s de oxígeno exclusivamente,,,,,,,,,,,,,,,,,,,,,,,,,,,,,,,,,,,,,,67,,,,,,,,,,,,,,,,,,,,,,,,,16,,,,,,,,,,,,,,,,,,,,2,1,,,,,,5,,,4,,,,,
439956,timor leste import,626,Timor-Leste,2934,"Ácidos nucleicos y sus sales, incl. de constitución química no definida; compuestos heterocíclicos (exc. con heteroátomo/s exclusivamente de oxígeno o exclusivamente de nitrógeno)",,,,,,,,,,,,,,,,,,,,,,,,,,,,,,,,,,,,,,,,,,,,,,,,,,,,,,,1,,,,,,,,271,66,,,,,,,,,,,,,,,,,,,,,,,,,4,,,,,,,,,
439956,timor leste import,626,Timor-Leste,2935,Sulfonamidas,,,,,,,,,,,,,,,,,,,6,,,7,,,,,,,,,,,,,,,,,,,,,,,,,,,,,,,,,,,,,,,,,16,65,,,,,,,,,,,,,,,,,,,,,,,,,2,,,,,,,,,
439956,timor leste import,626,Timor-Leste,2937,"Hormonas, prostaglandinas, tromboxanos y leucotrienos, naturales o reproducidos por síntesis; sus derivados y análogos estructurales, incl. los polipéptidos de cadena modificada, utilizados principalmente como hormonas",,,,,,,,,,,,,,,,,,,,,,,,2,,,,,,,,6,,,,16,,,,,,,,,,,,,,,,,,,,,,6,,,,,234,,,,,,,,,,,,,,,,,,,,,,,,,,3,1,,,,3,,,,
439956,timor leste import,626,Timor-Leste,2938,"Heterósidos, naturales o reproducidos por síntesis; sus sales, éteres, ésteres y demás derivados",,,,,,,,,,,,,,,,,,,,,,,,,,,,,,,,,,,,,,,,,,,,,,,,,,,,,,,,,,,,,,,,,,,,,,,,,,,,,,,,,,,,,,,,,3,,,,,,,,,
439956,timor leste import,626,Timor-Leste,2939,"Alcaloides, naturales o reproducidos por síntesis, sus sales, éteres, ésteres y demás derivados",,,,,,,,,,,,,,,,,,,,,,,,,,,,,,,,,,,,,,,,,,,,,,,,,,,,,,,2,2,,,,,,,64,,,,,2,,,,,,,,,,,,,,9,3,,,,,,,,,,3,7,8,,,
439956,timor leste import,626,Timor-Leste,2940,"Azúcares químicamente puros (exc. sacarosa, lactosa, maltosa, glucosa y fructosa ""levulosa""); éteres, acetales y ésteres de los azúcares y sus sales (exc. provitaminas, vitaminas, hormonas, heterósidos y alcaloides vegetales, naturales o reproducidos por síntesis; sales, éteres, ésteres y demás derivados de estos productos)",,,,,,,,,,,,,,,,,,,,,,,,,,,,,,,,,,,,,6,,13,,,,,,,,,,,,,,,,,,,,,,,,,,,,,,,,,,,,,1,,,2,,,,,,2,,,,,1,,,,,,,,3
439956,timor leste import,626,Timor-Leste,2941,Antibióticos,,,,,,,,,,,,,,,,,,,,,,,,,,,,,,63,92,12,134,,,,1,,117,,,,,,,,,,,,,3,,,,,,6,,1,1,1,6,2,,9,,,,,,,,,,,,,,,,,,3,,,,,9,25,4,4,,29,,5,,
439956,timor leste import,626,Timor-Leste,2942,"Compuestos orgánicos de composición química definida, n.c.o.p.",,,,,,,,,,,,,,,,,,,,,,,,,,,,,2,,,,5,,,,,39,,,,,0,,,,,,,,,,,,,,,,,,,,115,,,,11,,,,,,,,,,,,,,,,,,,,,,,,,,,,,,,
439956,timor leste import,626,Timor-Leste,3001,"Glándulas y demás órganos para usos opoterápicos, desecados, incl. pulverizados; extractos de glándulas o de otros órganos o de sus secreciones, para usos opoterápicos; heparina y sus sales; las demás sustancias humanas o animales preparadas para usos terapéuticos o profilácticos, n.c.o.p.",,,,,,,,,,,,,,,,,,,,,,,,,,,,,1,4,,,,1,,2,,,,,6,,,,0,,,,,,,,,,,,,,,,,,,,,,4,,,,,,,,,,,,,,,,,2,,,10,,3,,,,1,1,7,,,
439956,timor leste import,626,Timor-Leste,3103,Abonos minerales o químicos fosfatados (exc. en tabletas o formas simil. o en envases de un peso bruto <= 10 kg),,,,,,,,,,,,,,,,,,,,,,,,,,,,,,,,,,,,,,10,,,,,,,,,,31,,,,4,,,,,9,7,10,,6,,7,6,17,,,4,7,,4,8,,,,9,19,,15,,7,7,,,15,,,,,15,,,7,,,,,
439956,timor leste import,626,Timor-Leste,3104,Abonos minerales o químicos potásicos (exc. en tabletas o formas simil. o en envases de un peso bruto <= 10 kg),,,,,,,,,,,,,,,,,,,,,,,,,,,,,,8,,,,10,,287,40,27,,,,,,,,,,24,,,,4,,,,2,,,,,,,1,,,,3,,,,,2,8,,,,3,54,12,35,,,85,76,9,,,,,,,,,,17,1,37,
439956,timor leste import,626,Timor-Leste,3105,"Abonos minerales o químicos, con dos o tres de los elementos fertilizantes: nitrógeno, fósforo y potasio; los demás abonos (exc. abonos de origen exclusivamente animal o vegetal o abonos minerales o químicos nitrogenados, fosfatados o potásicos); abonos de origen animal o vegetal, minerales o químicos, en tabletas o formas simil. o en envases de un peso bruto <= 10 kg",,,,,,,,,,,,,,,,,,,,,,,,,,,,,36,,,,,,,7,7,,,,4,,125,38,41,8,96,58,,13,,7,7,11,,13,5,12,,,4,14,2,20,24,,6,,,,16,,1,12,,,16,,17,,1,1,6,,10,6,,,19,3,88,15,26,14,,41,1,2
439956,timor leste import,626,Timor-Leste,3201,"Extractos curtientes de origen vegetal; taninos y sus sales, éteres, ésteres y demás derivados",,,,,,,,,,,,,,,,,,,,,,,,,,,,,,,,,,,,,,,,,0,,,,,,,,,,,,,,,,,,,,,,,1,,,,,,,,,,,,,,,,,,,,,,,,,,,,,,,,,,
439956,timor leste import,626,Timor-Leste,3202,"Productos curtientes orgánicos sintéticos; productos curtientes inorgánicos; preparaciones curtientes, incl. con productos curtientes naturales; preparaciones enzimáticas para precurtido",,,,,,,,,,,,,,,,,,,,,,,,,,,,,,,,,,,,,5,,,,,,,,,,,,,,,,,,,,,,,,,,,7,,,,,,,,,,,,,,,,,,,,,,,,,,,,,,,,,,
439956,timor leste import,626,Timor-Leste,3205,"Lacas colorantes (exc. goma laca de China o del Japón y pinturas laqueadas); preparaciones a base de lacas colorantes, del tipo de las usadas para colorear cualquier materia o como ingredientes para fabricar preparaciones colorantes (exc. preparaciones de las partidas 3207 a 3210, 3212, 3213 y 3215)",,,,,,,,,,,,,,,,,,,,,,,,,,,,,,,,,,,,,,,,,,,,,,0,,,,,,,,,,,,,,,,,,,,,,,,,,,,,,,,,,,,,,,,,,,,,,,,,,,,
439956,timor leste import,626,Timor-Leste,3206,"Materias colorantes inorgánicas o minerales, n.c.o.p.; preparaciones a base de materias colorantes inorgánicas o minerales, del tipo de las usadas para colorear cualquier materia o como ingredientes para fabricar preparaciones colorantes (exc. preparaciones de las partidas 3207 a 3210, 3212, 3213 y 3215); productos inorgánicos de los tipos utilizados como luminóforos, aunque sean de constitución química definida",,,,,,,,,,,,,,3,,,,3,6,,3,3,3,,,3,,,,,,15,3,7,5,2,2,2,2,1,1,2,,0,1,0,1,,5,5,,1,9,3,5,3,9,35,14,23,20,,,,,1,,1,,,,,,,,,,,,,,,,,,,,,,,,,,,,,,1
439956,timor leste import,626,Timor-Leste,3302,"Mezclas de sustancias odoríferas y mezclas, incl. las disoluciones alcohólicas, a base de una o varias de estas sustancias, de los tipos utilizados como materias básicas para la industria; las demás preparaciones a base de sustancias odoríferas, de los tipos utilizados para la elaboración de bebidas",,,,,,,,,,,,,32,,,4,,,,,,,,1,,,4,,,,1,,,,,,,,,,1,,7,0,,,,,,,,,12,30,3,,,4,5,126,,1,1,1,3,1,5,16,,,50,,,,,,,,1,,,2,,,,,,,1,,,3,12,,1,,,1
439956,timor leste import,626,Timor-Leste,3404,Ceras artificiales y ceras preparadas,,,,,,,,,,,,,,,,,,,,,,,,,,,,,,,,,1,,,1,,,,,0,,,23,,,,,,,,,,,,,,,,,,,,,,,,,,,,,,,,,,,,,,,,,,,,,,,,,,,,,,
439956,timor leste import,626,Timor-Leste,3501,"Caseína, caseinatos y demás derivados de la caseína; colas de caseína (exc. acondicionadas para la venta al por menor, de peso neto <= 1 kg)",,,,,,,,,,,,,,,,,,,,,3,,,,,,,,,,,,,,,,,,,,0,2,2,1,2,1,1,3,2,,,,,,,,,,,,,,,,,,,,,,,,,,,,,,,,,,,,,,,,,,,,,,,,,
439956,timor leste import,626,Timor-Leste,3502,"Albúminas, incl. los concentrados de varias proteínas del lactosuero, con un contenido de proteínas del lactosuero > 80% en peso, calculado sobre materia seca; albuminatos y demás derivados de las albúminas",,,,,,,,,,,,,,,,,,,,,,,,,,,,,,,,,,,,,,,,,,0,,,,,,,,,,,,,,,,,,,,,,,,,,,,,,,,,,,,,,,,,,,,,,,,,,,,,,,,
439956,timor leste import,626,Timor-Leste,3504,"Peptonas y sus derivados, otras sustancias proteicas y sus derivados, ncop; polvo de ocultar, incluso tratado al cromo (excepto los compuestos inorgánicos u orgánicos de mercurio, ya sea de constitución química definida)",,,,,,,,,,,,,,,,,,,,,,,,,,,,,,,,,,,,,,,,,,,,,,,,,,,,,,,,,,,,,,,,,,,,,,,,,,,,,,,,1,,,,,,,,,,,,,,,,,,
439956,timor leste import,626,Timor-Leste,3507,"Enzimas; preparaciones enzimáticas, n.c.o.p.",,,,,,,,,,,,,,,,,,,,,,,,,,,,,,,,,,,61,,,,,,,,,0,0,,,,,1,,,,,,,,,,,,,71,,,,,,,,2,,,,,,,,,,,,,,,,,,,,,1,,,,,,
439956,timor leste import,626,Timor-Leste,3601,Pólvora,,,,,,,,,,,,,,,,,,,,,,,,,,,,,,,,,,,,,,,,,,,,,,,,,,,,,,,,,,,,,,,,,,,,,,,,,,,,,,,,,,,,,1,,,,,,,,,,,,,
439956,timor leste import,626,Timor-Leste,3602,Explosivos preparados (exc. la pólvora),,,,,,,,,,,,,,,,,,,,,,,,,,,,,,,,,,,,22,,,,,,,,,,,,,,,,,,,,,,,,,,,,,,,,,13,,13,,,,,,29,28,75,111,12,121,,166,,,,,,2,,,,,,,,
439956,timor leste import,626,Timor-Leste,3603,"Mechas de seguridad; cordones detonantes; cebos y cápsulas fulminantes; inflamadores; detonadores eléctricos (exc. espoletas de proyectiles y vainas, con cebos o sin ellos)",,,,,,,,,,2,,,1,1,,,,,,,,,,,,,,,,,,,,,,1,,,,,,1,0,1,0,12,,3,,,,,,,,2,1,,,,2,,,22,,,,,5,,75,13,,,,,18,17,25,17,12,34,,141,,5,,,,12,,,,,,,,
439956,timor leste import,626,Timor-Leste,3701,"Placas y películas planas, fotográficas, sensibilizadas, sin impresionar (exc. de papel, de cartón o de textiles); películas fotográficas planas autorrevelables, sensibilizadas, sin impresionar, incl. en cargadores",,,,,,,,,,4,6,1,,,,22,7,,,,,,1,,,,,,,,,,,,,,,,0,18,,0,0,,8,0,,6,23,10,15,1,,,9,32,1,,,1,,5,15,,,,1,,,,11,,2,,,,12,,12,,9,23,27,36,7,98,,,,3,,,,,,11,,15
439956,timor leste import,626,Timor-Leste,3702,"Películas fotográficas en rollos, sensibilizadas, sin impresionar (exc. de papel, de cartón o de textiles); películas fotográficas autorrevelables en rollos, sensibilizadas, sin impresionar",,,,,,,,,,,2,,,,,,11,,10,,,,,,,2,,,,,,,,,,,1,6,,,,,,0,0,4,,,,1,,,,,,1,,,,7,,,,,,,,1,,,12,5,11,,,,,,,,,,,,,,1,,,,,,,,,1,,
439956,timor leste import,626,Timor-Leste,3703,"Papel, cartón y textiles, fotográficos, sensibilizados, sin impresionar",,,,,,,,,,,,,,,,,,,,,,,,,,,,,,,,,,16,,,4,,1,5,0,,2,3,9,,,,,,1,1,4,1,1,1,,3,3,2,3,1,,2,1,2,1,1,1,2,4,19,2,1,3,2,6,3,5,3,6,1,15,1,4,8,4,,,2,1,1,5,8,6,2,,
439956,timor leste import,626,Timor-Leste,3704,"Placas, películas, papel, cartón y textiles, fotográficos, impresionados pero sin revelar",,,,,,,,,,,,,,,,,,,,,,,,,,,,,,,,,,,,,,,,,,,,,0,,,300,,,,,,,,,,,,,,,,,,,,,,,,,,1,1,2,2,3,,,,,,,,,,,,,,,,,,,,
439956,timor leste import,626,Timor-Leste,3705,"Placas y películas, fotográficas, impresionadas y reveladas (exc. de papel, de cartón o de textiles, así como las películas cinematográficas ""filmes"" y las placas para la impresión listas para el uso)",,,,,,,,,,,,,,,,,,,,,,,,,,,,3,,,,,,21,,,,,,,,,,,,,,,,,,,,,,,,,,,,,,,,,,,,,,,,,,,,,,,,,,,,,,,1,,,,,,,,,
439956,timor leste import,626,Timor-Leste,3707,"Preparaciones químicas para uso fotográfico (exc. los barnices, colas, adhesivos y preparaciones simil.); productos sin mezclar para uso fotográfico, dosificados o acondicionados para la venta al por menor para uso fotográfico y listos para su empleo (exc. sales y compuestos de metal precioso de las partidas 2843 a 2846)",,,,,,,,,,,,,,,2,,,,,,,4,,17,,,,13,,,,,,,,1,,6,2,32,1,,,,,10,7,,2,,1,,,,,1,13,27,7,46,,11,36,,5,,10,7,101,1,3,,2,,,7,3,1,,1,1,1,1,,,,,,2,,62,2,,6,,,1,
439956,timor leste import,626,Timor-Leste,3801,"Grafito artificial; grafito coloidal o semicoloidal; preparaciones a base de grafito u otros carbonos, en pasta, bloques, plaquitas u otras semimanufacturas",,,,,,,,,,,,,,,,,,,,,,,,,,,,,,,,,,,100,,,,,,,,,,,,,,,,,,,,,,,,,,,,,,,,,,,,,,,,,,,,,,,,,,,,,,,,,,,9,,,,
439956,timor leste import,626,Timor-Leste,3802,"Carbón activado; materias minerales naturales activadas; negro de origen animal, incl. el agotado",,,,,,,,,2,,,,,,,,,,,,,,,,,,,,,,,,,,,,,,,,,,,3,,,12,,,,,,,,,,2,,,20,16,,13,5,,,,,,,,2,,,1,2,,1,2,,2,5,6,1,4,4,,,3,,6,,5,3,,3,,25
439956,timor leste import,626,Timor-Leste,3803,"Tall oil, incl. refinado",,,,,,,,,,,,,,,,,,,,,,,,,,,,,,,,,,,,,,,,,1,,,,,,,,,,,,,,,,,,,,,,,,,,,,,,,,,,,,,,,,,,,,,,,,,,,,,,,,,
439956,timor leste import,626,Timor-Leste,3804,"Lejías residuales de la fabricación de pastas de celulosa, aunque estén concentradas, desazucaradas o tratadas químicamente, incl. los lignosulfonatos (exc. lignosulfitos, ""tall oil"", sosa cáustica y pez de sulfato ""pez de «tall oil»"")",,,,,,,,,,,,,,,,,,,6,,,,,,14,37,9,10,7,2,1,3,1,1,1,3,2,3,3,3,0,,,0,1,0,1,1,1,2,1,,,,,,,,,,,,,,,,,,,,,,,,,,,,,,,,,,,,,,,,,,,,,,,
439956,timor leste import,626,Timor-Leste,3805,"Esencia de trementina, de madera de pino o de pasta celulósica al sulfato ""sulfato de trementina"" y demás esencias terpénicas procedentes de la destilación o de demás tratamientos de la madera de coníferas; dipenteno en bruto; esencia de pasta celulósica al bisulfito ""bisulfito de trementina"" y demás paracimenos en bruto; aceite de pino con alfa-terpineol como componente principal",,,,,,,,,,,,,,,,5,,,,,,,,,,,,,,,,,,,,,,3,,,,,4,1,0,0,1,,,,,,,,,,,,,,,,,,,,,,,,,,,,,,,,,,,,,,,,,,,,,,,,,,,
439956,timor leste import,626,Timor-Leste,3806,"Colofonias y ácidos resínicos, y sus derivados; esencia y aceites, de colofonia; gomas fundidas",,,,,,,,,,,,,,,,,,,,,,,,,,,,,,,,,,,,,,,,,,0,,,,,,,,,,,,,,,,,,,,,,,17,,16,,,,,,,,,,,,,,,,,,,,,,,,,,,,,,,
439956,timor leste import,626,Timor-Leste,3810,"Preparaciones para el decapado de metal; flujos y demás preparaciones auxiliares para soldar metal; pastas y polvos para soldar, constituidos por metal y otros productos; preparaciones de los tipos utilizados para recubrir o rellenar electrodos o varillas de soldadura",,,,,,,,,,,,,,,,,,,2,,,,,,,,,,,,,12,13,4,3,4,20,15,16,21,8,,,1,0,0,,,,,,,,,2,3,,,,1,,,,,,,3,,2,,4,1,,,,,,18,2,,3,,,9,,3,,,,18,,,,,,,,
439956,timor leste import,626,Timor-Leste,3815,"Iniciadores y aceleradores de reacción y preparaciones catalíticas, n.c.o.p. (exc. aceleradores de vulcanización)",,,,,,,,,,,,,,,,,,,,,,,,,,,,12,,,,,,,,,6,,,,,,,,,,,,,,,,,,,,,,,,,,,,,,,,,,,,,,,,1,,,,,,,1,,,,,,,,,,,,,,
439956,timor leste import,626,Timor-Leste,3816,"Cementos, morteros, hormigones y preparaciones simil., refractarias (exc. preparaciones a base de grafito u otros carbonos)",,,,,,,,,,,,,,,,,,,,,,,,,,,,,,1,5,3,2,,1,3,2,,55,,2,6,32,12,10,15,,,,,4,5,2,4,6,3,6,10,2,19,11,28,1,11,19,13,65,,6,3,23,23,12,20,10,9,,12,44,35,30,,2,1,1,1,,,,,4,1,5,,6,20,,4
439956,timor leste import,626,Timor-Leste,3818,"Elementos químicos y compuestos químicos, dopados para uso en electrónica, en discos, discos ""wafers"", plaquitas, cilindros, barras o formas simil. o cortados en discos, plaquitas o formas simil., incl. pulidos o recubiertos con una capa epitaxial uniforme (exc. elementos y compuestos sometidos a una difusión selectiva u otros trabajos avanzados)",,,,,,,,,,,,,,,,,,,,,,,,,,,,,,,,,,,,,,,,,,,,,,16,,,,,,,,,,,,,,,,,,,,,,,,,,,,,,,,,,,,,,,,,,,,,,,,,,,,
439956,timor leste import,626,Timor-Leste,3819,"Líquidos para frenos hidráulicos y demás líquidos preparados para transmisiones hidráulicas, sin aceites de petróleo ni de mineral bituminoso o con un contenido de dichos aceites < 70% en peso",,,,,,,,,,,,,,,,,,,,,,,,,,,,,,,1,2,8,5,2,1,7,,,2,,6,,30,23,41,16,32,77,,22,23,18,28,14,156,50,51,130,35,40,59,120,138,83,73,,33,34,,30,,,,35,,,4,8,1,,,22,29,5,,21,,,47,1,45,44,1,43,43,43,52
439956,timor leste import,626,Timor-Leste,3821,"Preparado de medios de cultivo para el desarrollo o mantenimiento de micro-organismos ""incl. virus y similares"" o de plantas, celulas humanas o animales",,,,,,,,,,,,2,,,,,,,,,,,,,,,,,,,,,,,,,,,,0,,,,,,10,15,13,22,15,9,,45,3,41,20,19,49,,37,1,,20,4,45,2,1,9,25,11,,,26,13,6,36,7,65,77,86,12,23,5,4,26,14,7,,,46,1,,,8,3,9,,
439956,timor leste import,626,Timor-Leste,3825,"Productos residuales de la industria química o de las industrias conexas, n.c.o.p.; desechos y desperdicios municipales; lodos de depuración; desechos clínicos; desechos de disolventes orgánicos; desechos de soluciones decapantes, fluidos hidráulicos, líquidos para frenos y líquidos anticongelantes; los demás desechos de la industria química o de las industrias conexas, n.c.o.p. (exc. desechos que contengan principalmente aceites de petróleo o de mineral bituminoso)",,,,,,,,,,,3,,,,,,,,,,,,,3,,,,,,,,,,,,,,,,,,,,32,,0,,,,,,,,,,,,,,3,160,,,,,,,,,,,,,,,,,,,,,,,,,18,2,,5,4,8,15,27,,1,,,3
439956,timor leste import,626,Timor-Leste,3827,"Mezclas que contienen derivados halogenados de metano, etano o propano, n.c.o.p.",,,,,,,,,,,,,,,,,,,,,,,,,,,,,,,,,,,,,,,,,,,,,,,,,,,,,,,,,,,,,,,,,,,,,,,,,,,,,,,,,,,2,,,1,,,2,,,,,,,,,
439956,timor leste import,626,Timor-Leste,3903,"Polímeros de estireno, en formas primarias",,,,,,,,,,,,,,,,5,,,,13,20,3,,,,,,,,,,,,,,,,,13,6,7,14,5,,,,,,2,,,,,,,,,10,,,9,,,1,67,,,,,,,,,,,,,,,11,,,,,,,,,,8,24,,,3,,,,1
439956,timor leste import,626,Timor-Leste,3905,"Polímeros de acetato de vinilo o de otros ésteres vinílicos, en formas primarias; los demás polímeros vinílicos, en formas primarias",,,,,,,,,,,,,,,54,,,,,,,,,,,,,,,,,,,,,,,,,,,,,,,,,,,,,,,,,,,,7,19,,,,,,,,16,,,12,12,,,,,6,7,,4,,8,7,,,,,,,,,,,,,,,
439956,timor leste import,626,Timor-Leste,3906,"Polímeros acrílicos, en formas primarias",,,,,,,,,,,,,,,,,,,,10,,,,52,,,1,5,1,,6,1,2,35,8,378,3,,1,1,,0,0,0,17,1,2,2,1,1,1,7,2,,,,12,,,,,1,,1,,1,,1,,,,1,3,,,,,,,3,,,,2,,1,,,,2,144,2,,,1,,3,
439956,timor leste import,626,Timor-Leste,3908,"Poliamidas, en formas primarias",,,,,,,,,,,,,,,,,,,,,,,,,,,,,,,,,,,,,,,,,0,17,,0,,1,,,,,,,,,,,,,,,,,,,,,,,,,,,,,,,,,35,36,,,,,,,,,,,,,,,,,,
439956,timor leste import,626,Timor-Leste,3909,"Resinas amínicas, resinas fenólicas y poliuretanos, en formas primarias",,,,,,,,,,,,,,,,,,,,,,1,,,,,,,,,,,,,,,1,,,23,1,77,0,,0,0,,7,,,,2,2,1,3,1,,,,1,,,,2,,,,,,,,,,,,,,,6,30,8,,19,,,,1,,,,,3,13,,,,1,5
439956,timor leste import,626,Timor-Leste,3910,"Siliconas, en formas primarias",,,,,,,,,,,,,,,,,,,,,,1,,,,,,,,,7,,3,,,,,,2,4,2,,2,,,2,2,,4,2,2,2,2,,2,2,,,2,3,,2,3,2,,,2,,2,,,4,,,2,,,,,,17,10,,4,3,3,3,,3,,4,1,,0,1,5,,17
439956,timor leste import,626,Timor-Leste,3911,"Resinas de petróleo, resinas de cumarona-indeno, politerpenos, polisulfuros, polisulfonas y demás polímeros y prepolímeros obtenidos por síntesis química, n.c.o.p., en formas primarias",,,,,,,,,,,,,,,,,,,,,,,,,,,,,,,,,,,,,,4,,,,,,,,,,,,,3,,,,,,,,,,,91,,,,,,51,4,,39,,70,,,,,,,,,,,2,,,,,,,,,,,,,1,1
439956,timor leste import,626,Timor-Leste,3912,"Celulosa y sus derivados químicos, n.c.o.p., en formas primarias",,,,,,,,,,,,,,,,,,,,,,,,,,,,,,,,,,,,87,79,,,,,,,,,,,,,,,,,,,,,,,,,,1,,,,,1,3,2,,1,6,,,2,,1,19,46,,1,31,39,5,3,1,,,,,,,,,,,
439956,timor leste import,626,Timor-Leste,3913,"Ácido algínico y demás polímeros naturales, así como proteínas endurecidas, derivados químicos del caucho natural y demás polímeros naturales modificados, n.c.o.p., en formas primarias",,,,,,,,,,,,,,,,,,,,,,,,,,,,,,,,1,2,,,49,,,,,,0,0,0,0,0,,,,,,,,,,,,,,,,,,,,,,,,,,,9,,,,,,14,76,,,53,,,,,,,,,,,,,,,
439956,timor leste import,626,Timor-Leste,3914,"Intercambiadores de iones a base de polímeros de las partidas 3901 a 3913, en formas primarias",,,,,,,,,,,,,,,,,,,,,,,,,,,,,,,,,,,,,,,,,,,,,,,,,,,,,,,,,,,,,,,,,,,,,,,,,,,,,,,,,,,,,,,,,2,,,,,,,,,
439956,timor leste import,626,Timor-Leste,3915,"Desechos, desperdicios y recortes, de plástico",,,,,,,,,,,,,,,,,,,,,,,,,,,,,,,,,,,,1,,,,0,0,4,3,0,5,1,3,12,6,2,1,1,,,,,12,,1,0,31,,,,2,6,16,10,12,2,4,6,9,6,9,4,2,6,5,32,,,,,,,,,,,,2,,,,,,
439956,timor leste import,626,Timor-Leste,4001,"Caucho natural, balata, gutapercha, guayule, chicle y gomas naturales simil., en formas primarias o en placas, hojas o tiras",,,,,,,,,,,,,,,,,69,,,,104,,159,,,,,,240,,,,,,,,,,,,,,,1,,0,3,,,,,,,,,,,,,,,,,,,,,,,,,,,,,,,,,,,,,,,,4,,1,,,,,,,,,
439956,timor leste import,626,Timor-Leste,4002,"Caucho sintético y caucho facticio derivado de los aceites, en formas primarias o en placas, hojas o tiras; mezclas de caucho natural, balata, gutapercha, guayule, chicle y gomas naturales simil. con caucho sintético y caucho facticio derivado de los aceites, en formas primarias o en placas, hojas o tiras",,,,,,,,,,,,,,,,,,,,,,,,50,,,,,,,,,,,,,1,,1,19,,,,,,,,,,1,,,,,,11,8,,1,,,,,,,,20,,,,,1,,,,,,,,,,,,,,,,,,29,,1,,,,,,
439956,timor leste import,626,Timor-Leste,4003,"Caucho regenerado, en formas primarias o en placas, hojas o tiras",,,,,,,,,,,,,,,,,,,,,,,,10,,,,,,,,,,,,,,,,,,,,,,,,,,,,,,,,,,,,,,,,,,,,,,,,,,,,,,,,,,,,,,,,,,,,,,,,,,
439956,timor leste import,626,Timor-Leste,4004,"Desechos, desperdicios y recortes, de caucho sin endurecer, incl. en polvo o gránulos",,,,,,,,,,,,,,,,,,,,,,,,,,,,,,,,,,,,,,,,,,,,,,,,,,33,,,,,,,,,,,,,33,,34,,,,,,,,4,,,,,,,,,,,,,,,,,,,,,,,,,
439956,timor leste import,626,Timor-Leste,4005,"Caucho mezclado sin vulcanizar, en formas primarias o en placas, hojas o tiras (exc. mezclas de caucho natural, balata, gutapercha, guayule, chicle y gomas naturales simil. con caucho sintético y caucho facticio derivado de los aceites)",,,,,,,,,,,,,,,,,,,,,,,,,36,,,,,,,,,,,,,,,,0,0,,,0,,,,,,,,1,,,,,,,7,2,,,1,1,,,,,,2,,,,,,,,,,,,,,,,,,,,,4,1,,,,,
439956,timor leste import,626,Timor-Leste,4017,"Caucho endurecido, e.g. ebonita, en todas sus formas, includos desechos; articulos de caucho endurecido, ncop.",,,,,,,,,,,,,,,,,,,,,,,,,,,,,,,,,,,,,,,,,1,10,9,13,0,0,,,2,,,,,,1,,1,1,2,8,,1,1,,,1,1,,,2,,,,,1,,,,,,,5,3,4,,4,7,,,,,,,,,,,2
439956,timor leste import,626,Timor-Leste,4107,"Cueros preparados después del curtido o del secado y cueros y pieles apergaminados, de bovino, incl. el búfalo, o de equino, depilados, incl. divididos (exc. cueros y pieles agamuzados, charolados y sus imitaciones de cueros o pieles chapados, así como los cueros y pieles metalizados)",,,,,,,,,,,,,,,,,,,,,,,,,,,,,,,,,,,,,,,,,,,,,,,,,,,,,,,,,,,,,,,,,,,,,,,,,1,,,,,,,,,,,,,,,,,,,,,,,,,
439956,timor leste import,626,Timor-Leste,4205,"Articulos de piel (exc.bolsas seca, containers similares, accesorios de ropa, látigos, en cultivo y similares de la partida 6602; muebles, aplicaciones de luces, juguetes, juegos; articulos de deporte; unión vueltas brazaletes u otras imitaciones, del articulo 5608, y articulos de materiales plateados)",,,,,,,,,,,,,,,,,,,,,,,,,,,,,,,,,,,,,1,5,,,26,1,0,0,1,0,,200,,1,,,,,,,,,,,,,,2,,,1,,,,,,1,,,,,,,,,,,,,,,,,3,2,2,,,,,,
439956,timor leste import,626,Timor-Leste,4301,"Peletería en bruto, incl. las cabezas, colas, patas y demás trozos utilizables en peletería (exc. pieles en bruto de las partidas 4101, 4102 ó 4103)",,,,,,,,,,,,,,,,,,,,,,,,,,,,,,,,,,,,,,,,,,,,,,,,,,,,,,,,,,,,,,,,1,,,,,,,,,,,,,,,,,,,,,,,,,,,,,,,,,,
439956,timor leste import,626,Timor-Leste,4303,"Prendas y complementos ""accesorios"", de vestir y demás artículos de peletería (exc. guantes mixtos de cuero y de peletería, calzado, artículos de sombrerería y sus partes, así como juegos, juguetes, artefactos deportivos y demás artículos del capítulo 95)",,,,,,,,,,,,,,,,,,,,,,,,,,,,,,,,,,,1,,,2,,,,0,,,9,,1,,,,,,,,,,,7,,,,,,,,,,,,,,,,,,,,,,,,,,,,,,,,,1,1,1,7,3,,,
439956,timor leste import,626,Timor-Leste,4304,"Peletería facticia o artificial  y artículos de peletería facticia o artificial (exc. guantes mixtos de cuero y de peletería facticia o artificial, calzado, artículos de sombrerería y sus partes, así como juegos, juguetes, artefactos deportivos y demás artículos del capítulo 95)",,,,,,,,,,,,,,,,,,,,,,,,,,,,,,,,,,,,,,,,,,,,4,,,,,,,,,,,,,,,,,,,,,,,,,,,,1,,,,,,,,,,,,,,,,,,,,,,,,,,
439956,timor leste import,626,Timor-Leste,4401,"Leña; madera en plaquitas o escamillas; aserrín, desperdicios y desechos, de madera, incluso aglomerados en  leños, briquetas, bolitas o formas simil.",,,,,,,,,,,,,,,,,,,,,,,,,,,,,,,,,,,,,,,3,,0,0,,,,0,,,,,,,,,,,,,,,,,,,,,,3,,,,6,,,,,,,,,,,,,,,,,,,,,,,,3,,3
439956,timor leste import,626,Timor-Leste,4403,"Madera en bruto, incl. descortezada, desalburada o escuadrada (exc. madera simplemente desbastada o redondeada, para bastones, paraguas, mangos de herramientas o simil.; traviesas o durmientes para vías férreas o simil.; madera aserrada en planchas, vigas, tablones, cabrios, etc.)",,,,,,,,,,,,,,,,,,,,,0,,,,,,,,0,,,0,0,0,0,,0,0,0,0,0,0,,,,,,,,,,,,,,,,,7,,,,,,,,,,,,,,,,,,,,,,,,,,,,,,2,,,,,,,,,
439956,timor leste import,626,Timor-Leste,4404,"Flejes de madera; rodrigones hendidos; estacas y estaquillas de madera, apuntadas, sin aserrar longitudinalmente; madera simplemente desbastada o redondeada, pero sin tornear, curvar ni trabajar de otro modo, para bastones, paraguas, mangos de herramientas o simil.; madera en tablillas, láminas, cintas o simil. (exc. flejes cortados en longitudes determinadas con entalladas en los extremos; monturas de cepillos y esbozos de hormas de calzado)",,,,,,,,,,,,,,,,,,,,,,,,,,,,,,,,,,,,,,,,0,,,,0,71,,,,,8,,,,,,,,,,,,,,,,,,,,,,,7,,,,,,7,8,,,,,,,,,2,,42,,,,,,,
439956,timor leste import,626,Timor-Leste,4405,"Lana de madera; harina de madera, entendiendo por tal el polvo de madera que pase por un tamiz con abertura de mallas de 0,63 mm con un desperdicio <= 8% en peso",,,,,,,,,,,,,,,,,,,,,,,,,,,,,,,,,,,,,,,,,,,,,,,,,2,,,,,,,,,,,,,,,,,,,,,,,,,,,,,,,,,,,,,,,,,,,,,,,,,
439956,timor leste import,626,Timor-Leste,4406,"Traviesas ""durmientes"" de madera para vías férreas o simil.",,,,,,,,,,,,,,,,,,,,,,,,,,,,,,,,,,,,,,,,,,,,,,,,,,,,,,,,,,,9,,,,,,,,,,,,,,,,,,,,,,,,,,,,,,,,,,,,,,,
439956,timor leste import,626,Timor-Leste,4408,"Hojas para chapado, incl. las obtenidas por cortado de madera estratificada, para contrachapado o para otras maderas estratificadas similares y demás maderas aserradas longitudinalmente, cortadas o desenrolladas, incl. cepilladas, lijadas, unidas longitudinalmente o por los extremos, de espesor <= 6 mm",,,,,,,,,,,25,,,,,2,,,,,,,,,,,,,,,17,,,,,,,,,,,,,,,,,,,,,32,,,,,,,,,,,,,1,,,,,,,,,,8,,,,,,,,,,,,,,,,,,,,,,1,
439956,timor leste import,626,Timor-Leste,4411,"Tableros de fibra de madera u otras materias leñosas, incl. aglomeradas con resinas o demás aglutinantes orgánicos (exc. tableros de escamillas, incl. estratificados con uno o varios tableros de fibra; madera estratificada con un alma constituida por tableros de fibra; tableros celulares en los que las dos caras estén constituidas por un tablero de fibra; cartón; partes de muebles reconocibles)",,,,,,,,,,,,,,,,,,,,,,4,,,,,,,,,,,,,,,,,,,13,,,,,,,,,6,,5,,13,,,,,,,1,,,7,2,,2,8,,1,1,,,,,,,,,,,,,7,1,,,,1,7,2,2,,1,1,1,15,7
439956,timor leste import,626,Timor-Leste,4416,"Barriles, cubas, tinas y demás manufacturas de tonelería y sus partes, de madera, incl. las duelas",,,,,,,,,,,,,,,,,,,,,,,,,,,,,,,,,,,,,,,,,,,,,,,,,1,,,,,,,,,,,,,,,,,,,,,,,,,,,,,,,,,,,,1,,,,,,,,,,,,,
439956,timor leste import,626,Timor-Leste,4501,"Corcho natural en bruto o simplemente preparado ""simplemente limpiado en la superficie o con los bordes limpios""; desperdicios de corcho; corcho triturado, granulado o pulverizado",,,,,,,,,,,,,,,,,,,,,,,,,2,,,1,,,,1,,,,,1,23,,,,0,2,12,1,5,1,,13,2,4,6,7,2,1,,9,2,,,,9,1,1,,,,,,,3,,,,9,,,,,,1,,,,,,,,,,,,,,,,,
439956,timor leste import,626,Timor-Leste,4502,"Corcho natural, descortezado o simplemente escuadrado o en bloques, placas, hojas o tiras cuadradas o rectangulares, incl. los esbozos con aristas vivas para tapones",,,,,,,,,,,,,,,,,,,,,,,,,,,,,,,1,,,,1,,,,,,0,,1,1,1,0,,,,,,,,,,,,,,,,,,,,,,,,,,,,,,,,,,,1,,,,,,,,,,,,,,6,,,
439956,timor leste import,626,Timor-Leste,4503,"Manufacturas de corcho natural (exc. cubos, planchas, hojas o tiras cuadradas o rectangulares; esbozos para tapones con aristas vivas; calzado y sus partes, principalmente las plantillas no fijas; artículos de sombrerería y sus partes; tacos y separadores para cartuchos de caza; juegos, juguetes, artefactos deportivos y sus partes)",,,,,,,,,,,,,,,,,,,,,,,,,27,15,5,1,2,6,10,6,8,11,2,10,19,11,3,3,6,1,0,1,0,1,,,,,2,2,3,9,3,4,15,32,13,1,19,4,20,3,6,9,18,11,32,4,18,27,22,7,35,5,,5,8,7,4,14,,,1,,1,,,2,1,,,,,,,
439956,timor leste import,626,Timor-Leste,4504,"Corcho aglomerado, incl. con aglutinante, y manufacturas de corcho aglomerado (exc. calzado y sus partes, principalmente las plantillas no fijas; artículos de sombrerería y sus partes; tacos y separadores para cartuchos de caza; juegos, juguetes, artefactos deportivos y sus partes)",,,,,,,,,,,,,,,,,,,,,,,,,,,,,,,,,,1,,,,1,,1,0,51,,,,,1,,,,,,2,,2,2,2,,,1,4,1,2,2,2,1,3,2,2,1,,2,,6,1,1,2,7,,,,,,,1,,1,,1,2,4,5,1,,2,,6,
439956,timor leste import,626,Timor-Leste,4706,"Pasta de fibras obtenidas de papel o cartón reciclado ""desperdicios y desechos"" o de las demás materias fibrosas celulósicas (exc. de madera)",,,,,,,,,,,,,,,,,,,,,,,,,,,,,,,,,,,,,,,,,,,0,,,,,,,,,,,,,,,,,,,1,1,,,,1,,,,1,1,,,,,,,28,70,,,89,,,,,,,,,,,,,,,
439956,timor leste import,626,Timor-Leste,4707,"Papel o cartón para reciclar ""desperdicios y desechos"" (exc. lana de papel)",,,,,,,,,,,,,,,,,,,,,,,,,,,,,3,,,,,,,,,1,,,0,17,,,,0,,5,,2,,,,,,2,,,,,,1,,,,,,,,,,,,,,,,,,,,,,1,,,,,,,3,,,,,,,
439956,timor leste import,626,Timor-Leste,4804,"Papel y cartón Kraft, sin estucar ni recubrir, en bobinas ""rollos"" de anchura > 36 cm o en hojas de forma cuadrada o rectangular con un lado > 36 cm y el otro > 15 cm, sin plegar (exc. artículos de las partidas 4802 ó 4803)",,,,,,,,,,,,,,,,,,,,,,,,,,,,,70,71,52,66,19,43,23,5,59,24,6,28,2,0,,0,,,,,,,,,,,,,,,22,,,,,,,,,,,,,,,,,1,2,,,,,2,,,,,,,,11,2,,,,,,,
439956,timor leste import,626,Timor-Leste,4805,"Papeles y cartones, sin estucar ni recubrir, en bobinas ""rollos"" de anchura > 36 cm o en hojas de forma cuadrada o rectangular con un lado > 36 cm y el otro > 15 cm, sin plegar, que no hayan sido sometidos a trabajos complementarios o tratamientos distintos de los especificados en la nota 3 del capítulo 48, n.c.o.p.",,,,,,,,,,,,,,,,,1,,,,,,,,1,23,,,,,,5,,30,,,,,,4,0,1,0,0,,0,,,2,,1,19,,,4,,,,,,,,,4,18,,,5,,,,,,,,,,,,,,,,,,,,,,,,,,,5,8,,
439956,timor leste import,626,Timor-Leste,4806,"Papel y cartón sulfurizados ""pergamino vegetal"", papel resistente a las grasas [""greaseproof""], papel vegetal ""papel calco"", papel cristal y demás papeles calandrados transparentes o traslúcidos, en bobinas ""rollos"" de anchura > 36 cm o en hojas de forma cuadrada o rectangular con un lado > 36 cm y el otro > 15 cm, sin plegar",,,,,,,,,,,,,,,,,,,,,,,,,,,,,,,,,,,,,,,1,1,0,,16,,,,,,,,,,,,,,,,1,,,,,,,,,,,,,,,,,,,,,,,,,,,,,,,1,,,2,,,2,,
439956,timor leste import,626,Timor-Leste,4807,"Papel y cartón obtenidos por pegado de hojas planas, sin estucar ni recubrir en la superficie y sin impregnar, incl. reforzados interiormente, en bobinas ""rollos"" de anchura > 36 cm o en hojas de forma cuadrada o rectangular con un lado > 36 cm y el otro > 15 cm, sin plegar",,,,,,,,,,,,,,,,,,,,,,,,,,,,,,,,,,,,,,,,,0,,0,0,,,,,,,,,,,,,,,,,,,,,,,,,,,,,,,,,,,,,,,,,,,,,,,,,,,,,,
439956,timor leste import,626,Timor-Leste,4808,"Papel y cartón corrugados, incl. revestidos por encolado, rizados [""crepés""], plisados, gofrados, estampados o perforados, en bobinas ""rollos"" de anchura > 36 cm o en hojas de forma cuadrada o rectangular con un lado > 36 cm y el otro > 15 cm, sin plegar (exc. artículos de la partida 4803)",,,,,,,,,,,,,,,,,,,,,,,,,,,,,,,,,,,,,1,,,,,,,0,,,,1,,,,,,,,,,,,,,,,,11,3,11,3,,,,,,,,12,,,25,,6,,,4,,1,,,,,,,,,,2,,12
439956,timor leste import,626,Timor-Leste,4809,"Papel carbón ""carbónico"", papel autocopia y demás papeles para copiar o transferir, incl. el estucado o cuché, recubierto o impregnado, para clisés de mimeógrafo [""stencils""] o para planchas offset, incl. impresos, en bobinas ""rollos"" de anchura > 36 cm o en hojas cuadradas o rectangulares > 36 cm en un lado y > 15 cm en el otro sin plegar",,,,,,,,,,,,,,,,,,,,,,,9,,40,55,74,186,85,92,121,122,23,36,33,45,29,17,28,12,32,39,27,19,8,0,,,,,1,,,2,1,,,,4,,,,,,,,,,3,,,,,,1,1,,,1,,2,,,2,,,,,,,,,,,,,,
439956,timor leste import,626,Timor-Leste,4812,"Bloques y placas, filtrantes, de pasta de papel",,,,,,,,,,,,,,,,,,,,,,,,,,,,,,,,,,,,,,,,,,,0,0,,,,,,,,,,,,,,,,,,,,,,,,3,,,14,,1,,5,9,,6,3,19,,,,,,,,,,,,,,,,,,
439956,timor leste import,626,Timor-Leste,4813,"Papel de fumar, incl. cortado al tamaño adecuado, en librillos o en tubos",,,,,,,,,,,,,,,,,,,,,,,,,,,,1,,,,20,,,,,,,,,0,0,0,1,0,0,,12,,,,,,,,,,,,,,,,,,,,,,,,,,,,,,,,,,,,,,,,,,,,,,,,,,
439956,timor leste import,626,Timor-Leste,4814,Papel para decorar y revestimientos de papel simil. para paredes; papel para vidrieras,,,,,,,,,,,,,,,,,,,,,,,,,,,,,,,,,2,2,1,,,,,2,1,1,1,14,,,,,,2,,1,,,1,,1,,13,1,4,2,4,,6,18,1,1,1,6,,8,,,1,11,33,1,,8,2,1,,7,6,5,9,,,1,,,,,,22,52,3
439956,timor leste import,626,Timor-Leste,4815,"Cubresuelos con soporte de papel o cartón, incl. recortados (exc. cubresuelos simil. pero con soporte de materia textil, así como los cubresuelos sin soporte)",,,,,,,,,,,,,,,,,,,,,,,,,,,,,,,,4,,,,,,,,,,,,,,,,,,,,,,,,,,,,,,,,,,,,,,,,,,,,,,,,,,,,,,,,,,,,,,,,,,
439956,timor leste import,626,Timor-Leste,4816,"Papel carbón ""carbónico"", papel autocopia y demás papeles para copiar o transferir, en bobinas ""rollos"" de anchura <= 36 cm o en hojas cuadradas o rectangulares en que no haya ningún lado > 36 cm sin plegar, o cortados de forma distinta de la cuadrada o rectangular, así como clisés de mimeógrafo [""stencils""] completos y planchas offset, de papel, incl. acondicionados en cajas",,,,,,,,,,,,,,,,,,,,1,,,,,,,,,2,,,,,1,,,,3,,,6,10,0,,2,,,,,,2,3,,,,,,,,3,1,,,,,,2,,,10,2,,2,,1,,4,,,,2,1,12,1,,1,11,,15,,,9,,30,,,,
439956,timor leste import,626,Timor-Leste,4822,"Carretes, bobinas, canillas y soportes simil. de pasta de papel, de papel o cartón, incl. perforados o endurecidos",,,,,,,,,,,,,,,,,,,,,,,,,,,,,,,,,,,,,,,,,,,,,,,,,,,,,,2,,,3,,,,1,,,,,,,,,15,,,,,,,,,,,,,,,,,,,,,,,,,,27,,
439956,timor leste import,626,Timor-Leste,4904,"Música manuscrita o impresa, incl. con ilustraciones o encuadernada",,,,,,,,,,,,,,,,,,,,,,,,,,,,,,,3,,,,,,,,,,,,,,,,,,,,,,,,,,,,,,,,,,,,,,,,,,,,,,,,,,,,,,,,,,,,4,,,,,,,
439956,timor leste import,626,Timor-Leste,4906,"Planos y dibujos originales hechos a mano, de arquitectura, ingeniería, industriales, comerciales, topográficos o simil.; textos manuscritos; reproducciones fotográficas sobre papel sensibilizado y copias con papel carbón ""carbónico"", de los planos, dibujos o textos antes mencionados",,,,,,,,,,,,,,,,,,,,,,,,,,,,,,,,,,,,10,,,,,,,,,,,,,,,,,,,,,,,,,,,,,2,,,,,,,,,,,,,,,,,,3,,,,,,,,,,,,,,,
439956,timor leste import,626,Timor-Leste,4907,"Sellos ""estampillas"" de correos, timbres fiscales y análogos, sin obliterar, que tengan o estén destinados a tener curso legal en el país en el que su valor facial sea reconocido; papel timbrado; billetes de banco; cheques; títulos de acciones u obligaciones y títulos similares",,,,,,,,,,,,,,9,,,,,,,,,,,,,2,,,,,,,,,,,,,,,,,,0,,,,,,,1,,,,,,181,,13,5,,,,,,,,,,,,,,,,,,,,,,,,,,,,,,2,,,,,14,,6
439956,timor leste import,626,Timor-Leste,5004,Hilados de seda (exc. hilados de desperdicios de seda e hilados acondicionados para la venta al por menor),,,,,,,,,,,,,,,,,,,,,,,,,,,,,,,,,,,,,,,,,,1,,,,,,,,,,1,,,,,,,,,,,,,,,,,,,,,,,,,,,,,,,,,,,,,,,,,,,,,,
439956,timor leste import,626,Timor-Leste,5005,Hilados de desperdicios de seda (exc. acondicionados para la venta al por menor),,,,,,,,,,,,,,,,,,,,,,,,,,,,,,,,,,,,,,,,,0,,,,,,,,,,,,,,,,,,,,,,,,,,,,,,,,,,,,,,,,,,,,,,,,,,,,,,,,,
439956,timor leste import,626,Timor-Leste,5006,"Hilados de seda o desperdicios de seda, acondicionados para la venta al por menor; ""pelo de Mesina"" [""crin de Florencia""]",,,,,,,,,,,,,,,,,,,,,,,,,,,,,,,,,,,,,,,,,,,,,,,,,,,,,,1,,,,,,,,,,,,,,,,,,,,,1,,,,1,,1,1,4,4,1,4,8,,1,1,,1,,,1,,1,4
439956,timor leste import,626,Timor-Leste,5007,Tejidos de seda o desperdicios de seda,,,,,,,,,,,,,,,,,,,,,,,,,,1,,,,,,,,,1,,1,,,2,1,1,1,2,5,,,,,,2,,,,,4,,,,,,,,2,,,,,1,1,,,1,,1,1,,,,,,,3,,,1,1,,,,,,,,,,,
439956,timor leste import,626,Timor-Leste,5101,Lana sin cardar ni peinar,,,,,,,,,,,,,,,,,,,,,,,,,,,,,,,,,,,,,,,,,,,,,,,2,,,,1,,,,,,,,,,,,,,,,,,,,,,,,,,,,,,,3,,,,,,,,,,,,,,,,
439956,timor leste import,626,Timor-Leste,5106,Hilados de lana cardada (exc. acondicionados para la venta al por menor),,,,,,,,,,,,,,,,,,,,,,,,,,,,,,,,,,,,,1,,,,,0,,,0,1,,,,,,,,,,,,,,,,,,,,,,,,,,,,,,1,,,,,,,,,,,4,,,,,,,,,,,
439956,timor leste import,626,Timor-Leste,5107,Hilados de lana peinada (exc. acondicionados para la venta al por menor),,,,,,,,,,,,,,,,,,,,,,,,,,,,,,,,,,,,,,,,,2,,,0,,0,1,,,,,,,,,,,,,,,,,,,,,,,,,,,,,,,,,,,,,,1,,,,,,,,,,,,,
439956,timor leste import,626,Timor-Leste,5108,Hilados de pelo fino cardado o peinado (exc. de lana y acondicionados para la venta al por menor),,,,,,,,,,,,,,,,,,,,,,,,,,,,,,,,,,,,,,,,,,,,,,,,,,,,,,,,,,,,,,,,,,,,,,,,,,,,,,,,,,,,,,,,,3,,,,,,,,,
439956,timor leste import,626,Timor-Leste,5109,"Hilados de lana o pelo fino, acondicionados para la venta al por menor",,,,,,,,,,,,,,,,,,,,,,,,,,,,,,,,,1,,,,,,,,4,,,,0,,,,,,,,,,,,,,,,,,,,,,,,,,,,,,,,,,,,,,1,,1,,,,,5,2,1,2,2,1,,3,
439956,timor leste import,626,Timor-Leste,5110,"Hilados de pelo ordinario o de crin, incl. los hilados de crin entorchados, incl. acondicionados para la venta al por menor (exc. crin no anudada)",,,,,,,,,,,,,,,,,,,,,,,,,,,,,,,,,,,,,,,,,,,,,,,,,,,,,,,,,3,4,5,1,4,3,4,3,3,4,4,5,4,5,5,5,3,,10,4,1,3,2,2,3,,,,,,,,,,,,,,,,,
439956,timor leste import,626,Timor-Leste,5202,"Desperdicios de algodón, incl. los desperdicios de hilados y las hilachas",,,,,,,,,,,,,,,,,,,,,,,,,,,,,,,,,,,,,,,,,,0,,,,,,,,,,,,,,,,,1,,,,,,,,,,,,,,,,,,,,,,,,,,,,,,,,,,,,,,,
439956,timor leste import,626,Timor-Leste,5206,"Hilados de algodón, con un alto contenido de algodón, pero < 85% en peso (exc. acondicionados para la venta al por menor, así como el hilo de coser)",,,,,,,,,,,,,,,,,,,51,,,,,,,,,,,,,,,1,,,,,,,,,,,,,,,,,,,,,,,,1,,,,,,,,,,,,,,,,,,,,,,,,,,,,,,,,,,,,,,,,
439956,timor leste import,626,Timor-Leste,5211,"Tejidos de algodón, con un alto contenido de algodón, pero < 85% en peso, mezclado exclusiva o principalmente con fibras sintéticas o artificiales y de peso > 200 g/m²",,,,,,,,,,,,,,,,,,,,,,,,,,,,,,,,,,,,,,6,,,2,1,,,,,,,,,,,,,,,,,,,,,,,,,,,,,,,,,,,,,,,,,,,,,2,,,,,,,,,,,
439956,timor leste import,626,Timor-Leste,5305,"Coco, abacá ""cáñamo de Manila Musa textilis Nee"" carnero y otros vegetales de fibras textiles, n.c.o.p., en bruto o procesado, pero sin hilar, estopas y desperdicios de estas fibras, incl. los desperdicios de hilados y las hilachas",,,,,,,,,,,,,,,,,,,,,,,,,,,,,,,,,,,,,,,,,,,,,,,,,,1,,,,,,,,,,,,3,,,,,,,,,,,54,,,,,,,,,,,,,,,,,,,,,,,,,
439956,timor leste import,626,Timor-Leste,5306,Hilados de lino,,,,,,,,,,,,,,,,,,,,,,,,,,,,,,,,,,,,,,,,,,,,,,,,,,,,,,,,,,,,,,,,,,,,,,,,,,,,,,,,,,,,,11,,,,,,,,,,,,,
439956,timor leste import,626,Timor-Leste,5307,Hilados de yute o demás fibras textiles del líber de la partida 5303,,,,,,,,,,,,,,,,,,,,,,,,,,,,,,,,,,,,,,,,,,,,0,,,,,,,,,,,,,,,,,,,,,,,,,,,,,,,,,,,,,,,,,,,,,,,,,,,,,,
439956,timor leste import,626,Timor-Leste,5309,Tejidos de lino,,,,,,,,,,,,,,,,,,,,,,,,,,,,,,,,,,,,,,,,,,,,,,,,,,,,,,,,,,,,,,,,,,,,,,,,,,,,,,,,,,,,,,,,,,,,,,,,,,1
439956,timor leste import,626,Timor-Leste,5310,Tejidos de yute o demás fibras textiles del líber de la partida 5303,,,,,,,,,,,,,,,,,,,,,,,,,,,,,,,,,,,,,,,,,,,,,,,,,,,,,,,,,,,,,,,,,,,,,,,,,,,,,,,,,,,,,,,,,,3,,,,,,,,
439956,timor leste import,626,Timor-Leste,5406,"Hilados de filamentos manuales, acondicionados para la venta al por menor",,,,,,,,,,,,,,,,,,,,,,,,,,,,,,,,,,,,,,,,,,,,,,,,,,,,,,,,,,,,,,,,,,,,,,,,,,,,,,,,,,,,,,,,,1,7,2,4,2,2,2,3,2,2
439956,timor leste import,626,Timor-Leste,5408,"Tejidos de hilados de filamentos artificiales, incl. los monofilamentos de título >= 67 decitex, y cuya mayor dimensión de la sección transversal sea <= 1 mm",,,,,,,,,,,,,,,,,,,,,9,,,,,,,,,,,,,,,,,,,,0,0,0,0,0,0,2,2,3,1,4,,1,1,4,3,5,2,5,5,5,3,5,6,4,2,4,4,3,6,8,8,6,1,4,5,2,1,3,3,5,,,,,,,,,,1,,,,,,,
439956,timor leste import,626,Timor-Leste,5501,"Cables de filamentos sintéticos, de conformidad con la nota 1 del capítulo 55",,,,,,,,,,,,,,,,,,,,,,,,,,,,,,,,,,,,,,,,,,3,3,,,,,,,,,,,,,,,,,,,,,,,,,1,,,,,,,,,,,,,,,,,,,,,,,,,,,,,,
439956,timor leste import,626,Timor-Leste,5503,"Fibras sintéticas discontinuas, sin cardar, peinar ni transformar de otra forma para la hilatura",,,,,,,,,,,,,,,,,,,,,,,,,,,,,,,,,,,,,,,,,,,,,,,,,,,,,19,,,,,65,,,,,,,,,,,,,,,,,,,,,,,,,,,,,66,,,1,2,,,25,,,,
439956,timor leste import,626,Timor-Leste,5504,"Fibras artificiales discontinuas, sin cardar, peinar ni transformar de otra forma para la hilatura",,,,,,,,,,,,,,,,,,189,147,75,124,217,,285,313,,,,,,,,,,,,,,,3,,,,,,,,,,,,,,,,,,,,,,,,,,,,,,,,,,,,,,,,,,,,,,,,,,,1,,,,,,,
439956,timor leste import,626,Timor-Leste,5506,"Fibras sintéticas discontinuas, cardadas, peinadas o transformadas de otro modo para la hilatura",,,,,,,,,,,,,,,,,,,,,,,,,,,,,,,1,1,,,,,,,1,,1,0,1,0,,,,,,,,,,,,,,,,,,,,,,,,,,,,,,,,,,,,,,,,,,,,,,3,10,20,10,,31,,14,
439956,timor leste import,626,Timor-Leste,5509,"Hilados de fibras sintéticas discontinuas (exc. acondicionados para la venta al por menor, así como los hilos de coser)",,,,,,,,,,,,,,,,,,17,,,,,,,,,,,,,,,,1,,,,,,,,,,,,,,,,,,,,,,1,,,,,,,,,,,,,,,,,,,,,,,3,,,,7,1,,,,,,,,3,2,2,4,6,4,10
439956,timor leste import,626,Timor-Leste,5510,"Hilados de fibras artificiales discontinuas (exc. acondicionados para la venta al por menor, así como los hilos de coser)",,,,,,,,,,,,,,,,,,,,,,,35,,,,,,,,,,,,,,,,,,,,,,,,,,,1,,1,,,,,,,,,,,,,,,,,,,,,,,,,,,1,,,,,,,,,,,,,,,,,,,
439956,timor leste import,626,Timor-Leste,5511,"Hilados de fibras sintéticas o artificiales discontinuas, acondicionados para la venta al por menor (exc. hilos de coser)",,,,,,,,,,,,,,,,,,,,,,,,,,,,,,,,,,,,,,,1,,,,,0,2,0,,,,,,,,,1,1,,,,3,2,1,3,1,,1,,1,,,,,,,,,,,,,,,,,,,,,,,,,,,,,,
439956,timor leste import,626,Timor-Leste,5513,"Tejidos de fibras sintéticas discontinuas, con un alto contenido de fibras sintéticas discontinuas, pero < 85% en peso, mezcladas exclusiva o principalmente con algodón, de peso <= 170 g/m²",,,,,,,,,,,,,,,,,,,,,,,,,,,,,,,,,,,,,,,,,,,,,,,,,,,,,,,,,,,,,,,,,13,,,,,,,,,,,,,,,,,,,,,,,,,,,,,,,,,
439956,timor leste import,626,Timor-Leste,5514,"Tejidos de fibras sintéticas discontinuas, con un alto contenido de fibras sintéticas discontinuas, pero < 85% en peso, mezcladas exclusiva o principalmente con algodón, de peso > 170 g/m²",,,,,,,,,,,,,,,,,,,,,,,,,,,,,,,,,,,,,,,,,,,,,,,,,,1,,,,,,,,,,,,,,,,,,,,,,,,,,,,36,,1,,,,,,,,,,,,,,,,,,
439956,timor leste import,626,Timor-Leste,5515,"Tejidos de fibras sintéticas discontinuas, con un alto contenido de fibras sintéticas discontinuas, pero < 85% en peso, distintas de las mezcladas exclusiva o principalmente con algodón",,,,,,,,,,,,,,,,,,,,,,,,,,,,,,,,,,,,,,,,,,,,,,,,,,,,,,,4,5,2,,,,,,,,,,,,,,,,,,,72,,,,1,,,,,,,,,,,,,,,,,2,
439956,timor leste import,626,Timor-Leste,5516,Tejidos de fibras artificiales discontinuas,,,,,,,,,,,,,,,,,,,,,,,,,,,,,,,,,,,,,,,,,,,,,,14,,,,,,,14,,,,,,,,,1,,,,,,,,,,,,,,,,,,,,,,,,,,,,,,,,,,,,
439956,timor leste import,626,Timor-Leste,5604,"Hilos y cuerdas de caucho, revestidos de textiles; hilados de textiles, tiras y formas simil. de las partidas 5404 ó 5405, impregnadas, recubiertas, revestidas o enfundadas con caucho o plástico (exc. imitaciones de ""catgut"", provistas de anzuelos o acondicionadas de otro modo para servir de sedal)",,,,,,,,,,,,,,,,,,,,,,,,,,,,,,,,,,,,,,,,2,,1,,7,1,1,,,,,5,4,4,15,8,5,3,5,7,6,2,6,15,14,18,11,9,8,6,3,20,10,1,8,19,20,11,4,24,38,2,2,5,2,,8,3,,10,2,9,12,1,33,24,3,8,8
439956,timor leste import,626,Timor-Leste,5802,"Tejidos con bucles del tipo toalla y superficies textiles con mechón insertado (exc. cintas de la partida 5806, así como alfombras y demás revestimientos para el suelo)",,,,,,,,,,,,,,,,,,,,,,,,,,,,,,,,,,,,,,,,,,,,0,,0,1,,,,,,,,,,,,,3,,,,,,,,,,,,,,,,,,,,,,20,1,,,,,,,,,,,,,,,
439956,timor leste import,626,Timor-Leste,5803,Tejidos de gasa de vuelta (exc. cintas de la partida 5806),,,,,,,,,,,,,,,,,,,,,,,,,,,,,,,,,,,,,,,,,,0,,,,,,,,,,,,,,1,,,,,,,,,,,,,,,,,,,,,,,1,,,2,1,,,1,,,,1,,13,1,2,5,2,1,2
439956,timor leste import,626,Timor-Leste,5805,"Gobelinos, Flandes, ""Aubusson"", ""Beauvois"" y demás tapicería tejida a mano, así como tapicería de ""petit point"", de punto de cruz y demás tapicería de aguja, incl. confeccionadas (exc. alfombras llam. ""Kelim"" o ""Kilim"", ""Schumaks"" o ""Soumak"", ""Karamanie"" y alfombras simil. y tapicerías de > 100 años)",,,,,,,,,,,,,,,,,,,,,,0,,,,,,,,,,,,0,,,,,,,,,,0,,,,,,,,,,,,,,,,,,,,,,,,,,,,,,,,,,,,,,,,,,,,,,,,,,,,,,
439956,timor leste import,626,Timor-Leste,5809,"Tejidos de hilos de metal y tejidos de hilados metálicos o de hilados textiles metalizados de la partida 5605, de los tipos utilizados para prendas de vestir, tapicería o usos simil., n.c.o.p.",,,,,,,,,,,,,,,,,,,,,,,,,,,,,,,,,,,,,,,,,,,,,,,,,,,,,,,,,,,,,,,,,,,,,,,,,,,,,,,,,,,,,,,2,,,,,,,,,,,
439956,timor leste import,626,Timor-Leste,5810,"Bordados sobre materia textil, en pieza, tiras o motivos",,,,,,,,,,,,,,,,,,,,,,,,,,,,,,,,,,,4,,,,,,,,,,,,,,,,,,,,,,,2,2,3,1,3,1,1,1,,,1,,,1,,1,,,,,,,1,1,1,1,2,3,6,1,,1,1,1,1,2,,1,1,4,2
439956,timor leste import,626,Timor-Leste,5811,"Productos textiles acolchados en pieza, constituidos por una o varias capas de materia textil combinadas con una materia de relleno y mantenidas mediante puntadas u otra forma de sujeción (exc. bordados de la partida 5810, así como ropa de cama y artículos de moblaje)",,,,,,,,,,,,,,,,,,,,,,,,,,,,,,,,,,,,,,,,,,,,,,,,,,,,,,,,,,,,,,,,,,,,,,,,,,,,,8,,,,,,,,,,,,,1,,,,,,,,
439956,timor leste import,626,Timor-Leste,5901,"Telas recubiertas de cola o materias amiláceas, de los tipos utilizados para la encuadernación, cartonaje, estuchería o usos simil.; transparentes textiles para calcar o dibujar; lienzos preparados para pintar; bucarán y telas rígidas simil. de los tipos utilizados en sombrerería (exc. tejidos recubiertos con plástico)",,,,,,,,,,,,,,,,,,,,,,,,,,,,5,27,1,4,10,4,7,3,2,7,,2,8,1,0,,0,1,0,,,,,,,,,1,1,,,,,,,,,,,,1,,,,,,,,,,,,,,,,,,6,,,,1,,,1,1,,,,
439956,timor leste import,626,Timor-Leste,5902,"Napas tramadas para neumáticos fabricadas con hilados de alta tenacidad de nailon o demás poliamidas, de poliésteres o de rayón viscosa, incl. adherizadas o impregnadas de caucho o plástico",,,,,,,,,,,,,,,,,,,,,,,,,,,,,,,,,,,,,,,,,,,,,,,,,,,,,4,,,,,,,,,,,,,,,,,,,,,,,,,,,,,,,,,,,,,,,,,,,,,
439956,timor leste import,626,Timor-Leste,5904,"Linóleo, incl. cortado; revestimientos para el suelo formados por un recubrimiento o revestimiento aplicado sobre un soporte textil, incl. cortados",,,,,,,,,,,,,,,,,,,,,,,,,,,,,,,,,,,,,,,,16,,,,,0,,,,,,,,,,,,,,,,,,,,,,,,,,,,,,,,,,,,,,,,,,,,,,,,,,,,,
439956,timor leste import,626,Timor-Leste,5905,Revestimientos de materia textil para paredes,,,,,,,,,,,,,,,,,,,,,,,,,,,,,,1,,,1,1,1,2,1,1,,,0,,,,,1,1,,,,,,,,,,,,,,,,,,,,,,,,,,,,,,,,,,,,,,,,,,,,,,,,,,,
439956,timor leste import,626,Timor-Leste,5907,"Telas impregnadas, recubiertas o revestidas, así como lienzos pintados para decoraciones de teatro, fondos de estudio o usos simil., n.c.o.p.",,,,,,,,,,,,,,,,,,,,,,,,,,,,,,,,,,,20,,,,,,,,,18,,,,,,,,1,,,1,,1,,3,,5,2,,,,6,,,,,,1,1,,,,3,,,,,,,,,,,,,,1,,4,,11,,,
439956,timor leste import,626,Timor-Leste,5908,"Mechas de materia textil tejida, trenzada o de punto (exc. croché o ganchillo), para lámparas, hornillos, mecheros, velas o simil.; manguitos de incandescencia y tejidos de punto (exc. croché o ganchillo) tubulares utilizados para su fabricación, incl. impregnados (exc. mechas revestidas de cera, del tipo de los cerillos en rollo, mechas y cordones detonantes, mechas en forma de hilados textiles y mechas de fibra de vidrio)",,,,,,,,,,,,,,,,,,,,,,,,,,,,,,,,,2,20,,1,3,1,1,,1,1,1,2,1,8,11,8,,2,4,,3,2,2,1,2,11,2,4,2,4,1,,2,2,,1,3,,4,,5,,1,2,2,,2,1,1,2,2,1,,1,1,,,,,1,1,1,2,,4,2
439956,timor leste import,626,Timor-Leste,5910,"Correas transportadoras o de transmisión, de materia textil, incl. impregnadas, recubiertas, revestidas o estratificadas con plástico o reforzadas con metal u otra materia (exc. de espesor < 3 mm, de longitud indeterminada o cortadas solo en determinadas longitudes, así como las impregnadas, recubiertas, revestidas o estratificadas con caucho y las fabricadas con hilados o cuerdas textiles impregnados o recubiertos con caucho)",,,,,,,,,,,,,,,,,,,,,,,,,,,,,,,,,,,,,,1,,,,,,,,,,,,,,1,,,,,1,,,,,2,,,,,3,,,,,,,,,,,,,,,,1,2,,,3,,3,,,,1,,,,,
439956,timor leste import,626,Timor-Leste,6001,"Terciopelo, felpa, incl. los tejidos de punto ""de pelo largo"", y tejidos con bucles, de punto",,,,,,,,,,,,,,,1,,,,,,,,,,,,,,,,2,,,,2,,,,,,,,,,0,6,6,,,,,,,,,,,,,,,,,,2,,,,4,,,,14,18,,8,,,,7,29,,,,,,,,3,22,11,,,6,5,,,
439956,timor leste import,626,Timor-Leste,6002,"Tejidos de punto, de anchura <= 30 cm, con un contenido de hilados de elastómeros o de hilos de caucho >= 5% en peso (exc. terciopelo, felpa, incl. los tejidos ""de pelo largo"", y tejidos con bucles, de punto; etiquetas, escudos y artículos similares, así como tejidos de punto impregnados, recubiertos, revestidos o estratificados)",,,,,,,,,,,,,,,,,,,11,,4,,,,,,,1,,,2,1,,,,,,,,,,,,,,,,,,,,,,,,,,,,,,,,,,,,,,,,,,,,,,,,,,,,,,,,,,,,,,,,,,
439956,timor leste import,626,Timor-Leste,6003,"Tejidos de punto, de anchura <= 30 cm (exc. con un contenido de hilados de elastómeros o de hilos de caucho >= 5% en peso; terciopelo, felpa, incl. los tejidos ""de pelo largo"", y tejidos con bucles, de punto; etiquetas, escudos y artículos similares, así como tejidos de punto impregnados, recubiertos, revestidos o estratificados)",,,,,,,,,,,,,,,,,,,,,,,,,,,,,,,,9,,,,,,,,,,,,,,,,,,,,,,,,,,,,,,,,,,,,,,,,,,,,,,,,,,,,,,,,,,,,,,,,,,
439956,timor leste import,626,Timor-Leste,6004,"Tejidos de punto de anchura > 30 cm, con un contenido de hilados de elastómeros o de hilos de caucho >= 5% en peso (exc. terciopelo, felpa, incl. los tejidos ""de pelo largo"", y tejidos con bucles, de punto; etiquetas, escudos y artículos similares, así como tejidos de punto impregnados, recubiertos, revestidos o estratificados)",,,,,,,,,,,,,,,,,,,,,,,,,,,,,,,,,,0,,,,,,,,,,,,,,,,,,,,,,,,,,,,,,,,,,,,,,,,,,,,,,,,,,,,,16,,,,,,,,,,,1
439956,timor leste import,626,Timor-Leste,6005,"Tejidos de punto por urdimbre, incl. los obtenidos en telares de pasamanería, de anchura > 30 cm (exc. con un contenido de hilados de elastómeros o hilos de caucho >= 5% en peso; terciopelo, felpa, incl. los tejidos ""de pelo largo"", y tejidos con bucles, de punto; etiquetas, escudos y artículos similares, así como tejidos de punto impregnados, recubiertos, revestidos o estratificados)",,,,,,,,,,,,,,,,,,,,,,,,,,,,,,,,,,,,,,,,,,,,,0,,,,,,,,,,,,,,,,,,,,,,,,,,,,,,,,,,,,,,,,,,,,,,,,,,,,,
439956,timor leste import,626,Timor-Leste,6112,"Conjuntos de abrigo para entrenamiento o deporte ""chandales"", monos ""overoles"" y conjuntos de esquí y bañadores, de punto",,,,,,,,,,,,,,,,,,,,,,9,,,,,1,,,,4,,,1,,,,,,,,0,0,,0,1,1,,,1,2,,2,,2,3,1,1,,1,,,,,1,2,1,,,,2,20,1,1,,1,7,,4,6,,2,1,2,26,12,,,11,5,25,,7,5,,,,
439956,timor leste import,626,Timor-Leste,6213,"Pañuelos de bolsillo, cuyos lados sean de longitud <= 60 cm (exc. de punto)",,,,,,,,,,,,,,,,,,,,,,,,,,,,,,,,13,1,,1,,,,1,,,,6,3,,,,,,,,,,,,,1,,1,1,5,1,2,,,,,,1,1,,,,1,1,1,1,,1,,,1,,,1,,,,2,,3,2,1,3,,,1,2
439956,timor leste import,626,Timor-Leste,6214,"Chales, pañuelos de cuello, pasamontañas, bufandas, mantillas, velos y artículos simil. (exc. de punto)",,,,,,,,,,,,0,,,,,,,4,1,,12,,6,,,,,,0,,,,,3,10,,,,,6,12,9,9,0,,,,3,,2,6,9,,,2,,,,,,,,,,1,,,,1,2,,,,,,,,,,1,,,,,,,,,,,,,3,,6,,
439956,timor leste import,626,Timor-Leste,6215,"Corbatas y lazos simil., de materia textil (exc. de punto)",,,,,,,,,,,,,,,,,,,,,,6,,5,,,,,,,,,,,,,,,1,1,0,,,,0,,,,15,1,,,,,,,,,2,,,,,,1,,,,,1,,,,,,,,,,,1,1,1,1,,,,,1,,1,,1,,,,3,
439956,timor leste import,626,Timor-Leste,6216,"Guantes, mitones y manoplas, de todo tipo de materia textil (exc. de punto, así como guantes, mitones y manoplas para bebés)",,,,,,,,,,,,,,,,,,,,,,,,,,,,,,17,3,,4,2,,3,3,1,,1,,1,0,0,0,0,1,,,,6,2,,,2,,1,1,1,2,,30,27,2,,,3,,1,1,,1,,,,,,1,1,1,1,,,1,,,,,,4,,6,13,6,29,4,11,
439956,timor leste import,626,Timor-Leste,6308,"Juegos constituidos por piezas de tejido e hilados, incl. con accesorios, para la confección de alfombras, tapicería, manteles o servilletas bordados o de artículos simil., en envases para la venta al por menor (exc. juegos para la confección de prendas de vestir)",,,,,,,,,,,,,,,,,,,,,,,,,,,,,,,,,,2,,,,,,,,,,,,,,,1,,,,4,2,,,,6,,,,,,,1,,,,,,,,,,,,,,,,,,1,,,,,,1,,1,,,,,,,
439956,timor leste import,626,Timor-Leste,6310,"Trapos de todo tipo de materia textil, así como cordeles, cuerdas y cordajes, de materia textil, en desperdicios o en artículos inservibles",,,,,,,,,5,,,,,,,,,,,,,,,,,,,,,,,,,1,,,1,14,1,8,5,8,1,0,1,2,1,1,4,1,,1,,,4,13,,,2,,1,,1,,,,,,,,,,,,,,1,,,2,1,2,,,,4,,,,,2,,,1,1,6,,
439956,timor leste import,626,Timor-Leste,6501,"Cascos sin forma ni acabado, platos ""discos"" y cilindros aunque estén cortados en el sentido de la altura, de fieltro, para sombreros",,,,,,,,,,,,,,,,,,,,,,,,,,,,,,,,,,,,,,,,,0,0,0,0,0,1,,,,,,,,,,,,,8,2,,,,,,,1,,1,3,2,,,,,,,,,,,,,,,,,,,,,,,,1,,1,
439956,timor leste import,626,Timor-Leste,6502,"Cascos para sombreros, trenzados o fabricados por unión de tiras de cualquier materia, sin formar, acabar ni guarnecer",,,,,,,,,,,,,,,,,,,,,,,,,,,,,,,,,,,,,,,,,,0,,,,,,,,,,2,,,,,,,,,,,,,,,,,,,,,,,,,,,,,,,,,,,,,,,,,,,,,,
439956,timor leste import,626,Timor-Leste,6503,"Sombreros y demás tocados de fieltro fabricados con cascos o platos de la partida 6501, incl. guarnecidos (exc. los fabricados por unión de tiras o piezas de fieltro o los que tengan características de juguetes o de artículos de carnaval)",,,,,,,,,,,,,,,,,,,,,,,,,,,,,,,,85,,,,,,,,,,,,,,,,,,,,,,,,,,,,,,,,,,,,,,,,,,,,,,,,,,,,,,,,,,,,,,,,,,
439956,timor leste import,626,Timor-Leste,6507,"Desudadores, forros, fundas, armaduras, viseras y barboquejos ""barbijos"", para sombreros y demás tocados (exc. las tiras para la cabeza de los tipos utilizados por los deportistas para absorber la transpiración ""sudaderas"", de punto)",,,,,,,,,,,,,,,,,,,,,,,,0,,,,,,,,,,,,,60,,,,0,,5,,,0,,,,,,,,,,,,,,,,,,,,,,,,,,1,,,,,,,,,,,,,,,16,,,,,1,,,,,,
439956,timor leste import,626,Timor-Leste,6602,"Bastones, bastones asiento, látigos, fustas y artículos simil. (exc. bastones medida, muletas, bastones con características de armas y bastones de deporte)",,,,,,,,,,,,,,,,,,,,,,,,,,,,,,,,,,,,,,,,,,,,,0,,,,,,,,2,,,,,1,1,,,2,,,,,,,,,2,,1,,,,,,,,,,,,,,8,,,1,,1,1,,,1,,
439956,timor leste import,626,Timor-Leste,6701,"Pieles y demás partes de ave, con sus plumas o plumón; plumas, partes de plumas, plumón y artículos de estas materias (exc. los productos de la partida 0505, los cañones y ástiles de plumas trabajados, el calzado y los artículos de sombrerería y los artículos de cama de la partida 9404, así como juguetes, juegos artículo de deporte y objetos de colección)",,,,,,,,,,,,,,,,,,,,,,,,,,,,,,,,,,,,,,,,,,0,,,0,,,,,,,,,,,,,,,,,,,,,,,,,,,,,,,,,,,,,,,,,,,,,,,,,,,,,
439956,timor leste import,626,Timor-Leste,6801,"Adoquines, encintado ""bordillos"" y losas para pavimentos de piedra natural (exc. la pizarra)",,,,,,,,,,,,,,,,,,,,,,,,,,,,,,,,,,,4,,,,,1,2,,,,,,,,,,,,,,,,,,,,,10,,,,,,,1,,,,,,,,,,,,1,1,7,,,,,,,,,,,,,4,,
439956,timor leste import,626,Timor-Leste,6803,"Pizarra natural trabajada y manufacturas de pizarra natural o aglomerada (exc. ??gránulos de pizarra, gravilla y polvo, cubos de vidrio y los lápices como, la pizarra, y listo para usar las pizarras o tableros para escribir o dibujar)",,,,,,,,,,,,,,,,,,,,,,,,,,,,,,,,,,,,,,,,,,,,,,,,,,,,,,,,,,,,,,,2,,,,,,,,,,,,,,,,,,,,,,,,,,,,,,9,,,,1,
439956,timor leste import,626,Timor-Leste,6807,"Manufacturas de asfalto o de productos simil., p.ej. pez de petróleo o brea",,,,,,,,,,,,,,,,,,,,3,14,,,,,,,,,,,,,,,56,108,69,2,,6,2,27,100,16,,39,26,,,10,1,5,,,,15,2,29,118,125,43,261,1,89,264,,,3,2,2,1,,33,2,20,,,1,,,,12,2,,3,,,1,5,15,16,9,7,13,6,2,3
439956,timor leste import,626,Timor-Leste,6814,"Mica trabajada y manufacturas de mica, incl. la aglomerada o reconstituida, incl. con soporte de papel, cartón u otras materias (exc. aisladores eléctricos, piezas aislantes, resistencias y condensadores; gafas protectoras de mica y sus lentes; adornos de mica para árboles de Navidad)",,,,,,,,,,,,,,,,,,,,,,,,,,1,1,5,2,8,,6,6,,1,,,,,,0,4,,0,0,0,,,,,1,,,,,1,,,,1,,1,,1,1,,1,1,2,,1,1,4,,,,,1,1,10,1,10,5,,,,,,,5,1,,,3,,4,,
439956,timor leste import,626,Timor-Leste,6906,"Tubos, canalones y accesorios de tubería, de cerámica (exc. productos de harinas silíceas fósiles o de tierras silíceas análogas, artículos de cerámica refractarios, conductos de humo, tubos fabricados especialmente para laboratorios, así como tubos aislantes y sus piezas de unión para usos eléctricos)",,,,,,,,,,,,,,,,,,,,,,,,,,,,,,,,,,,,,,,,,1,4,,1,,13,,41,75,4,4,,,,,,,,,,,,,3,2,,,,,4,7,,1,1,,,,,,,,,,,,,,,,,,,,1,,,,
439956,timor leste import,626,Timor-Leste,6908,"Placas y baldosas, de cerámica, barnizadas o esmaltadas, para pavimentación o revestimento; cubos, dados u artículos simil., de cerámica,, para mosaicos, barnizados o esmaltados, incl. con soporte (exc. productos de harinas silíceas fósiles o de tierras silíceas análogas, productos de cerámica refractarios, azulejos utilizados como posavasos, objetos de adorno y azulejos especiales para hornos y estufas)",,,,,,,,,7,,12,,7,,1,3,127,13,20,42,73,102,16,4,32,27,5,312,8,365,179,1038,140,27,49,124,78,79,24,145,122,106,181,158,160,105,401,126,113,101,322,301,421,191,107,665,498,190,377,1165,54,,2,,,,,,,,,,,,,,,,,,,,,,,,,,,,,,,,,,,
439956,timor leste import,626,Timor-Leste,6909,"Aparatos y artículos, de cerámica, para usos químicos o demás usos técnicos; abrevaderos, pilas y recipientes simil., de cerámica, para uso rural; cántaros y recipientes simil., de cerámica, para transporte o envasado (exc. muelas, piedras de afilar o pulir y demás artículos de la partida 6804, productos cerámicos refractarios, artículos de uso doméstico, cántaros y jarros para el comercio, aparatos eléctricos, aisladores eléctricos y demás piezas aislantes)",,,,,,,,,,,,,,,,,,,,,,,,,18,37,59,46,67,61,40,105,64,63,78,63,97,91,75,67,62,11,10,75,82,75,64,102,74,64,19,,,1,2,3,1,,,,,,,,,,,,,,,,,,,1,,,,,1,,14,26,,,8,,1,2,,,,1,,,,
439956,timor leste import,626,Timor-Leste,7001,"Desperdicios y desechos de vidrio, así como vidrio en masa (exc. vidrio en forma de polvo, gránulos, lentejuelas o escamas)",,,,,,,,,,,,,,,,,,,,,,,,,,,,,,,,1,,,3,9,,3,,,,0,,,,0,,,,,,,,,,,,,,,,,,,,,11,,1,,,,,,,,,,,,,,,,,,2,,,4,,,,,,,,
439956,timor leste import,626,Timor-Leste,7011,"Ampollas y envolturas tubulares, abiertas, y sus partes, de vidrio, sin guarniciones, manifiestamente destinadas a lámparas eléctricas, tubos catódicos o simil.",,,,,,,,,,,,,,,,,,,,,,,,,,,,,,,8,,6,3,4,,15,1,28,3,0,2,6,17,0,10,3,28,18,41,42,1,,,,,,,4,,,,,,,,,1,,3,,2,,,,2,,,,,2,,,,,,,,,,,,,,,,,
439956,timor leste import,626,Timor-Leste,7012,Ampollas de vidrio para termos o demás recipientes isotérmicos aislados por vacío,,,,,,,,,,,,,,,,,,,,,,,,,,3,,,2,,2,4,,,,,,,,,,,,,,,,,,,,,,,,,,,,,,,,,,,,,,,,,,,,,,,,,,,,,,,,,,,,,,,,,,
439956,timor leste import,626,Timor-Leste,7014,"Vidrio para señalización y elementos de óptica de vidrio, sin trabajar ópticamente (exc. cristales para reloj y cristales simil.; cristales para gafas ""anteojos"", incl. correctores, así como esferas huecas y sus segmentes ""casquetes esféricos"", de vidrio, para la fabricación de estos cristales; microesferas sueltas; aparatos de alumbrado y sus partes)",,,,,,,,,,,,,,,,,,,,,,,,,,,,,,,,,,1,,,,,,,,0,,0,,1,,,,,,1,,,,,1,,,,,,,,,,,,,,,,,,,,,,,,,,,,,,,,,,,,,,,,,
439956,timor leste import,626,Timor-Leste,7015,"Cristales para reloj y cristales análogos, cristales para gafas ""anteojos"", incl. correctores, abombados, curvados, ahuecados o simil., sin trabajar ópticamente; esferas huecas y sus segmentos ""casquetes esféricos"", de vidrio, para la fabricación de estos cristales (exc. vidrio plano para los mismos usos)",,,,,,,,,,,,,,,,,,,,,,,,,,,,,,,,,,,,,,,,,,,,,2,,,,,,,2,,,,,,,,,,,30,54,,,,,,,5,,,,,,,,,,,,,,,,,,,,,,,,,,,
439956,timor leste import,626,Timor-Leste,7102,"Diamantes, incl. trabajados, sin montar ni engarzar (exc. piedras sin montar para agujas de fonocaptores, así como piedras trabajadas reconocibles como partes de contadores, de instrumentos de medida o de otros productos del capítulo 90)",,,,,,,,,,,,,,,,0,,,,,,,,,,,,,,,,,,,,,,,,25,,,,,,,,,,,,,,,,,,,,,,,,55,,,,,,,,,,,,44,,,,,,,,,294,,,,,,,,,,,,,
439956,timor leste import,626,Timor-Leste,7103,"Piedras preciosas o semipreciosas, naturales, incl. trabajadas o clasificadas, pero sin ensartar, montar ni engarzar; piedras preciosas o semipreciosas, naturales, sin clasificar, ensartadas temporalmente para facilitar el transporte (exc. diamantes e imitaciones de piedras preciosas y semipreciosas)",,,,,,,,,,,,,,,,,,,,,,,,,,,,,,,,,,,,,,,,,,,,,,,,,,,,,,,,,,,,104,,,,,,,,,,,,,,,,,,,,,,,1,,,,,,,,,,1,,,,,
439956,timor leste import,626,Timor-Leste,7104,"Piedras preciosas o semipreciosas, sintéticas o reconstituidas, incl. trabajadas o clasificadas, pero sin ensartar, montar ni engarzar; piedras preciosas o semipreciosas, sintéticas o reconstituidas, sin clasificar, ensartadas temporalmente para facilitar el transporte",,,,,,,,,,,,,,,,,,,,,,,,,,,,,,13,,,,,,,,,,,,,,,,,,,,,,,,,,,,,,,,,,,,,,,,,,,,,,,,,,,,,,,,,,,,,,,,,,,,
439956,timor leste import,626,Timor-Leste,7111,"Chapado ""plaqué"" de platino sobre metal común, plata u oro, en bruto o semilabrado",,,,,,,,,,,,,,,,,,,,,,,,,,,,,,,,,,,,,,,,,,,,,0,,,,,,,,,,,,,,,,,,,,,,,,,,,,,,,,,,,,,1,,,,,,,,,,,,,,,,
439956,timor leste import,626,Timor-Leste,7112,"Desperdicios y desechos de metales preciosos o de chapados de metales preciosos; los demás desperdicios y desechos que contengan metales preciosos o compuestos de metales preciosos, de los tipos utilizados principalmente para la recuperación de metales preciosos (exc. ​​desperdicios y desechos fundidos en bloques, lingotes o formas similares, en bruto, y desperdicios electrónicos de la partida 8549)",,,,,,,,,,,,,,,,,,,,,,,,114,179,,,,,,,,,,,,,,,,,,,,,,,,,,,,,,,,,,,,,,,,,,,,,,,,,,,,,,,,,,,,,,,,,,,,,,,,,
439956,timor leste import,626,Timor-Leste,7114,"Artículos de orfebrería y sus partes, de metal precioso o chapado de metal precioso ""plaqué"" (exc. artículos de joyería, artículos de relojería, instrumentos de música, armas, pulverizadores de tocador y sus cabezas, obras orginales de estatuaria o de escultura, objetos de colección y antigüedades)",,,,,,,,,,,,,,,,,,,,,,,,,,,,,,,,,,,,,,,,,,,,,,0,,,,,,,,,,,,,,,,,,,,,,,,,,,,,,,,82,,,,,,,,131,,,,,,,,,,,,
439956,timor leste import,626,Timor-Leste,7115,"Manufacturas de metal precioso o chapado de metal precioso ""plaqué"", n.c.o.p.",,,,,,,,,,,,,,,,,,,,,,,,,,,,,,6,,,,,,,,,,,,0,,,,,,,,,,,,,,,,,,,,,,,,,,,,,,,,,,,,,,,9,11,,,,,,,,,,,,,,,,
439956,timor leste import,626,Timor-Leste,7116,"Manufacturas de perlas finas ""naturales"" o cultivadas, de piedras preciosas, semipreciosas ""naturales, sintéticas o reconstituidas"", n.c.o.p.",,,,,,,,,,,,,,,,,,,,,,,,,,85,,,,,,57,,,11,,,,,1,,,,,,,,,,344,1,,,,,,,,,,,,,,,,,,,,,,,,,,,,,,,,,,,,,,,,,,,,,,,
439956,timor leste import,626,Timor-Leste,7203,"Productos férreos obtenidos por reducción directa de minerales de hierro y demás productos férreos esponjosos, en trozos, ""pellets"" o formas simil.; hierro con una pureza >= 99,94% en peso, en trozos, ""pellets"" o formas simil.",,,,,,,,,,,,,,,,,,,,,,,,,,,,,,,,,,1,,,,,,,,,,,,25,,,1,,,,1,,,,,,,,,,,,,,,,,,,,,,,,,,,,,,,,,,,,,,,,,,,,,
439956,timor leste import,626,Timor-Leste,7204,"Desperdicios y desechos ""chatarra"", de fundición, hierro o acero; lingotes de chatarra de hierro o acero (exc. escorias, batiduras y demás desperdicios de la fabricación de fundición, hierro o acero; desperdicios y desechos radiactivos; trozos que procedan de la rotura de tochos, galápagos o demás formas primarias de fundición en bruto o de fundición especular)",,,,,,,,,,,,,,,,,,,0,0,0,0,,0,0,,,0,,,0,,,0,,,,,,0,,,,,,0,,,,,,2,,,,,,,,,2,,,,,,0,,,2,,,,,,,,,,,,,,,,,,,,,,,,,,,,
439956,timor leste import,626,Timor-Leste,7205,"Granallas y polvo, de fundición en bruto, de fundición especular, de hierro o acero (exc. granalla y polvo de ferroaleaciones, torneaduras o limaduras de hierro o acero y polvo de hierro radiactivo ""isótopo"", así como determinadas bolas defectuosas y de pequeño calibre para rodamientos de bolas)",,,,,,,,,,,,,,,,,,,,,,,,,,,,,,,,,,,,,,,,,,,,,,,,4,3,6,10,7,15,10,30,7,1,,,,,,,,,,,,,,,,,,,,,,,,,,,,,,,,,,,,,,,,,
439956,timor leste import,626,Timor-Leste,7206,"Hierro y acero sin alear, en lingotes o demás formas primarias (exc. lingotes de chatarra, productos obtenidos por colada continua, así como el hierro de la partida 7203)",,,,,,,,,,,,,,,,,,,19,,,,,,,,,,,,,,,,,,,,,,,,,55,55,17,,,,,,,,,,1,,,,,,,,,1,,,,,,,,,,,,,,,1,,1,1,,1,1,,,,,,,,,,,,
439956,timor leste import,626,Timor-Leste,7209,"Productos planos de hierro o acero sin alear, de anchura >= 600 mm, laminados en frío, sin chapar ni revestir",,,,,,,,,,,,,,,,,,,,5,,,,,,,3,,,536,939,147,14,11,28,34,2,27,,2,1,3,708,8,26,40,,,,,,45,39,,23,12,,41,10,23,2,9,,35,,2,,24,,8,7,,10,,4,,,,,,27,,,,,1,14,,,,,1,2,1,6,2,,
439956,timor leste import,626,Timor-Leste,7222,"Barras y perfiles, de acero inoxidable, n.c.o.p.",,,,,,,,,,,,,28,,34,,,,,,,,10,,3,,42,,,,2,,,,89,,,2,35,9,10,,8,20,,7,97,,,,,16,,1,,7,,,105,3,29,,1,35,,1,,,11,86,,12,,,57,,,88,67,102,79,,70,,,3,1,,,,,1,12,,1,1,,
439956,timor leste import,626,Timor-Leste,7223,"Alambre de acero inoxidable, enrollado (exc. el alambrón)",,,,,,,,,,,,,,,,,,,,,,,,,,,,,,,2,,,,,1,1,,1,1,0,29,2,0,2,0,,,33,2,,2,2,8,2,4,121,,1,,1,3,,2,11,29,20,3,19,1,49,,1,8,,,2,,1,,,,,3,1,1,4,,14,8,2,1,5,1,64,2,3,2
439956,timor leste import,626,Timor-Leste,7224,"Acero aleado, distinto del acero inoxidable, en lingotes o demás formas primarias (exc. lingotes de chatarra y productos obtenidos por colada continua); productos intermedios de aceros aleados, distinto del acero inoxidable",,,,,,,,,,,,,,,,,,,,,,,,,,,,,,,,,,,,,,,,,,,,,,,,,,,,,,,,,,,,,,,,,,,,2,,,,,,,,,,,,,,,,,,,,,,,,,,,,,,
439956,timor leste import,626,Timor-Leste,7225,"Productos planos de aceros aleados, distinto del acero inoxidable, de anchura >= 600 mm, laminados en frío o en caliente",,,,,,,,,,,,,,,,,,,,,,0,,,,,,,,215,,852,109,388,146,87,,8,64,324,37,19,,,,,,,,,,10,,2,,5,11,80,4,43,69,18,,31,,,,,,,,,,,,,,,15,,,,,4,,,,,,,,,,,12,,53,
439956,timor leste import,626,Timor-Leste,7229,"Alambre de aceros aleados, distinto del acero inoxidable, enrollado (exc. el alambrón)",,,,,,,,,,,,,,,,,,,4,,,,,,178,1,,,4,6,7,6,3,6,41,31,18,15,27,6,,0,7,0,5,1,19,5,,,10,,2,,,,,,,1,,,,5,,,10,,,,,,,,,2,,,,1,,,,,3,,,,2,,5,3,1,,19,7,1,
439956,timor leste import,626,Timor-Leste,7302,"Elementos para vías férreas, de fundición, hierro o acero: carriles ""rieles"" ""rieles"", contracarriles ""rieles"" ""contrarrieles"" y cremalleras, agujas, puntas de corazón, varillas para mando de agujas y demás elementos para cruce o cambio de vías, traviesas ""durmientes"", bridas, cojinetes, cuñas, placas de asiento, placas de unión, placas y tirantes ""tiradores"" de separación y demás piezas concebidas especialmente para la colocación, unión o fijación de carriles ""rieles"" ""rieles""",,,,,,,,,,,,,,,,,,,,,,,,,,,,,1,,,,,,,,,,,13,0,,,,0,0,,2,,,2,1,2,6,,2,3,3,29,37,,11,1,,2,,,,,,,1,12,,13,1,95,98,,,,,,,2,,,,,,,10,,,3,,,
439956,timor leste import,626,Timor-Leste,7320,"Muelles ""resortes"", ballestas y sus hojas, de hierro o acero (exc. muelles de relojería, muelles para astiles o mangos de paraguas o de sombrillas, arandelas abiertas y demás arandelas de muelle ""resorte"", amortiguadores y barras de torsión de la sección 17)",,,,,,,,,,,,,,,,,,,,,,,,1,,,,,,,,,,,,4,3,2,9,4,1,,,,,29,,,1,1,,3,1,159,5,9,1,6,,91,,9,18,30,40,31,7,79,2,1,9,33,18,30,51,40,40,33,,6,7,,11,,4,3,,,26,1,1,2,,4,2,7,2,4
439956,timor leste import,626,Timor-Leste,7403,"Cobre refinado y aleaciones de cobre, en bruto (exc. aleaciones madre de cobre)",,,,,,,,,,,,,,,,,,,,,,,,,,,,,,,,,,,,,,,,,,,,,0,,,,,,1,,,,,,,,,,,,1,,,,,,,,,,,,,,,,,,,,,,,,,,,,,,2,,,,,
439956,timor leste import,626,Timor-Leste,7404,"Desperdicios y desechos, de cobre (exc. lingotes y formas simil. brutas coladas a partir de desperdicios o desechos de cobre refundidos, así como las cenizas y residuos que contengan cobre y los desperdicios y desechos de pilas, de baterías de pilas y de acumuladores eléctricos)",,,,,,,,,,,,,,,,,,,,,,,,,,,,,,,,,,,,,,,,,,,,,,,,,,,,,,,,,,,,,,,,,,,,,,,,,,,,,,,,,,,,,,,,,,,,,,,42,,,
439956,timor leste import,626,Timor-Leste,7407,"Barras y perfiles, de cobre, n.c.o.p.",,,,,,,,,,,,,,,,,,,,,,,,,,,,,,,,,,,,,12,41,3,,1,,,,,,,,,,1,3,,,1,,,,,,,,1,,,,,,,,3,5,,,,,,9,,,,,,1,,5,25,,7,2,,7,,5,7,10,,
439956,timor leste import,626,Timor-Leste,7408,"Alambre de cobre (exc. hilos de bronce para suturas quirúrgicas; cables, trenzas y artículos simil. de la partida 7413; alambres aislados para electricidad; cuerdas armónicas para instrumentos de música)",,,,,,,,,,,,,,,,,,,,,,,,,,,,,,,,,,,,,,,27,5,0,3,,,1,,,17,,,,,,,,,,,,22,,,,,,,,,,,,,,2,,,,44,30,6,8,,11,,6,,,,,4,8,15,,,,,1,
439956,timor leste import,626,Timor-Leste,7409,"Chapas y tiras, de cobre, de espesor > 0,15 mm (exc. chapas y tiras extendidas ""desplegadas"" y tiras aisladas para electricidad)",,,,,,,,,,,,,,,,,,,,,,,,,,,,,,,,,,,,,2,,23,,,,,,,,,,,,,19,,,,,1,,,,,7,,,,1,2,,,,,,,,,,,,,9,2,,,,,,,,,16,,,1,,2,40,,5
439956,timor leste import,626,Timor-Leste,7410,"Hojas y tiras delgadas, de cobre, incl. impresas o fijadas sobre papel, cartón, plástico o soportes simil., de espesor <= 0,15 mm, sin incluir el soporte (exc. hojas delgadas para marcado a fuego de la partida 3212, hilos metálicos e hilados metalizados y hojas delgadas acondicionadas como accesorios de árboles de Navidad)",,,,,,,,,,,,,,,,,,,,,,,,,,,,,,,,,,,,,,,0,,,,,,,,,,,,5,,,,,,,,,,,,,,,,,,,,,,,,,,,,,24,,,,,,,,,,,,,,,,,,
439956,timor leste import,626,Timor-Leste,7412,"Empalmes ""rácores"", codos, manguitos y demás accesorios de tubería, de cobre",,,,,,,,,,,,,,,,,,,,,,,,,,,,,,,,3,,,,8,,,7,,4,1,,,,0,,,1,,,1,3,8,23,11,,,1,,,12,,1,,,,,,1,,1,,1,1,3,2,2,,,4,1,6,1,,3,5,,,4,,,1,,,,2,2
439956,timor leste import,626,Timor-Leste,7416,"Muelles ""resortes"" de cobre (exc. muelles de relojería y arandelas de muelle ""resorte"")",,,,,,,,,,,,,,,,,,,,1,,,,,,,,,,,,,,,,,,,,,,,,,,,,,,,,,,,,,,,,,,,,,,,,,,,,,,,,,,,,,,,,,,,,,,,,,,,,,,
439956,timor leste import,626,Timor-Leste,7503,"Desperdicios y desechos de níquel (exc. lingotes y formas simil. brutas coladas a partir de desperdicios o desechos de níquel refundidos, así como las cenizas y residuos que contengan níquel y los desperdicios y desechos de pilas, de baterías de pilas y de acumuladores eléctricos)",,,,,,,,,,,,,,,,,,,,,,,,,,,,,,,,,,,,,,,,,,0,,,,,,,,,,,,,,,,,,,,,,,,,,,,,,,,,,,,,,,,,,,,,,,,,,,,,,,,
439956,timor leste import,626,Timor-Leste,7507,"Tubos, así como empalmes ""rácores"", codos, manguitos y demás accesorios de tubería, de níquel",,,,,,,,,,,,,,,,,,,,,,,,,,,,,,,,,,,,,20,,,,,,,,0,0,,16,,,,,,,,,,,,,,,,1,,,,,,,,,,,,,,,,,,,,,,,,,,,,,,,,,,
439956,timor leste import,626,Timor-Leste,7602,"Desperdicios y desechos, de aluminio (exc. escorias de la fabricación de metales férreos que contengan aluminio recuperable en forma de silicatos; lingotes o formas simil. en bruto coladas a partir de desperdicios y desechos de aluminio refundido; cenizas y residuos de la fabricación del aluminio)",,,,,,,,,,,,,,,,,,,,,,,,,,,,,,,9,,,,,,,,,,,,,,,,,,,,,,,,,,,,,,,,,,,,,,,,,,,,,,,,,,,,,,,,,,,,,,,,,,,
439956,timor leste import,626,Timor-Leste,7603,"Polvo y escamillas, de aluminio (exc. granalla de aluminio y lentejuelas)",,,,,,,,,,,,,,,,,,,,,,,,,,,,,,,,,,,,,,,244,16,,,,,,,,,,,,,,,,,,,,,,,,,,,,,,,,,,,,,,,,,,,,,,,,,,,,,,,,,1,
439956,timor leste import,626,Timor-Leste,7605,"Alambre de aluminio (exc. cables, trenzas y artículos simil. de la partida 7614, alambre aislado para electricidad y cuerdas armónicas para instrumentos de música)",,,,,,,,,,,,,,,,,,,,,,,,,,,,,,,,,,,,,,,,,,,,4,,0,,,,1,,,1,18,,2,,,,10,,,2,,6,2,,,,1,,,,,,,,,,,,,,,,,,,,,,4,,,,,4,
439956,timor leste import,626,Timor-Leste,7608,Tubos de aluminio (exc. perfiles huecos),,,,,,,,,,,,,,,,,,2,,,,,,,,,,,,,,,,,,,,,,,,1,5,8,3,1,,,3,2,,,,,,18,,3,,1,14,1,2,,1,,,2,,1,,,,,,1,3,,9,5,,,,,2,,1,,34,,1,,,16,,3,,2
439956,timor leste import,626,Timor-Leste,7611,"Depósitos, cisternas, cubas y recipientes simil. para cualquier materia (exc. gas comprimido o licuado), de aluminio, de capacidad > 300 l, sin dispositivos mecánicos ni térmicos, incl. con revestimiento interior o calorífugo (exc. contenedores especialmente concebidos y equipados para uno o varios medios de transporte)",,,,,,,,,,,,,,,,,,,,,,,,,,,,,,,,3,3,1,,,,28,33,17,,11,1,,1,1,,15,,,5,,,,6,,,,,,,,,,,,,1,,,1,,,,,,8,,,,,,1,,,,,,,,,2,,,,,,
439956,timor leste import,626,Timor-Leste,7801,Plomo en bruto,,,,,,,,,,,,,,,,,,,,,,,,,,,,,,,,,,,,,2,,,,,,,,,,,,,,,,,,,,,,,,,,,,,,,,,,,,,,,,,,,,,,,,,,,,,,,,,,,,,
439956,timor leste import,626,Timor-Leste,7806,"Manufacturas de plomo, n.c.o.p.",,,,,,,,,,,,,,,,,,,,,,,,,,,,,,,,,,,,,,,,,,161,245,77,,,,,,,,,,,,,,,,,,,,,,,,,,,,,,,,,,,,,,,,,,,,,,,,,,,,,,
439956,timor leste import,626,Timor-Leste,7901,Cinc en bruto,,,,,,,,,,,,,,,,,,,,,,,,,,,,1438,,,,1,,,,,,,,2,1,,,0,0,6,,7,9,9,17,13,23,11,16,14,,,,,,,,,,,,,,,1,,,,,,,,,,,,,,,,,,,,,,,,,,,
439956,timor leste import,626,Timor-Leste,7902,"Desperdicios y desechos, de cinc (exc. cenizas y residuos de la fabricación del cinc, partida 2620; lingotes y formas en bruto simil. coladas a partir de desperdicios y desechos de cinc refundidos, partida 7901; desperdicios y desechos de pilas, de baterías de pilas y de acumuladores eléctricos)",,,,,,,,,,,,,,,,,,,,,,,,,,,,,,,,,,,,,,,,,,,,,,,,1,,,,,,,,,,,,,,,,,,,,,,,,,,,,,,,,,,,,,,,,,,,,,,,,,,
439956,timor leste import,626,Timor-Leste,7903,"Polvo y escamillas, de cinc (exc. granallas de cinc y lentejuelas de la partida 8308)",,,,,,,,,,,,,,,,,,,,,,,,,,,,,,,,255,3,,,,,,,,,,,,0,,,,,,,,,,,,,,,,,,,,,,,,,,,,,,,,,,,,,,,,,,,,,,,,,,,,,
439956,timor leste import,626,Timor-Leste,7904,"Barras, perfiles y alambre, de cinc, n.c.o.p.",,,,,,,,,,,,,,,,,,,,,,,,,1,6,9,13,46,18,22,30,15,20,13,53,27,28,23,34,32,37,5,27,55,24,17,27,4,41,14,10,,3,27,53,,,,,,,,,,,,,,,,,,,,,,,,,,,,,,,,,,,,,,,,,8,
439956,timor leste import,626,Timor-Leste,8003,"Barras, perfiles y alambre, de estaño, n.c.o.p.",,,,,,,,,0,,,,,,,,,,,,,,,,,,,,,,,,,,,1,,,,,,0,0,1,1,,,,1,,,,,,,,,,,,6,,,,,,,,,,,,,,,,,,,,,,,,,,,,,,,,,,,,,
439956,timor leste import,626,Timor-Leste,8005,"Hojas y tiras, delgadas, de estaño, incl. impresas o con soporte de papel, cartón, plástico o soportes simil., de espesor <= 0,2 mm, sin incluir el soporte; polvo y escamillas de estaño (exc. granallas de estaño y lentejuelas de la partida 8308)",,,,,,,,,,,,,,,,,,,,,,,,,,5,,,,,,,,,,,,,,,,,,,,,,,,,,,,,,,,,,,,,,,,,,,,,,,,,,,,,,,,,,,,,,,,,,,,,,,,
439956,timor leste import,626,Timor-Leste,8102,"Molibdeno y sus manufacturas, n.c.o.p.; desperdicios y desechos, de molibdeno (exc. cenizas y residuos que contengan molibdeno)",,,,,,,,,,,,,,,,,,,,,,,,,,,,,,,1,2,2,1,1,1,,1,2,2,1,1,0,1,0,0,2,1,,,,,,,,4,,,,,5,,,1,,,,,2,,,,,,,,,,,,,,,,,,,,,,,,,,,,,
439956,timor leste import,626,Timor-Leste,8104,"Magnesio y sus manufacturas, n.c.o.p.; desperdicios y desechos, de magnesio (exc. cenizas y residuos que contengan magnesio)",,,,,,,,,,,,,,,,,,,,,,,,,,,,,,,,,,,,,,,,,,,,,,,,,,,,,,,,,,,,,,1,,,,,1,,,,,,,,,,,,,,,,,,1,,,,,,,,,,,,,
439956,timor leste import,626,Timor-Leste,8108,"Titanio y sus manufacturas, n.c.o.p.; desperdicios y desechos, de titanio (exc. cenizas y residuos que contengan titanio)",,,,,,,,,,,,,,,,,,,,,,,,,,,,,,,,,,,,,,,,,,,,34,,,,,,,,,,,,,,,,,,,,,,,,,,,,,,,,,,,,,,1,,,,,,,,,,1,1,,,,,
439956,timor leste import,626,Timor-Leste,8110,"Antimonio y sus manufacturas, n.c.o.p.; desperdicios y desechos, de antimonio (exc. cenizas y residuos que contengan antimonio)",,,,,,,,,,,,,,,,,,,,,,,,,,,,,,,,,,,,,,,,,0,,,,,,,,,,,,,,,,,,,,,,,,,,,,,,,,,,,,,,,,,,,,,,,,,,,,,,,,,
439956,timor leste import,626,Timor-Leste,8209,"Plaquitas, varillas, puntas y artículos simil. para útiles, sin montar, de carburo metálico sinterizados o de cermet",,,,,,,,,,,,,,,,,,,,,,,,,,,,,,,,,,,,,,1,,,,,,,,,,,,,,,,,1,,,,,,,,,,,,,,,,,,,,,,,,,,,,,,,,1,,,,,,,,,,,
439956,timor leste import,626,Timor-Leste,8401,"Reactores nucleares; elementos combustibles ""cartuchos"" sin irradiar, para reactores nucleares; máquinas y aparatos para la separación isotópica; sus partes",,,,,,,,,,,,,,,,,,,,,,,,,,,,,,,28,13,9,5,4,,13,3,10,13,2,0,1,,,,1,,,,,,,,,,,,,,,,,,,,,,,,,,,,,,,,,,,,,,,,,,,,1,,,,,,,
439956,timor leste import,626,Timor-Leste,8404,"Economizadores, recalentadores, deshollinadores, recuperadores de gas y demás aparatos auxiliares para las calderas de las partidas 8402 u 8403; condensadores para máquinas de vapor; sus partes",,,,,,,,,,,,,,,,,,,,,,,,,,,16,,,,,,,,,,,,,2,10,16,10,21,1,4,,1,16,402,,,,,4,1,,,1,,,,,1,,1,,,,,,,,,20,,,,3,,,,,,,,6,,,23,,,,,,,,
439956,timor leste import,626,Timor-Leste,8405,"Generadores de gas pobre ""gas de aire"" o de gas de agua, incl. con sus depuradores; generadores de acetileno y generadores simil. de gases, por vía húmeda, incl. con sus depuradores; sus partes (exc. hornos de coque, gasógenos por procedimiento electrolítico y lámparas de acetileno)",,,,,,,,,,,,,,5,,,,,,,,,,,,,60,,2,3,2,9,1,2,,91,3,39,,16,25,,253,0,1,25,,,,19,1,18,3,,24,1,1,1,,2,2,,,,,,7,,,,4,,1,,,1,,,,2,,,,,,2,,,,,,,,,268,,,
439956,timor leste import,626,Timor-Leste,8406,Turbinas de vapor y sus partes,,,,,,,,,,,,,,,,524,,,,,,,,,,,,,,,,,,,,11,,,4,621,4,10,4,1,,2,1,18,5,6,,11,3,21,9,6,14,14,,,,,1,,,,7,,,,,,,,,,,,,,,,5,8,,,,,,,,20,,26,,79,39,
439956,timor leste import,626,Timor-Leste,8410,"Turbinas hidráulicas, ruedas hidráulicas y sus reguladores y demás partes (exc. motores hidráulicos de la partida 8412)",,,,,,,,,,,,,,,,,,,,,,,,,,,,,,,,,,,,,,,,1,0,0,,0,2,41,,4,,,,,1,20,1,,,,1,,,,,,,,1,,,,,,,,,1,1,1,,,,,,,429,1009,421,,,,,,,,,,1,
439956,timor leste import,626,Timor-Leste,8416,"Quemadores para la alimentación de hogares, de combustibles líquidos, sólidos pulverizados o gases; alimentadores mecánicos de hogares, parrillas mecánicas, descargadores mecánicos de cenizas y demás dispositivos mecánicos auxiliares empleados en hogares; sus partes",,,,,,,,,,,,,,,,,,,,,,,,,,,,,,,,,7,,,,,,,,,,,0,0,2,,,,,,,3,8,,1,3,,,1,,,,1,,1,1,,,,,,,,,,,,,,,,1,,11,,,,,,,4,,,,35,,
439956,timor leste import,626,Timor-Leste,8434,"Máquinas de ordeñar y máquinas y aparatos para la industria lechera (exc. aparatos frigoríficos o instalaciones de calentamiento, desnatadoras, clarificadoras centrífugas, filtros y filtros-prensa)",,,,,,,,,,,,,,,,,,,,,,,,,,,,,,,,,,,,,,,,,,,0,,1,,,,,,2,,,,,,,,,,,,,,,,,,,,,,,,,,,,,,,,,,,,,,,,,,,,,,,
439956,timor leste import,626,Timor-Leste,8435,"Prensas, estrujadoras y máquinas y aparatos análogos para la producción de vino, sidra, jugos de frutos o bebidas simil.; sus partes (exc. máquinas y aparatos para tratamiento de estas bebidas, incl. los aparatos centrifugadores, los filtros, los filtros-prensa y aparatos simil. para clarificar bebidas, así como los aparatos domésticos)",,,,,,,,,,,,,,,,,,,,,,,,,,,,,,,1,,,,1,1,1,4,14,5,4,1,8,2,,,,1,,,2,,5,,1,2,9,2,,3,,4,1,1,2,5,4,4,,1,,3,5,,3,4,5,3,4,5,,,2,2,2,1,,,,25,,1,,,,,,
439956,timor leste import,626,Timor-Leste,8440,"Máquinas y aparatos para encuadernación, incl. las máquinas para coser pliegos; sus partes (exc. máquinas y aparatos de la partida 8441, prensas de uso general, máquinas y aparatos para imprimir de la partida 8443 y sus máquinas auxiliares)",,,,,,,,,,,,,,,,,,,,,,,,,,,,,,,,,,,,,,,,,,,,0,,,,,,,13,,,,,,,,1,1,,,,2,,,,,,,,,,,4,3,3,,,,,,,5,,,,,2,,,1,,2,1,,5,
439956,timor leste import,626,Timor-Leste,8444,"Máquinas para extrudir, estirar, texturar o cortar materia textil sintética o artificial",,,,,,,,,,,,,,,,,,,,,,,,,,,,,,,,,,,,,,,,,,,,,,0,,,,,,,,,,,,,,,,,,,,,,,,,,,,,,,,,,,,,,,,,2,,,6,2,,,,,,,13
439956,timor leste import,626,Timor-Leste,8445,"Máquinas para la preparación de materia textil; máquinas para hilar, doblar o retorcer materia textil y demás máquinas y aparatos para la fabricación de hilados textiles; máquinas para bobinar, incluidas las canilleras, o devanar materia textil y máquinas para la preparación de hilados textiles para su utilización en las máquinas de las partidas 8446 u 8447",,,,,,,,,,,,,,,,,,,,,,,,,,,,,,,,,,,,,,,,,,,,,0,0,,,,,,,,,,,,,,,,,,1,,,,,,,,,,,,,,,,,,,,,,,5,,,,,,,,,,,
439956,timor leste import,626,Timor-Leste,8447,"Máquinas de tricotar, de coser por cadeneta, de entorchar, para fabricar tul, encaje, bordados, pasamanería, trenzas,  redes o de insertar mechones (exc. máquinas cosedoras-bordadoras)",,,,,,,,,,,,,,,,,,,,,,,,,,,,,,,,,,,,,,,,,,,,,,,,,,,,,,,,,,,,,,,4,,,,,,,,,,,,,,,,,,7,,,5,,,,,,,,,12,2,,68,2,
439956,timor leste import,626,Timor-Leste,8448,"Máquinas y aparatos auxiliares para las máquinas de las partidas 8444, 8445, 8446 u 8447, p.ej. maquinitas para lizos, mecanismos Jacquard, paraurdidumbres y paratramas, mecanismos de cambio de lanzadera; partes y accesorios identificables como destinados, exclusiva o principalmente, a las máquinas de esta partida o de las partidas 8444, 8445, 8446 u 8447, p.ej. husos, aletas, guarniciones de cardas, peines, barretas, hileras, lanzaderas, lizos y cuadros de lizos, agujas, platinas, ganchos",,,,,,,,,,,,,,,,,,,,,,,,,,2,7,,,,,,,,,,,0,,,,,0,,4,,,,,1,,,,,,,,,,,,,18,,33,,,1,,,,,,,,,,,,,6,,,,,,,,,3,,,,,,,,
439956,timor leste import,626,Timor-Leste,8449,"Máquinas y aparatos para la fabricación o acabado del fieltro o tela sin tejer, en pieza o con forma, incl. las máquinas y aparatos para la fabricación de sombreros de fieltro; sus partes (exc. máquinas para la preparación de fibras antes del afieltrado, así como las calandrias); hormas de sombrerería",,,,,,,,,,,,,,,,,,,,,,,,,,,,,,,,,,,,,,,,,,,,,,,56,,,,,,,,,,,,,,,,,,,,,,,,,,,,,,,,,,,,,,,,,,,,,,,,,,,
439956,timor leste import,626,Timor-Leste,8453,"Máquinas y aparatos para la preparación, curtido o trabajo de cuero o piel o para la fabricación o reparación de calzado u otras manufacturas de cuero o  piel; sus partes (exc. secadoras, máquinas con pistola aerográfica, máquinas para depilar cerdos, máquinas de coser y prensas de uso general)",,,,,,,,,,,,,,,,,,,,,,,,,2,1,2,1,,6,1,130,10,1,14,2,10,1,12,6,15,1,7,2,1,7,3,3,,4,,,1,1,1,,1,2,,,3,,,,2,,,1,,,,,,,,,,,,,,,,,,,,,,,,,,,,,5,
439956,timor leste import,626,Timor-Leste,8457,"Centros de mecanizado, máquinas de puesto fijo y máquinas de puestos múltiples, para trabajar metal",,,,,,,,,,,,,,,,,,,,,,,,,,,,,,,,,,,,199,,,,,,,,,0,,9,20,,,8,,31,,,,,,,,,,,,,,,,5,2,,,,85,,,,,,,,,,,37,,,,,,,,,,,,,
439956,timor leste import,626,Timor-Leste,8458,"Tornos, incl. los centros de torneado, que operen por arranque de metal",,,,,,,,,,,,,,,,,,,,,,,,,,4,,,,,28,2,1,,,,2,,,,6,0,0,1,0,,,,9,35,,,,,,,,,27,,1,,1,,,,,,1,,,,11,,,,6,,,,,1,,,2,,2,,5,7,1,4,12,,4,16,2,25
439956,timor leste import,626,Timor-Leste,8463,"Máquinas herramienta para trabajar metal, carburos metálicos sinterizados o cermet, sin remover material (exc. ​​Prensas para forjar, doblar, plegar, enderezar y aplanar, cizallas, punzonadoras o entalladoras, prensas y máquinas para trabajar manualmente y máquinas para la fabricación aditiva )",,,,,,,,,,,,,,,,,,,,,,,,5,,,,,,3,,,,1,,,3,,1,,8,,3,,,9,1,,,98,,,1,,,,10,,,,,1,,2,23,,,,,,,5,,,1,,,,,194,2,,,,2,4,1,,,1,,3,1,,1,,1,3
439956,timor leste import,626,Timor-Leste,8466,"Partes y accesorios identificables como destinados, exclusiva o principalmente, a las máquinas de las partidas 8456 a 8465, incl. de trabajo o de herramientas, los titulares de la auto-apertura de dispositivos de roscar, divisores y demás dispositivos especiales para las máquinas, ncop; portaherramientas para cualquier tipo de herramienta para el trabajo en la mano",,,,,,,,,,,,,,,4,102,26,15,,,,,6,,,7,,,,,1,,1,5,2,372,,7,5,,9,9,1,2,18,1,2,4,3,,5,4,11,6,2,4,6,,20,,,22,,,7,,5,30,15,,1,,,1,42,2,15,6,,3,,,2,,,0,,,11,1,2,7,41,,,1,4,
439956,timor leste import,626,Timor-Leste,8469,"Máquinas de escribir, procesadores de textos (exc. máquinas procesadoras de datos automáticas y unidades de lo mismo de la clase 8443 y lasers, impresoras termales y electrosensibles)",,,,,,,,,,,,,,,,,1,,,,,,,,,,,,,2,1,,2,1,,,,1,16,,0,2,0,0,0,,,,,,,,,,,,,,,,,,,,,,,,,,,,,,,,,,,,,,,,,,,,,,,,,,,,,
439956,timor leste import,626,Timor-Leste,8475,"Máquinas para ensamblar lámparas, tubos o válvulas eléctricas o electrónicas o bombillas de destellos, en sobres de vidrio; máquinas para la fabricación o trabajo en caliente de vidrio o artículos de vidrio (exc. ​​hornos y aparatos calefactores para la fabricación de vidrio templado y máquinas para la fabricación aditiva); partes del mismo",,,,,,,,,,,,,,,,,,,,,,,,,,,,,,,,,,,11,18,1,4,1,,,,1,15,10,,,,,3,37,,,,,,,,,,,,2,,,,,,,,,,,,,,,,,,,,,,,,,,,,,,,,7,,,
439956,timor leste import,626,Timor-Leste,8485,Máquinas para fabricación aditiva,,,,,,,,,9,1,,,8,,,,9,,,124,,,,,,,,21,11,,,,,,,,,,,,,,,,,,,,,,,,,,,,,,,,,,,,,,,,,,,,,,,,,,,,,,,,,,,,,,,,,3,,,,
439956,timor leste import,626,Timor-Leste,8487,"Partes de la máquinaria, n.c.o.p. de la clase 84 (exc. partes que contengan conectores electricos, aislantes, rollos, contactos de otros rollos electricos)",,,,,,,,,,,,,,,,,,,,,,,33,,,,,,256,,,,,2,1,145,23,36,38,1,5,2,27,19,47,74,99,83,10,12,54,,11,,16,57,,,,5,8,219,190,14,8,2,1,1,,5,,2,4,7,,27,2,,,1,,,,1,2,,,,1,,1,1,,2,77,1,1,2
439956,timor leste import,626,Timor-Leste,8505,"Electroimanes (exc. los usados en medicina); imanes permanentes y artículos destinados a ser imantados permanentemente; platos, mandriles y dispositivos magnéticos o electromagnéticos simil., de sujeción; acoplamientos, embragues, variadores de velocidad y frenos, electromagnéticos; cabezas elevadoras electromagnéticas; sus partes",,,,,,,,,,,,,,,,,,,,,,,,,,,,,,,,,,,,,4,,4,,0,,0,0,2,0,,,2,,,8,,1,,,,3,5,,1,,3,4,1,2,3,6,1,8,,5,1,4,,,8,,2,1,,8,28,2,9,10,5,,29,18,14,4,1,6,10,2,9,18
439956,timor leste import,626,Timor-Leste,8520,"Magnetófonos y demás aparatos de grabación de sonido, incl. con dispositivo de reproducción de sonido incorporado",,,,,,,,,,,,,,,,,,,,,,,,,,,,,,1,13,11,,,,,,,,,,,,,,,,,,,,,,,,,,,,,,,,,,,,,,,,,,,,,,,,,,,,,,,,,,,,,,,,,,
439956,timor leste import,626,Timor-Leste,8532,"Condensadores eléctricos fijos, variables o ajustables",,,,,,,,,,,,,,,,,,,,,,,,,,,,,,,,,,,,50,,96,301,,0,,0,1,,,,,,,,,,,,,,,,,,15,,2,18,,,8,,,,,,,,,,,,,,0,,,,,1,,,,,,,,89,,,
439956,timor leste import,626,Timor-Leste,8533,"Resistencias eléctricas, incl. los reóstatos y potenciómetros; sus partes (exc. resistencias de calentamiento)",,,,,,,,,,,,,,,,,,0,,,,3,,,,,,,,,3,,,,,,,,,11,,4,,,,,,,,,,,11,,,,,8,10,,15,9,,,,,,,,,,,,,,1,,,0,,,,,,,,15,,,,63,,,,,,,
439956,timor leste import,626,Timor-Leste,8540,"Lámparas, tubos y válvulas de vacío, de vapor o gas, tubos rectificadores de vapor de mercurio, tubos catódicos, tubos y válvulas para cámaras de televisión y demás lámparas, tubos y válvulas electrónicos de cátodo caliente, cátodo frío o fotocátodo; sus partes",,,,,,,,,,,,,,,,,1,,,,,,,,,3,,,42,3,19,19,9,98,3,,1,2,1,,5,3,6,34,3,3,4,2,20,,3,1,,2,11,,,,,,1,,,,,,,,,,,,,,,4,,,,,,,,1,,7,2,,,3,8,4,,,1,3,,3
439956,timor leste import,626,Timor-Leste,8545,"Electrodos y escobillas de carbón, carbón para lámparas o pilas y demás artículos de grafito u otros carbonos, incl. con metal, para usos eléctricos",,,,,,,,,,,,,,,,,,,,,,,,,,,,,,,1,,,,,,1,,,,,0,2,2,2,62,,,,,,,,,4,,,1,,2,,,1,,1,,,1,,,,1,,,,,,,,,,,1,,1,,,,4,2,,3,3,,4,,,
439956,timor leste import,626,Timor-Leste,8549,Desechos y desechos eléctricos y electrónicos,,,,,,,,,,,,,,,,,,,,,,,,,,,,,,,,,,,,,,,,,,,,,,,,,,,,,,,,,,,,,,,,,,,,,,,,,,,,,,,,,52,,1,1,1,1,,,,,,1,6,,1,,1,
439956,timor leste import,626,Timor-Leste,8604,"Vagones taller, vagones grúa, vagones equipados para apisonar balasto, alinear vías, coches para ensayos y vagonetas de inspección de vías y demás vehículos para mantenimiento o servicio de vías férreas o simil., incl. autopropulsados",,,,,,,,,,,,,,,,,,,,,,,,,,,,,,,,,,,,,5,,,,,,,,,,,,,,,,,,,,,,,,,,,,,,,,,,,,,,,,,,,,,,,,,,,,,,,,,,,,,
439956,timor leste import,626,Timor-Leste,8605,"Coches de viajeros, furgones de equipajes, coches correo y demás coches especiales, para vías férreas o simil. (exc. automotores  para vías férreas y tranvías autopropulsados, vehículos para mantenimiento o servicio de vías férreas o simil., así como vagones para transporte de mercancías)",,,,,,,,,,,,,,,,,,,,,,,,,,,,,,,,,,,,,2,,,,,,,,,,,,,,,,,,,,,,,,,,,,,,,,,,,,,,,,,,,,,,,,,,,,,,,,,,,,,
439956,timor leste import,626,Timor-Leste,8606,"Vagones para transporte de mercancías, sobre carriles ""rieles"" (exc. furgones de equipajes y coches correo)",,,,,,,,,,,,,,,,,,,,,,,,,,,,,,,,,,,,,,,9,,,,,,,,,,,,,4,6,2,,,,7,,3,1,,,9,,1,1,1,,1,,,,,,,,,,,1,,,,,,,,10,,,1,,,,,,
439956,timor leste import,626,Timor-Leste,8607,"Partes de vehículos para vías férreas o simil., n.c.o.p.",,,,,,,,,,,,,,,,,,,,,,,,,,,,,,,,,,,,,,,,,,,,,,0,,1,1,,,,,,4,,,,,,,,,,,,,,,,,,,,,,,,,,,,,,,,,,,,,,,,,,,
439956,timor leste import,626,Timor-Leste,8608,"Material fijo de vías férreas o simil. o de aparatos mecánicos (exc. traviesas ""durmientes"" de madera, cemento o acero, carriles ""rieles"" y demás material para vías férreas sin montar, así como material de sobrestructura), incl. electromecánicos, de señalización, seguridad, control o mando de vías férreas o simil., carreteras o vías fluviales, áreas de servicio o estacionamientos, instalaciones portuarias o aeropuertos, n.c.o.p.",,,,,,,,,,,,,,,,,,,,,,,,,,,,,,,,,,,,,,,,,,,,,,,,,,,,12,,,,,,,33,2,,,,,,,,,,,,,,2,1,,,,,,,,,3,3,,,,1,,,1,,,,,,
439956,timor leste import,626,Timor-Leste,8609,"Contenedores, incl. los contenedores cisterna y contenedores depósito, especialmente concebidos y equipados para uno o varios medios de transporte",,,,,,,,,,,,,,,,,,,,,20,,120,10,55,17,,19,24,50,0,11,14,198,,2079,289,101,24,626,72,3,0,,48,,205,2,,20,88,105,95,279,34,146,409,62,33,45,46,54,63,35,33,275,43,41,54,40,961,1816,70,,,,,,,2,19,,13,9,,,,,,1415,1473,1338,1240,1887,1352,1408,1012,420
439956,timor leste import,626,Timor-Leste,8706,"Chasis de tractores, vehículos automóviles para transporte de >= 10 personas, automóviles de turismo y vehículos automóviles para transporte de mercancías o para usos especiales de las partidas 8701 a 8705, equipados con su motor (exc. los dotados de motor y cabina)",,,,,,,,,,,,,,,,,,,,,,,,,11,,,,,,,,,,,,389,199,351,74,159,282,117,102,140,87,109,71,,41,35,35,,,,,,1,36,,6,2,30,,,,,,,,,5,,1,12,,,,,33,,,,,,,,,,,,,,9,,,15,
439956,timor leste import,626,Timor-Leste,8707,"Carrocerías, incl. las cabinas, de tractores, vehículos automóviles para transporte de >= 10 personas, automóviles de turismo, vehículos automóviles para transporte de mercancías o para usos especiales de las partidas 8701 a 8705",,,,,,,,,,,,8,,,,,,,,,,,,,4,,,,,,2,1,1,63,1,1,2,10,4,4,1,3,38,8,,80,2,5,7,1,,2,11,5,7,7,1,25,1,,14,25,4,18,1,15,7,,,8,17,,,,16,2,,1,,,18,,,3,5,6,6,,2,7,,,2,,33,7,58,10
439956,timor leste import,626,Timor-Leste,8709,"Carretillas automóvil sin dispositivo de elevación de los tipos utilizados en fábricas, almacenes, puertos o aeropuertos, para transporte de mercancías a corta distancia; carretillas tractor de los tipos utilizados en las estaciones ferroviarias; sus partes, n.c.o.p.",,,,,,,,,,,,6,,,,,,,,2,,10,,4,,29,,60,42,26,,322,6,20,185,4,105,31,27,89,381,132,230,52,47,72,5,53,,113,4,145,153,18,13,68,179,31,23,47,37,6,19,24,8,36,8,13,4,,,,2,8,1,,14,,,4,17,25,1,17,2,,,,6,37,1,16,21,6,6,11,5,9
439956,timor leste import,626,Timor-Leste,8801,"Globos y dirigibles: planeadores, alas planeadoras y otros aviones sin motor",,,,,,,,,,,,,,,,,,,,,,,,,,,,,,,,,,,,,,,,,,,,0,,,,,,,,,,,,,,,,,,,,,,,,,,,,,,,,,,,,,,,,,,,,,,,,,,,,,,
439956,timor leste import,626,Timor-Leste,8802,"Aeronaves propulsadas ""por ejemplo, helicópteros y aviones"" (exc. las aeronaves no tripuladas de la partida 8806); naves espaciales, incl. satélites y vehículos de lanzamiento de naves espaciales y suborbitales",,,,,,,,,,,,,,,,,,,,,,397,601,,,,,,,,,,,,,59,61,,,,,,,,,,,646,,,,,784,,,,,3987,5632,,,,,,,436,,426,,,437,,2534,,,312,,4,,,,,52,,,,,,,,,,,,,3,,
439956,timor leste import,626,Timor-Leste,8803,"Partes de aeronaves o de vehículos espaciales y sus vehículos de lanzamiento y vehículos suborbitales, n.c.o.p.",,,,,,,,,15,94,59,96,395,32,3,41,54,,7,27,2,75,51,79,73,55,340,214,1187,843,227,82,707,932,103,,1,2,230,38,7,7,24,2777,244,119,604,650,1176,1512,682,2068,2442,748,426,260,497,1688,348,61,777,667,912,2094,637,547,1081,33,97,58,49,720,9148,,,,,1,,,,,,,,,,,,,,,,,,,,
439956,timor leste import,626,Timor-Leste,8805,"Aparatos y dispositivos para lanzamiento de aeronaves, aparatos y dispositivos para aterrizaje en portaaviones y aparatos y dispositivos simil., aparatos de entrenamiento de vuelo, y sus partes, n.c.o.p. (exc. tornos automotores para arranque de planeadores ""parapentes"")",,,,,,,,,,,,,,,,,,,,,,,,,,,,,,,,,,,,,,,,,,,,,,,,,,,121,,,,,,,,,,,,,,61,,,20,,,,,,,,,,,,,,,,,,,,,,,,,,,,,,
439956,timor leste import,626,Timor-Leste,8806,Aviones no tripulados,,,,,,,,,,,,,,,,,,,,,,,,,,,,,,,,,,,,,,,,,,,,,,,,,,,,,,,,,,,,,,,,,,,,,,,,,,,,,,,,,,,,1,2,,,,3,4,1,0,,,,1,39,11
439956,timor leste import,626,Timor-Leste,8901,"Transatlánticos, barcos para excursiones ""de cruceros"", transbordadores, cargueros, gabarras ""barcazas"" y barcos simil. para transporte de personas o mercancías",,,,,,,,,,,,,,,,,,,,,,,,,,,,,58,,,,,,,63321,10,,,,4,3,,,,325,,1053,,,,,,,,500,,,,,,20,,,,380,,,,11,,,44,127,,,260,,,12993,,,1777,8,,,,,,,,1775,1728,,8,,,
439956,timor leste import,626,Timor-Leste,8904,Remolcadores y barcos empujadores,,,,,,,,,,,,,,,,,,,,,,,,,,,,,,,,,,,,,,,,,,,,,,,,,,,,,,,,,,,,,,,,,,,,1001,,,798,,,,,,,,,,,,,,,,,,,,,,,,,,,
439956,timor leste import,626,Timor-Leste,8905,"Barcos faro, barcos bomba, dragas, pontones grúa y demás barcos en los que la navegación sea accesoria en relación con la función principal, así como diques flotantes, plataformas de perforación o explotación, flotantes o sumergibles (exc. barcos de pesca y navíos de guerra)",,,,,,,,,,,,,,,,,,,,,,,,,,,,,,,,,,,,402274,,,,,,,,,4,,,,,,,,,,,,,,,,,,,,,,,31824,290,,11207,,,,,,,,,,,,,,,,,,,,,,,,,,,
439956,timor leste import,626,Timor-Leste,9002,"Lentes, prismas, espejos y demás elementos de óptica de cualquier materia, montados, para instrumentos o aparatos (exc. los de vidrio sin trabajar ópticamente)",,,,,,,,,,,,,,,,,,,,,,,,,,,,6,,,,,,,2,,,8,,134,,0,,0,0,2,,4,3,16,,2,1,,2,,22,6,,,,,,,8,5,,16,,,59,,2,,1,4,4,1,,,,6,,4,,,1,,2,4,,1,9,49,3,1,3,
439956,timor leste import,626,Timor-Leste,9005,"Binoculares, incl. los prismáticos, catalejos, anteojos astronómicos, telescopios ópticos y sus armazones; los demás instrumentos de astronomía y sus armazones (exc. aparatos de radioastronomía y otros instrumentos o aparatos, c.o.p.)",,,,,,,,,,,,,,,,,,,,,,,,,,,0,,,0,22,,,,1,,,,0,,0,50,1,,0,,,7,,5,,,,,1,1,,16,,1,1,,,,,,,,,,,,,6,,,,1,,,,,,,,,,,,3,,,,4,,,,
439956,timor leste import,626,Timor-Leste,9008,"Proyectores de imagen, y ampliadoras y reductoras (excepto cinematográficas)",,,,,,,,,,,7,,29,,,,,,,,22,11,38,12,56,11,90,85,8,,,28,1,10,,,13,,2,,6,6,1,4,,4,24,1,6,,,1,,,1,,4,1,,2,,,13,4,,,,,,,1,,,,,,3,,,,,,,,2,,,,2,1,,2,,,5,,,
439956,timor leste import,626,Timor-Leste,9009,Aparatos de fotocopia por sistema óptico o de contacto y aparatos de termocopia,,,,,,,,,24,8,30,24,30,16,8,8,5,15,23,41,,,,,3,3,10,,,,,2,,,,,,,,,,,,,,,,,,,,,,,,,,,,,,,,,,,,,,,,,,,,,,,,,,,,,,,,,,,,,,,,,,
439956,timor leste import,626,Timor-Leste,9012,"Microscopios de electrones, microscopios de protones y difractógrafos",,,,,,,,,4,,,,,,,,,,,,,,,,,,,,,,1,,,,,,,,,2,,,,,,,,,,,,,,,,,,,,,,,,,,,,,,,,,,,,,,,,1,24,,,,,,,,,,,1,,,,,,
439956,timor leste import,626,Timor-Leste,9013,"Láseres (exc. ​​Diodos láser); otros aparatos e instrumentos ópticos, n.c.o.p. en el capítulo 90",,,,,,,,,,,,,24,,,,,,,,,,,,,19,0,,0,0,,,,,,,,,,,,0,102,0,,93,2,,12,,,,,,,20,,,,152,,,10,,,,,,,,,,,,,84,1,,,,,,,7,,,46,,35,,8,,,,,35,,
439956,timor leste import,626,Timor-Leste,9014,"Brújulas, incl. los compases de navegación; los demás instrumentos y aparatos para navegación (exc. aparatos para radionavegación)",,,,,,,,,,,,,,26,,,,,,,,0,,123,,0,0,0,0,6,121,,,,,52,191,,0,0,0,1,0,,,12,19,11,19,2,50,35,19,126,72,,,195,107,40,148,40,162,84,,8,39,69,,130,,5,,,4,,,,,,2,,1,3,1,65,8,,4,172,455,29,,1,20,4,,
439956,timor leste import,626,Timor-Leste,9029,"Cuentarrevoluciones, contadores de producción, taxímetros, cuentakilómetros, podómetros y demás contadores, velocímetros, tacómetros, estroboscopios (exc. los de las partidas 9014 ó 9015)",,,,,,,,,,,,,,,,,,,,,,,,,,,,,,0,6,,,,,,,,8,17,,0,,1,,,,,,,,,11,1,,,,19,,,,,1,,,,,1,1,,1,1,,1,2,1,,,1,,1,1,,,2,1,8,,,,2,5,2,1,1,2,2,
439956,timor leste import,626,Timor-Leste,9033,"Partes y accesorios para máquinas, aparatos, instrumentos o artículos de este capítulo, n.c.o.p.",,,,,,,,,,,,,,,,,,,,,,,,,,15,,30,,,2,,,3,,,,,,11,,2,,,,,,10,,,,4,12,,2,,2,,,,,,,3,,,30,2,,,,,,,,,,1,5,,2,,,,5,2,10,,15,6,16,39,1,1,1,,,
439956,timor leste import,626,Timor-Leste,9103,"Despertadores y demás relojes de pequeño mecanismo de relojería (exc. relojes de pulsera, bolsillo y relojes simil., así como relojes de tablero de instrumentos y relojes simil.)",,,,,,,,,,,,,,,,,,,,,,,,,,,,,,,,,,,,,,,,,,,0,,,,,,,,,,,,,,,,,,,,,12,,,,2,,,,,,1,,,,,,,,,,,,,,,,,,,,,,,,
439956,timor leste import,626,Timor-Leste,9104,"Relojes de tablero de instrumentos y relojes simil., para automóviles, aeronaves, barcos o demás vehículos",,,,,,,,,,,,,,,,,,,,,,,,,,,,,,,,,,,,,,,,,,,,,,,,,,,,,,,2,,,,,,,,,,,,,,,,,,,,,,,,,,,,,,,,,,,,,,,,,,,
439956,timor leste import,626,Timor-Leste,9107,"Interruptores horarios y demás aparatos que permitan accionar un dispositivo en un momento dado, con mecanismo de relojería o motor sincrónico",,,,,,,,,,,,,,,,,,,,,,,,,,,,,,,,,,3,,,,,,,,,,0,0,1,,,,,,,,,,,,,,,,,,,,,,,,,,,,,,,,,,,14,,,,,,,,,,,,,,2,,,
439956,timor leste import,626,Timor-Leste,9108,Pequeños mecanismos de relojería completos y montados,,,,,,,,,,,,,,,,,,,,,,,,,,,,,,,,,,,,,,,,,,,,,,,,,,,,,,,,,,,,,,,,,,,12,,,,,,,,,,,,,,,,,,,,,,,,,,,,,,,
439956,timor leste import,626,Timor-Leste,9110,"Mecanismos de relojería completos, sin montar o parcialmente montados ""chablons""; mecanismos de relojería incompletos, montados; mecanismos de relojería en blanco ""ébauches""",,,,,,,,,,,,,,,,,,,,,,,,,,,,,,,,,,,,,,,,,,,,,,,,,,17,4,,,,12,,,,,,,,,,,,,,,,,,,,,,,,,,,,,,,,,,,,,,,,,,,
439956,timor leste import,626,Timor-Leste,9114,Partes de aparatos de relojería,,,,,,,,,,,,,,,,,,,,,,,,,,,,,,,,,,,,,,,,,,,,,,,,,,,,,,,,1,,,,,,,,,,,,,,,,,,,,,,,,,,,1,,1,,1,,1,,,1,,,,,,
439956,timor leste import,626,Timor-Leste,9301,"Armas de guerra, incl. pistolas ametralladoras (exc. revólveres, pistolas y armas blancas)",,,,,,,,,,,,,,,,,,,,,,,,,,,0,,,0,,,,,,,,,0,,21,,,,,,,,,,,,,,,,,,,,,,,,,,,,,,,,,,,,,,,,,,,,48,,,,,,371,,,,,,,
439956,timor leste import,626,Timor-Leste,9302,"Revólveres y pistolas (exc. los de las partidas 9303 y 9304, así como pistolas ametralladoras de guerra)",,,,,,,,,,,,,,,,,,,,,,,,,,,,,,,,,,,,,,,,,,,,,,,,,,,,,,,,,,,80,,,,,,,,,,,,,,,,,,,,,,,,,,,,,,,,18,,,,,,,
439956,timor leste import,626,Timor-Leste,9303,"Armas de caza, armas de avancarga, pistolas lanzacohete y demás artefactos concebidos únicamente para lanzar cohetes de señal, pistolas y revólveres de fogueo y de matarife, cañones lanzacabos y demás armas de fuego y artefactos simil. que utilicen la deflagración de la pólvora (exc. revólveres, pistolas y armas de guerra)",,,,,,,,,,,,,7,,6,,,38,,,35,,,,,,,0,0,0,0,,,,,,0,,,,,,56,,113,0,,,,469,,,,,,,,,,,,,,,,,,,,,2,,,,,,,,,,,,,,,,,,,,,,,,,,,
439956,timor leste import,626,Timor-Leste,9304,"Armas largas y pistolas de muelle ""resorte"", aire comprimido o gas, porras y otras armas que no sean de fuego (exc. sables, espadas, bayoneta, lanzas y demás armas blancas)",,,,,,,,,,,,,,,,,,,,,,,16,,,,,,,,,,,,,,,,,,,2,,0,0,,,,,2,,,,2,,,,,,,,21,,,,,,,,,6,,,,,,,,,,87,,,,,,,,,,,63,,,,,,
439956,timor leste import,626,Timor-Leste,9305,"Partes y accesorios de armas y artefactos simil. de las partidas 9301 a 9304, n.c.o.p.",,,,,,,,,,,,,,,,25,,,7,7,,16,,,,,10,,,0,,,,,,,,,,,,,,,,,,30,,13,,,,,,,,,,,,,,,,,,,,,,,,,,,,,,,1,,,8,119,,,,,,,,,,,,,
439956,timor leste import,626,Timor-Leste,9306,"Bombas, granadas, torpedos, minas, misiles, cartuchos y demás municiones y proyectiles, y sus partes, incl. las postas, perdigones y tacos para cartuchos",,,,,,,,,4,2,,71,3,8,,,,,11,,,,,,,3,28,,279,0,,,256,2,,,38,,,,,201,0,,,,,,39,,,,,,,,297,,,,,,,,,,,,,,,,,,,,,,,,,,,,57,,,,103,760,,,,,,,,
439956,timor leste import,626,Timor-Leste,9307,"Sables, espadas, bayonetas, lanzas y demás armas blancas, sus partes y fundas (exc. fundas de metal precioso o chapado de metal precioso ""plaqué"", armas de esgrima con punta embotada, cuchillos y puñales de monte, cuchillos de acampada y demás artículos de cuchillería de la partida 8211, cinturones y artículos simil. de cuero o de materia textil, así como fiadores)",,,,,,,,,,,,,,,,,,,,,,,,,,,,,,,,,,,,,,,,,,,,,,,,,,,,,,,,,,,,,,,,,,,,,,,,,,,,,,,,,,,30,,,,,,,,,,,,,,,
439956,timor leste import,626,Timor-Leste,9501,"Triciclos, patinetes, coches de pedal u otros tuguetes de ruedas concebidos para que se monten los niños; coches y sillas de ruedas para muñecas o muñecos (exc. bicicletas ordinarias con rodamientos de bolas)",,,,,,,,,,,,,,,,,,,,,,,,,,,,,,,1,2,,,,,,,,,,,,,,,,,,,,,,,,,,,,,,,,,,,,,,,,,,,,,,,,,,,,,,,,,,,,,,,,,,
439956,timor leste import,626,Timor-Leste,9502,Muñecas y muñecos que representen solamente seres humanos,,,,,,,,,,,,,,,,,,,,,,,,,,1,,1,,,,,,,,,,,,,,,,,,,,,,,,,,,,,,,,,,,,,,,,,,,,,,,,,,,,,,,,,,,,,,,,,,,,,,
439956,timor leste import,626,Timor-Leste,9601,"Marfil, hueso, concha ""caparazón"" de tortuga, cuerno, asta, coral, nácar y demás materias animales para tallar, trabajadas, y manufacturas de estas materias, incl. las obtenidas por moldeo, n.c.o.p.",,,,,,,,,,,,,,,,,,,,,,,,113,,,,,,,,,,,,1,,,,,,,,,,,,,139,,,,,,,,,,1,,,,,,,,,,,,,,,,,,,,,,,,,,,,,,,,,,,,,,,
439956,timor leste import,626,Timor-Leste,9602,"Materias vegetales o minerales para tallar, trabajadas, y sus manufacturas, n.c.o.p.; manufacturas moldeadas o talladas de cera, parafina, estearina, gomas o resinas naturales o pasta para modelar y demás manufacturas moldeadas o talladas, n.c.o.p.; gelatina sin endurecer trabajada y sus manufacturas, n.c.o.p.",,,,,,,,,,,,,,,,,,,,,,,,,,,,,,,,,,,,,,,,,,,,,12,,,4,16,,,,,,,,,,,,,,,,,,,,,,,,,,,,,,,,,,,,,1,,,,,,,,,,,,
439956,timor leste import,626,Timor-Leste,9604,"Tamices, cedazos y cribas, de mano (exc. simples escurridores)",,,,,,,,,,,,,,,,,,,,,,,,,,,,,,,,,1,,,,,,,1,6,0,0,0,0,0,,,,,,,,,,2,,,,,,,,,,1,,,,,,,1,,,,,,,,,,,1,,1,1,,,1,3,,,,,,,
439956,timor leste import,626,Timor-Leste,9606,"Botones y botones de presión; formas para botones y demás partes de botones o de botones de presión, así como esbozos de botones (exc. gemelos)",,,,,,,,,,,,,,,,,6,,,,,,,,,,,,,,,,,2,,31,17,,,,,21,,,,0,,3,,,1,,,,1,1,3,2,1,12,1,,,,,,,,,,,,,,,,,,,2,,2,1,,,1,,,,24,,,,,11,1,,
439956,timor leste import,626,Timor-Leste,9607,"Cierres de cremallera ""cierres relámpago"" y sus partes",,,,,,,,,,,,,,,,,,,,,25,,,,,,,,,,,,,1,1,1,,,5,,,0,5,0,0,,,,,,,,,,,,,,,,,,,,,,,,,,,1,,,,4,,,,,2,,1,,,1,,,,1,1,,,1,,,,
439956,timor leste import,626,Timor-Leste,9613,"Encendedores y mecheros, incl. mecánicos o eléctricos, y sus partes, n.c.o.p. (exc. las piedras y mechas)",,,,,,,,,,,,,,,,,,,,,,,,,,,,,,,3,4,2,3,2,2,1,29,33,1,6,1,1,49,49,0,,,,25,5,24,,47,66,1,44,,111,51,,123,,145,,,41,,,52,,41,,33,83,,,,45,1,,,,1,29,35,,,40,,,34,306,6,128,95,284,183
439956,timor leste import,626,Timor-Leste,9614,"Pipas, incl. las cazoletas, cigarros y sus partes, n.c.o.p.",,,,,,,,,,,,,,,,,,,,,,,,,,,,,,,,,,,,,,,,,,,,,,,,,,,,,,,,1,,,,,,,,,,,,,37,,,,,,,,,,,,,,,,,,,,,,,,,,,,,
439956,timor leste import,626,Timor-Leste,9701,"Pinturas, p. ej. pinturas al óleo, acuarelas y pasteles y dibujos ejecutados íntegramente a mano (exc. dibujos técnicos y similares de la partida 4906 y manufacturas pintadas o decoradas a mano); collages, mosaicos y placas decorativas similares",,,,,,,,,,,,,,,,,,,,,5,,,,,1,,,,1,1,4,,51,,1,,2,,,1,0,,0,1,1,3,7,2,,4,2,22,,,,0,1,,7,5,1,,1,,,,,,73,,245,,,,,,,19,,,159,,,,,2,,,42,7,,,,,,,
439956,timor leste import,626,Timor-Leste,9702,"Grabados, estampas y litografías originales",,,,,,,,,,,,,,,,,,,1,1,,,,,,,,,,,,,,,,,,,,,,,,,,,,,,,,,,,,,,,,,,,,,,,,,,,,,,,,,,,,,,,,,,,,,,,,,,,,,,
439956,timor leste import,626,Timor-Leste,9705,"Colecciones y especímenes para colecciones de zoología, botánica, mineralogía o anatomía o que tengan interés histórico, arqueológico, paleontológico, etnográfico o numismático",,,,,,,,,,,,,,,,,,,,,,,,,,,,,,,164,,,,,,,,,,,,,,,,,,,,,,,,,,,,,,,,,,,,,,,,,,,,,,,,,,,,,,,,,,,,,,,,,,,
